<?xml version='1.0' encoding='UTF-8' standalone='no'?>
<doxygen xmlns:xsi="http://www.w3.org/2001/XMLSchema-instance" xsi:noNamespaceSchemaLocation="compound.xsd" version="1.8.13">
  <compounddef id="bot_2interface_8h" kind="file" language="C++">
    <compoundname>interface.h</compoundname>
    <includedby refid="bot_2bot_8c" local="yes">bot/bot.c</includedby>
    <includedby refid="bot_2interface_8c" local="yes">bot/interface.c</includedby>
      <sectiondef kind="func">
      <memberdef kind="function" id="bot_2interface_8h_1a267baf8b3887b2e3ce2b4f759cbced6c" prot="public" static="no" const="no" explicit="no" inline="no" virt="non-virtual">
        <type>void</type>
        <definition>void mostra_jogadas</definition>
        <argsstring>(ESTADO *s, FILE *fp)</argsstring>
        <name>mostra_jogadas</name>
        <param>
          <type><ref refid="structESTADO" kindref="compound">ESTADO</ref> *</type>
          <declname>s</declname>
        </param>
        <param>
          <type>FILE *</type>
          <declname>fp</declname>
        </param>
        <briefdescription>
<para>Mostra as jogadas. </para>        </briefdescription>
        <detaileddescription>
<para><parameterlist kind="param"><parameteritem>
<parameternamelist>
<parametername>s</parametername>
</parameternamelist>
<parameterdescription>
<para>Apontador para o estado </para></parameterdescription>
</parameteritem>
<parameteritem>
<parameternamelist>
<parametername>fp</parametername>
</parameternamelist>
<parameterdescription>
<para>Apontador para o ficheiro </para></parameterdescription>
</parameteritem>
</parameterlist>
</para>        </detaileddescription>
        <inbodydescription>
        </inbodydescription>
        <location file="bot/interface.h" line="14" column="1" bodyfile="bot/interface.c" bodystart="26" bodyend="40"/>
      </memberdef>
      <memberdef kind="function" id="bot_2interface_8h_1ab0666ab8d1dc23e2e155c0f992b62de6" prot="public" static="no" const="no" explicit="no" inline="no" virt="non-virtual">
        <type>void</type>
        <definition>void mostrar_tabuleiro</definition>
        <argsstring>(ESTADO s, FILE *fp)</argsstring>
        <name>mostrar_tabuleiro</name>
        <param>
          <type><ref refid="structESTADO" kindref="compound">ESTADO</ref></type>
          <declname>s</declname>
        </param>
        <param>
          <type>FILE *</type>
          <declname>fp</declname>
        </param>
        <briefdescription>
<para>Imprime o tabuleiro. </para>        </briefdescription>
        <detaileddescription>
<para><parameterlist kind="param"><parameteritem>
<parameternamelist>
<parametername>s</parametername>
</parameternamelist>
<parameterdescription>
<para>Estado </para></parameterdescription>
</parameteritem>
<parameteritem>
<parameternamelist>
<parametername>fp</parametername>
</parameternamelist>
<parameterdescription>
<para>Apontador para o ficheiro </para></parameterdescription>
</parameteritem>
</parameterlist>
</para>        </detaileddescription>
        <inbodydescription>
        </inbodydescription>
        <location file="bot/interface.h" line="20" column="1" bodyfile="bot/interface.c" bodystart="9" bodyend="24"/>
      </memberdef>
      <memberdef kind="function" id="bot_2interface_8h_1a24da95ebeede4a540e37790ce8be359b" prot="public" static="no" const="no" explicit="no" inline="no" virt="non-virtual">
        <type>int</type>
        <definition>int interpretador</definition>
        <argsstring>(ESTADO *e)</argsstring>
        <name>interpretador</name>
        <param>
          <type><ref refid="structESTADO" kindref="compound">ESTADO</ref> *</type>
          <declname>e</declname>
        </param>
        <briefdescription>
<para>Interpreta as jogadas feitas pelo jogador. </para>        </briefdescription>
        <detaileddescription>
<para><parameterlist kind="param"><parameteritem>
<parameternamelist>
<parametername>s</parametername>
</parameternamelist>
<parameterdescription>
<para>Apontador para o Estado </para></parameterdescription>
</parameteritem>
</parameterlist>
<simplesect kind="return"><para>Valor que corresponde ao tipo de comportamento que deve ter o Jogo. </para></simplesect>
</para>        </detaileddescription>
        <inbodydescription>
        </inbodydescription>
        <location file="bot/interface.h" line="26" column="1" bodyfile="projeto/interface.c" bodystart="13" bodyend="58"/>
      </memberdef>
      <memberdef kind="function" id="bot_2interface_8h_1ab34663336c22b482b0eadca598fd4bcb" prot="public" static="no" const="no" explicit="no" inline="no" virt="non-virtual">
        <type>void</type>
        <definition>void mostra_prompt</definition>
        <argsstring>(ESTADO *s)</argsstring>
        <name>mostra_prompt</name>
        <param>
          <type><ref refid="structESTADO" kindref="compound">ESTADO</ref> *</type>
          <declname>s</declname>
        </param>
        <briefdescription>
<para>Imprime o prompt. </para>        </briefdescription>
        <detaileddescription>
<para><parameterlist kind="param"><parameteritem>
<parameternamelist>
<parametername>s</parametername>
</parameternamelist>
<parameterdescription>
<para>Apontador para o estado </para></parameterdescription>
</parameteritem>
</parameterlist>
</para>        </detaileddescription>
        <inbodydescription>
        </inbodydescription>
        <location file="bot/interface.h" line="31" column="1" bodyfile="projeto/interface.c" bodystart="93" bodyend="103"/>
      </memberdef>
      <memberdef kind="function" id="bot_2interface_8h_1adbe7c2c3528c083997d14ec6c0a0d8a7" prot="public" static="no" const="no" explicit="no" inline="no" virt="non-virtual">
        <type>void</type>
        <definition>void guarda_ficheiro</definition>
        <argsstring>(ESTADO *e, FILE *fp)</argsstring>
        <name>guarda_ficheiro</name>
        <param>
          <type><ref refid="structESTADO" kindref="compound">ESTADO</ref> *</type>
          <declname>e</declname>
        </param>
        <param>
          <type>FILE *</type>
          <declname>fp</declname>
        </param>
        <briefdescription>
<para>Guarda no ficheiro o Estado do Jogo. </para>        </briefdescription>
        <detaileddescription>
<para><parameterlist kind="param"><parameteritem>
<parameternamelist>
<parametername>e</parametername>
</parameternamelist>
<parameterdescription>
<para>Apontador para o Estado </para></parameterdescription>
</parameteritem>
<parameteritem>
<parameternamelist>
<parametername>fp</parametername>
</parameternamelist>
<parameterdescription>
<para>Apontador para o ficheiro onde se guarda o Estado do Jogo </para></parameterdescription>
</parameteritem>
</parameterlist>
</para>        </detaileddescription>
        <inbodydescription>
        </inbodydescription>
        <location file="bot/interface.h" line="37" column="1" bodyfile="bot/interface.c" bodystart="42" bodyend="46"/>
      </memberdef>
      </sectiondef>
    <briefdescription>
    </briefdescription>
    <detaileddescription>
    </detaileddescription>
    <programlisting>
<codeline lineno="1"></codeline>
<codeline lineno="6"><highlight class="preprocessor">#ifndef<sp/>___INTERFACE_H___</highlight><highlight class="normal"></highlight></codeline>
<codeline lineno="7"><highlight class="normal"></highlight><highlight class="preprocessor">#define<sp/>___INTERFACE_H___</highlight><highlight class="normal"></highlight></codeline>
<codeline lineno="8"><highlight class="normal"></highlight></codeline>
<codeline lineno="14"><highlight class="keywordtype">void</highlight><highlight class="normal"><sp/>mostra_jogadas<sp/>(<ref refid="structESTADO" kindref="compound">ESTADO</ref><sp/>*s,<sp/>FILE<sp/>*fp);</highlight></codeline>
<codeline lineno="20"><highlight class="keywordtype">void</highlight><highlight class="normal"><sp/>mostrar_tabuleiro<sp/>(<ref refid="structESTADO" kindref="compound">ESTADO</ref><sp/>s,<sp/>FILE<sp/>*fp);</highlight></codeline>
<codeline lineno="26"><highlight class="keywordtype">int</highlight><highlight class="normal"><sp/>interpretador(<ref refid="structESTADO" kindref="compound">ESTADO</ref><sp/>*e);</highlight></codeline>
<codeline lineno="31"><highlight class="keywordtype">void</highlight><highlight class="normal"><sp/>mostra_prompt<sp/>(<ref refid="structESTADO" kindref="compound">ESTADO</ref><sp/>*s);</highlight></codeline>
<codeline lineno="37"><highlight class="keywordtype">void</highlight><highlight class="normal"><sp/>guarda_ficheiro<sp/>(<ref refid="structESTADO" kindref="compound">ESTADO</ref><sp/>*e,<sp/>FILE<sp/>*fp);</highlight></codeline>
<codeline lineno="38"><highlight class="normal"></highlight></codeline>
<codeline lineno="39"><highlight class="normal"></highlight><highlight class="preprocessor">#endif</highlight></codeline>
    </programlisting>
    <location file="bot/interface.h"/>
  </compounddef>
</doxygen>
