<?xml version='1.0' encoding='UTF-8' standalone='no'?>
<doxygen xmlns:xsi="http://www.w3.org/2001/XMLSchema-instance" xsi:noNamespaceSchemaLocation="compound.xsd" version="1.8.13">
  <compounddef id="dir_7a9bf4d760dd128c8f8e9b96f7d1bfe5" kind="dir">
    <compoundname>projeto/bot</compoundname>
    <innerfile refid="projeto_2bot_2bot_8c">bot.c</innerfile>
    <innerfile refid="projeto_2bot_2bot_8h">bot.h</innerfile>
    <innerfile refid="projeto_2bot_2dados_8c">dados.c</innerfile>
    <innerfile refid="projeto_2bot_2dados_8h">dados.h</innerfile>
    <innerfile refid="projeto_2bot_2interface_8c">interface.c</innerfile>
    <innerfile refid="projeto_2bot_2interface_8h">interface.h</innerfile>
    <innerfile refid="projeto_2bot_2logica_8c">logica.c</innerfile>
    <innerfile refid="projeto_2bot_2logica_8h">logica.h</innerfile>
    <briefdescription>
    </briefdescription>
    <detaileddescription>
    </detaileddescription>
    <location file="projeto/bot/"/>
  </compounddef>
</doxygen>
