<?xml version='1.0' encoding='UTF-8' standalone='no'?>
<doxygen xmlns:xsi="http://www.w3.org/2001/XMLSchema-instance" xsi:noNamespaceSchemaLocation="compound.xsd" version="1.8.13">
  <compounddef id="lista_8h" kind="file" language="C++">
    <compoundname>lista.h</compoundname>
    <includedby refid="projeto_2interface_8c" local="yes">projeto/interface.c</includedby>
    <includedby refid="lista_8c" local="yes">projeto/lista.c</includedby>
    <includedby refid="projeto_2logica_8c" local="yes">projeto/logica.c</includedby>
    <includedby refid="main_8c" local="yes">projeto/main.c</includedby>
    <innerclass refid="structnodo" prot="public">nodo</innerclass>
      <sectiondef kind="typedef">
      <memberdef kind="typedef" id="lista_8h_1a52609c49b7cb1593ab93deb1e267b70a" prot="public" static="no">
        <type>int</type>
        <definition>typedef int MAPA[8][8]</definition>
        <argsstring>[8][8]</argsstring>
        <name>MAPA</name>
        <briefdescription>
        </briefdescription>
        <detaileddescription>
<para>brief Para calcular as distâncias usamos uma matriz de inteiros, que indicam distâncias ou a casa, conformo o Estado. A essa matriz chamamos MAPA. </para>        </detaileddescription>
        <inbodydescription>
        </inbodydescription>
        <location file="projeto/lista.h" line="13" column="1" bodyfile="projeto/lista.h" bodystart="13" bodyend="-1"/>
      </memberdef>
      <memberdef kind="typedef" id="lista_8h_1ab74c40cea97ab9b24f68471bb1ded1a2" prot="public" static="no">
        <type>struct <ref refid="structnodo" kindref="compound">nodo</ref></type>
        <definition>typedef struct nodo  NODO</definition>
        <argsstring></argsstring>
        <name>NODO</name>
        <briefdescription>
        </briefdescription>
        <detaileddescription>
<para>brief Estrutura de dados para listas </para>        </detaileddescription>
        <inbodydescription>
        </inbodydescription>
        <location file="projeto/lista.h" line="28" column="1"/>
      </memberdef>
      <memberdef kind="typedef" id="lista_8h_1a2ed03b19209dd10718380b31b09a69f5" prot="public" static="no">
        <type>struct <ref refid="structnodo" kindref="compound">nodo</ref> *</type>
        <definition>typedef struct nodo * LISTA</definition>
        <argsstring></argsstring>
        <name>LISTA</name>
        <briefdescription>
        </briefdescription>
        <detaileddescription>
        </detaileddescription>
        <inbodydescription>
        </inbodydescription>
        <location file="projeto/lista.h" line="28" column="1"/>
      </memberdef>
      </sectiondef>
      <sectiondef kind="func">
      <memberdef kind="function" id="lista_8h_1ae3b99323b6f8f35d80bb69ff1a27985e" prot="public" static="no" const="no" explicit="no" inline="no" virt="non-virtual">
        <type><ref refid="structnodo" kindref="compound">LISTA</ref></type>
        <definition>LISTA criar_lista</definition>
        <argsstring>()</argsstring>
        <name>criar_lista</name>
        <briefdescription>
<para>Inicializa a lista, com NULL. </para>        </briefdescription>
        <detaileddescription>
<para><parameterlist kind="param"><parameteritem>
<parameternamelist>
<parametername>e</parametername>
</parameternamelist>
<parameterdescription>
<para>Apontador para o Estado </para></parameterdescription>
</parameteritem>
<parameteritem>
<parameternamelist>
<parametername>c</parametername>
</parameternamelist>
<parameterdescription>
<para>Apontador para o Coordenada </para></parameterdescription>
</parameteritem>
<parameteritem>
<parameternamelist>
<parametername>l</parametername>
</parameternamelist>
<parameterdescription>
<para>Apontador para uma lista </para></parameterdescription>
</parameteritem>
</parameterlist>
</para>        </detaileddescription>
        <inbodydescription>
        </inbodydescription>
        <location file="projeto/lista.h" line="35" column="1" bodyfile="projeto/lista.c" bodystart="15" bodyend="20"/>
      </memberdef>
      <memberdef kind="function" id="lista_8h_1a37ba5fc3cfddb6bc94d4b54b00bc696e" prot="public" static="no" const="no" explicit="no" inline="no" virt="non-virtual">
        <type><ref refid="structnodo" kindref="compound">LISTA</ref></type>
        <definition>LISTA insere_cabeca</definition>
        <argsstring>(LISTA L, void *valor)</argsstring>
        <name>insere_cabeca</name>
        <param>
          <type><ref refid="structnodo" kindref="compound">LISTA</ref></type>
          <declname>L</declname>
        </param>
        <param>
          <type>void *</type>
          <declname>valor</declname>
        </param>
        <briefdescription>
<para>Acrescenta um valor ao início da lista. </para>        </briefdescription>
        <detaileddescription>
<para><parameterlist kind="param"><parameteritem>
<parameternamelist>
<parametername>L</parametername>
</parameternamelist>
<parameterdescription>
<para>Lista à qual serão acrescentados valores </para></parameterdescription>
</parameteritem>
<parameteritem>
<parameternamelist>
<parametername>valor</parametername>
</parameternamelist>
<parameterdescription>
<para>Endereço do valor para acrescentar </para></parameterdescription>
</parameteritem>
</parameterlist>
</para>        </detaileddescription>
        <inbodydescription>
        </inbodydescription>
        <location file="projeto/lista.h" line="41" column="1" bodyfile="projeto/lista.c" bodystart="41" bodyend="50"/>
      </memberdef>
      <memberdef kind="function" id="lista_8h_1abfcb205f3eb670157be0d1221021714b" prot="public" static="no" const="no" explicit="no" inline="no" virt="non-virtual">
        <type>void *</type>
        <definition>void* devolve_cabeca</definition>
        <argsstring>(LISTA L)</argsstring>
        <name>devolve_cabeca</name>
        <param>
          <type><ref refid="structnodo" kindref="compound">LISTA</ref></type>
          <declname>L</declname>
        </param>
        <briefdescription>
        </briefdescription>
        <detaileddescription>
<para>brief Devolve a cabeça da lista <parameterlist kind="param"><parameteritem>
<parameternamelist>
<parametername>L</parametername>
</parameternamelist>
<parameterdescription>
<para>Lista a ver </para></parameterdescription>
</parameteritem>
<parameteritem>
<parameternamelist>
<parametername>valor</parametername>
</parameternamelist>
<parameterdescription>
<para>Apontador para a cabeça da Lista </para></parameterdescription>
</parameteritem>
</parameterlist>
</para>        </detaileddescription>
        <inbodydescription>
        </inbodydescription>
        <location file="projeto/lista.h" line="47" column="1" bodyfile="projeto/lista.c" bodystart="52" bodyend="54"/>
      </memberdef>
      <memberdef kind="function" id="lista_8h_1ad9380152361127432c55c1c6067e05ae" prot="public" static="no" const="no" explicit="no" inline="no" virt="non-virtual">
        <type><ref refid="structnodo" kindref="compound">LISTA</ref></type>
        <definition>LISTA proximo</definition>
        <argsstring>(LISTA L)</argsstring>
        <name>proximo</name>
        <param>
          <type><ref refid="structnodo" kindref="compound">LISTA</ref></type>
          <declname>L</declname>
        </param>
        <briefdescription>
        </briefdescription>
        <detaileddescription>
<para>brief Devolve a cauda da lista <parameterlist kind="param"><parameteritem>
<parameternamelist>
<parametername>L</parametername>
</parameternamelist>
<parameterdescription>
<para>Lista à qual se vai remover a cabeça </para></parameterdescription>
</parameteritem>
</parameterlist>
</para>        </detaileddescription>
        <inbodydescription>
        </inbodydescription>
        <location file="projeto/lista.h" line="52" column="1" bodyfile="projeto/lista.c" bodystart="36" bodyend="38"/>
      </memberdef>
      <memberdef kind="function" id="lista_8h_1a9026a681a68322b5ec7f07137b864cbd" prot="public" static="no" const="no" explicit="no" inline="no" virt="non-virtual">
        <type><ref refid="structnodo" kindref="compound">LISTA</ref></type>
        <definition>LISTA remove_cabeca</definition>
        <argsstring>(LISTA L)</argsstring>
        <name>remove_cabeca</name>
        <param>
          <type><ref refid="structnodo" kindref="compound">LISTA</ref></type>
          <declname>L</declname>
        </param>
        <briefdescription>
        </briefdescription>
        <detaileddescription>
<para>brief Remove a cabeça da lista (libertando o espaço ocupado) e devolve a cauda <parameterlist kind="param"><parameteritem>
<parameternamelist>
<parametername>L</parametername>
</parameternamelist>
<parameterdescription>
<para>Lista na qual se vai retirar a cabeça e libertar espaço </para></parameterdescription>
</parameteritem>
</parameterlist>
</para>        </detaileddescription>
        <inbodydescription>
        </inbodydescription>
        <location file="projeto/lista.h" line="57" column="1" bodyfile="projeto/lista.c" bodystart="22" bodyend="34"/>
      </memberdef>
      <memberdef kind="function" id="lista_8h_1a4c10928f7acaa4e3de3760cea0dfd9c0" prot="public" static="no" const="no" explicit="no" inline="no" virt="non-virtual">
        <type>int</type>
        <definition>int lista_esta_vazia</definition>
        <argsstring>(LISTA L)</argsstring>
        <name>lista_esta_vazia</name>
        <param>
          <type><ref refid="structnodo" kindref="compound">LISTA</ref></type>
          <declname>L</declname>
        </param>
        <briefdescription>
        </briefdescription>
        <detaileddescription>
<para>brief Diz se a Lista está vazia(devolvendo 1) ou não (devolvendo 0) <parameterlist kind="param"><parameteritem>
<parameternamelist>
<parametername>L</parametername>
</parameternamelist>
<parameterdescription>
<para>Lista a verificar se está ou não vazia </para></parameterdescription>
</parameteritem>
</parameterlist>
</para>        </detaileddescription>
        <inbodydescription>
        </inbodydescription>
        <location file="projeto/lista.h" line="62" column="1" bodyfile="projeto/lista.c" bodystart="8" bodyend="13"/>
      </memberdef>
      <memberdef kind="function" id="lista_8h_1abca95c97419c216058988b39d856b93b" prot="public" static="no" const="no" explicit="no" inline="no" virt="non-virtual">
        <type><ref refid="structnodo" kindref="compound">LISTA</ref></type>
        <definition>LISTA criaLista</definition>
        <argsstring>(ESTADO *e)</argsstring>
        <name>criaLista</name>
        <param>
          <type><ref refid="structESTADO" kindref="compound">ESTADO</ref> *</type>
          <declname>e</declname>
        </param>
        <briefdescription>
<para>Cria uma lista com as coordenadas de possiveis jogadas, para posteriormente criar uma heurística. </para>        </briefdescription>
        <detaileddescription>
<para><parameterlist kind="param"><parameteritem>
<parameternamelist>
<parametername>e</parametername>
</parameternamelist>
<parameterdescription>
<para>Apontador para o Estado </para></parameterdescription>
</parameteritem>
</parameterlist>
</para>        </detaileddescription>
        <inbodydescription>
        </inbodydescription>
        <location file="projeto/lista.h" line="67" column="1" bodyfile="projeto/lista.c" bodystart="57" bodyend="74"/>
      </memberdef>
      <memberdef kind="function" id="lista_8h_1a8aad2d21acf3c37bfc5f7b939fe6e290" prot="public" static="no" const="no" explicit="no" inline="no" virt="non-virtual">
        <type>void</type>
        <definition>void adicionarCoordenada</definition>
        <argsstring>(ESTADO *e, COORDENADA *c, LISTA *l)</argsstring>
        <name>adicionarCoordenada</name>
        <param>
          <type><ref refid="structESTADO" kindref="compound">ESTADO</ref> *</type>
          <declname>e</declname>
        </param>
        <param>
          <type><ref refid="structCOORDENADA" kindref="compound">COORDENADA</ref> *</type>
          <declname>c</declname>
        </param>
        <param>
          <type><ref refid="structnodo" kindref="compound">LISTA</ref> *</type>
          <declname>l</declname>
        </param>
        <briefdescription>
<para>Caso a coordenada seja uma jogada válida, adiciona à lista. </para>        </briefdescription>
        <detaileddescription>
<para><parameterlist kind="param"><parameteritem>
<parameternamelist>
<parametername>Apontador</parametername>
</parameternamelist>
<parameterdescription>
<para>para o Estado </para></parameterdescription>
</parameteritem>
<parameteritem>
<parameternamelist>
<parametername>Apontador</parametername>
</parameternamelist>
<parameterdescription>
<para>para a Coordenada </para></parameterdescription>
</parameteritem>
<parameteritem>
<parameternamelist>
<parametername>Apontador</parametername>
</parameternamelist>
<parameterdescription>
<para>para a Lista </para></parameterdescription>
</parameteritem>
</parameterlist>
</para>        </detaileddescription>
        <inbodydescription>
        </inbodydescription>
        <location file="projeto/lista.h" line="74" column="1" bodyfile="projeto/lista.c" bodystart="76" bodyend="81"/>
      </memberdef>
      <memberdef kind="function" id="lista_8h_1a1ba8d733e5338c4787d6802976ada84d" prot="public" static="no" const="no" explicit="no" inline="no" virt="non-virtual">
        <type>int</type>
        <definition>int length</definition>
        <argsstring>(LISTA l)</argsstring>
        <name>length</name>
        <param>
          <type><ref refid="structnodo" kindref="compound">LISTA</ref></type>
          <declname>l</declname>
        </param>
        <briefdescription>
<para>Calcula o tamanho de uma lista. </para>        </briefdescription>
        <detaileddescription>
<para><parameterlist kind="param"><parameteritem>
<parameternamelist>
<parametername>l</parametername>
</parameternamelist>
<parameterdescription>
<para>Lista a que se vai calcular o comprimento </para></parameterdescription>
</parameteritem>
</parameterlist>
<simplesect kind="return"><para>Comprimento da lista. </para></simplesect>
</para>        </detaileddescription>
        <inbodydescription>
        </inbodydescription>
        <location file="projeto/lista.h" line="80" column="1" bodyfile="projeto/lista.c" bodystart="86" bodyend="93"/>
      </memberdef>
      </sectiondef>
    <briefdescription>
    </briefdescription>
    <detaileddescription>
<para>Definição das funções relacionadas com as listas. </para>    </detaileddescription>
    <programlisting>
<codeline lineno="1"></codeline>
<codeline lineno="6"><highlight class="preprocessor">#ifndef<sp/>___LISTA_H___</highlight><highlight class="normal"></highlight></codeline>
<codeline lineno="7"><highlight class="normal"></highlight><highlight class="preprocessor">#define<sp/>___LISTA_H___</highlight><highlight class="normal"></highlight></codeline>
<codeline lineno="8"><highlight class="normal"></highlight></codeline>
<codeline lineno="13" refid="lista_8h_1a52609c49b7cb1593ab93deb1e267b70a" refkind="member"><highlight class="keyword">typedef</highlight><highlight class="normal"><sp/></highlight><highlight class="keywordtype">int</highlight><highlight class="normal"><sp/><ref refid="lista_8h_1a52609c49b7cb1593ab93deb1e267b70a" kindref="member">MAPA</ref>[8][8];</highlight></codeline>
<codeline lineno="14"><highlight class="normal"></highlight></codeline>
<codeline lineno="15"><highlight class="normal"></highlight></codeline>
<codeline lineno="19" refid="structnodo" refkind="compound"><highlight class="keyword">typedef</highlight><highlight class="normal"><sp/></highlight><highlight class="keyword">struct<sp/></highlight><highlight class="normal"><ref refid="structnodo" kindref="compound">nodo</ref><sp/>{</highlight></codeline>
<codeline lineno="21" refid="structnodo_1ab63adcdb83ea1fdcf4fa10f3cafc4a6a" refkind="member"><highlight class="normal"><sp/><sp/><sp/></highlight><highlight class="keywordtype">void</highlight><highlight class="normal"><sp/>*<ref refid="structnodo_1ab63adcdb83ea1fdcf4fa10f3cafc4a6a" kindref="member">valor</ref>;<sp/></highlight></codeline>
<codeline lineno="27" refid="structnodo_1a086547621a7da23b916bbe26e0855308" refkind="member"><highlight class="normal"><sp/><sp/><sp/></highlight><highlight class="keyword">struct<sp/></highlight><highlight class="normal"><ref refid="structnodo" kindref="compound">nodo</ref><sp/>*<ref refid="structnodo_1a086547621a7da23b916bbe26e0855308" kindref="member">prox</ref>;<sp/></highlight></codeline>
<codeline lineno="28"><highlight class="normal">}<sp/><ref refid="lista_8h_1ab74c40cea97ab9b24f68471bb1ded1a2" kindref="member">NODO</ref>,<sp/>*<ref refid="structnodo" kindref="compound">LISTA</ref>;</highlight></codeline>
<codeline lineno="35"><highlight class="normal">LISTA<sp/><ref refid="lista_8h_1ae3b99323b6f8f35d80bb69ff1a27985e" kindref="member">criar_lista</ref>();</highlight></codeline>
<codeline lineno="41"><highlight class="normal">LISTA<sp/><ref refid="lista_8h_1a37ba5fc3cfddb6bc94d4b54b00bc696e" kindref="member">insere_cabeca</ref>(LISTA<sp/>L,<sp/></highlight><highlight class="keywordtype">void</highlight><highlight class="normal"><sp/>*<ref refid="structnodo_1ab63adcdb83ea1fdcf4fa10f3cafc4a6a" kindref="member">valor</ref>);</highlight></codeline>
<codeline lineno="47"><highlight class="keywordtype">void</highlight><highlight class="normal"><sp/>*<ref refid="lista_8h_1abfcb205f3eb670157be0d1221021714b" kindref="member">devolve_cabeca</ref>(LISTA<sp/>L);</highlight></codeline>
<codeline lineno="52"><highlight class="normal">LISTA<sp/><ref refid="lista_8h_1ad9380152361127432c55c1c6067e05ae" kindref="member">proximo</ref>(LISTA<sp/>L);</highlight></codeline>
<codeline lineno="57"><highlight class="normal">LISTA<sp/><ref refid="lista_8h_1a9026a681a68322b5ec7f07137b864cbd" kindref="member">remove_cabeca</ref>(LISTA<sp/>L);</highlight></codeline>
<codeline lineno="62"><highlight class="keywordtype">int</highlight><highlight class="normal"><sp/><ref refid="lista_8h_1a4c10928f7acaa4e3de3760cea0dfd9c0" kindref="member">lista_esta_vazia</ref>(LISTA<sp/>L);</highlight></codeline>
<codeline lineno="67"><highlight class="normal">LISTA<sp/><ref refid="lista_8h_1abca95c97419c216058988b39d856b93b" kindref="member">criaLista</ref><sp/>(<ref refid="structESTADO" kindref="compound">ESTADO</ref><sp/>*e);</highlight></codeline>
<codeline lineno="74"><highlight class="keywordtype">void</highlight><highlight class="normal"><sp/><ref refid="lista_8h_1a8aad2d21acf3c37bfc5f7b939fe6e290" kindref="member">adicionarCoordenada</ref><sp/>(<ref refid="structESTADO" kindref="compound">ESTADO</ref><sp/>*e,<sp/><ref refid="structCOORDENADA" kindref="compound">COORDENADA</ref><sp/>*c,<sp/>LISTA<sp/>*l);</highlight></codeline>
<codeline lineno="80"><highlight class="keywordtype">int</highlight><highlight class="normal"><sp/><ref refid="lista_8h_1a1ba8d733e5338c4787d6802976ada84d" kindref="member">length</ref><sp/>(LISTA<sp/>l);</highlight></codeline>
<codeline lineno="81"><highlight class="normal"></highlight></codeline>
<codeline lineno="82"><highlight class="normal"></highlight></codeline>
<codeline lineno="83"><highlight class="normal"></highlight></codeline>
<codeline lineno="84"><highlight class="normal"></highlight></codeline>
<codeline lineno="85"><highlight class="normal"></highlight><highlight class="preprocessor">#endif</highlight><highlight class="normal"></highlight></codeline>
<codeline lineno="86"><highlight class="normal"></highlight></codeline>
<codeline lineno="87"><highlight class="normal"></highlight></codeline>
<codeline lineno="88"><highlight class="normal"></highlight></codeline>
    </programlisting>
    <location file="projeto/lista.h"/>
  </compounddef>
</doxygen>
