<?xml version='1.0' encoding='UTF-8' standalone='no'?>
<doxygen xmlns:xsi="http://www.w3.org/2001/XMLSchema-instance" xsi:noNamespaceSchemaLocation="compound.xsd" version="1.8.13">
  <compounddef id="main_8c" kind="file" language="C++">
    <compoundname>main.c</compoundname>
    <includes local="no">stdio.h</includes>
    <includes local="no">stdlib.h</includes>
    <includes local="no">math.h</includes>
    <includes local="no">time.h</includes>
    <includes refid="projeto_2dados_8h" local="yes">dados.h</includes>
    <includes refid="lista_8h" local="yes">lista.h</includes>
    <includes refid="projeto_2interface_8h" local="yes">interface.h</includes>
    <includes refid="projeto_2logica_8h" local="yes">logica.h</includes>
    <incdepgraph>
      <node id="124">
        <label>dados.h</label>
        <link refid="projeto_2dados_8h_source"/>
      </node>
      <node id="121">
        <label>stdlib.h</label>
      </node>
      <node id="127">
        <label>logica.h</label>
        <link refid="projeto_2logica_8h_source"/>
      </node>
      <node id="126">
        <label>interface.h</label>
        <link refid="projeto_2interface_8h_source"/>
      </node>
      <node id="123">
        <label>time.h</label>
      </node>
      <node id="122">
        <label>math.h</label>
      </node>
      <node id="125">
        <label>lista.h</label>
        <link refid="lista_8h"/>
      </node>
      <node id="120">
        <label>stdio.h</label>
      </node>
      <node id="119">
        <label>projeto/main.c</label>
        <link refid="main_8c"/>
        <childnode refid="120" relation="include">
        </childnode>
        <childnode refid="121" relation="include">
        </childnode>
        <childnode refid="122" relation="include">
        </childnode>
        <childnode refid="123" relation="include">
        </childnode>
        <childnode refid="124" relation="include">
        </childnode>
        <childnode refid="125" relation="include">
        </childnode>
        <childnode refid="126" relation="include">
        </childnode>
        <childnode refid="127" relation="include">
        </childnode>
      </node>
    </incdepgraph>
      <sectiondef kind="func">
      <memberdef kind="function" id="main_8c_1ae66f6b31b5ad750f1fe042a706a4e3d4" prot="public" static="no" const="no" explicit="no" inline="no" virt="non-virtual">
        <type>int</type>
        <definition>int main</definition>
        <argsstring>()</argsstring>
        <name>main</name>
        <briefdescription>
        </briefdescription>
        <detaileddescription>
        </detaileddescription>
        <inbodydescription>
        </inbodydescription>
        <location file="projeto/main.c" line="10" column="1" bodyfile="projeto/main.c" bodystart="10" bodyend="23"/>
      </memberdef>
      </sectiondef>
    <briefdescription>
    </briefdescription>
    <detaileddescription>
    </detaileddescription>
    <programlisting>
<codeline lineno="1"><highlight class="preprocessor">#include<sp/>&lt;stdio.h&gt;</highlight><highlight class="normal"></highlight></codeline>
<codeline lineno="2"><highlight class="normal"></highlight><highlight class="preprocessor">#include<sp/>&lt;stdlib.h&gt;</highlight><highlight class="normal"></highlight></codeline>
<codeline lineno="3"><highlight class="normal"></highlight><highlight class="preprocessor">#include<sp/>&lt;math.h&gt;</highlight><highlight class="normal"></highlight></codeline>
<codeline lineno="4"><highlight class="normal"></highlight><highlight class="preprocessor">#include<sp/>&lt;time.h&gt;</highlight><highlight class="normal"><sp/></highlight></codeline>
<codeline lineno="5"><highlight class="normal"></highlight><highlight class="preprocessor">#include<sp/>&quot;dados.h&quot;</highlight><highlight class="normal"></highlight></codeline>
<codeline lineno="6"><highlight class="normal"></highlight><highlight class="preprocessor">#include<sp/>&quot;<ref refid="lista_8h" kindref="compound">lista.h</ref>&quot;</highlight><highlight class="normal"></highlight></codeline>
<codeline lineno="7"><highlight class="normal"></highlight><highlight class="preprocessor">#include<sp/>&quot;interface.h&quot;</highlight><highlight class="normal"></highlight></codeline>
<codeline lineno="8"><highlight class="normal"></highlight><highlight class="preprocessor">#include<sp/>&quot;logica.h&quot;</highlight><highlight class="normal"></highlight></codeline>
<codeline lineno="9"><highlight class="normal"></highlight></codeline>
<codeline lineno="10"><highlight class="normal"></highlight><highlight class="keywordtype">int</highlight><highlight class="normal"><sp/>main<sp/>()<sp/>{</highlight></codeline>
<codeline lineno="11"><highlight class="normal"></highlight><highlight class="comment">//<sp/>Define<sp/>o<sp/>estado<sp/>inicial</highlight><highlight class="normal"></highlight></codeline>
<codeline lineno="12"><highlight class="normal"><sp/><sp/><sp/><sp/>srand(time(NULL));</highlight></codeline>
<codeline lineno="13"><highlight class="normal"><sp/><sp/><sp/><sp/></highlight><highlight class="keywordtype">int</highlight><highlight class="normal"><sp/>repetir<sp/>=<sp/>1;</highlight></codeline>
<codeline lineno="14"><highlight class="normal"><sp/><sp/><sp/><sp/><ref refid="structESTADO" kindref="compound">ESTADO</ref><sp/>*e<sp/>=<sp/>inicializar_estado();</highlight></codeline>
<codeline lineno="15"><highlight class="normal"><sp/><sp/><sp/><sp/>mostrar_tabuleiro<sp/>(*e,<sp/>stdout);</highlight></codeline>
<codeline lineno="16"><highlight class="normal"><sp/><sp/><sp/><sp/></highlight><highlight class="keywordflow">while</highlight><highlight class="normal"><sp/>(repetir<sp/>!=<sp/>0)</highlight></codeline>
<codeline lineno="17"><highlight class="normal"><sp/><sp/><sp/><sp/>{</highlight></codeline>
<codeline lineno="18"><highlight class="normal"><sp/><sp/><sp/><sp/>mostra_prompt<sp/>(e);</highlight></codeline>
<codeline lineno="19"><highlight class="normal"><sp/><sp/><sp/><sp/>repetir<sp/>=<sp/>interpretador<sp/>(e);</highlight></codeline>
<codeline lineno="20"><highlight class="normal"><sp/><sp/><sp/><sp/></highlight><highlight class="keywordflow">if</highlight><highlight class="normal"><sp/>(repetir<sp/>==<sp/>0)<sp/></highlight><highlight class="keywordflow">return</highlight><highlight class="normal"><sp/>0;</highlight></codeline>
<codeline lineno="21"><highlight class="normal"><sp/><sp/><sp/><sp/>}</highlight></codeline>
<codeline lineno="22"><highlight class="normal"><sp/><sp/><sp/><sp/></highlight><highlight class="keywordflow">return</highlight><highlight class="normal"><sp/>0;</highlight></codeline>
<codeline lineno="23"><highlight class="normal">}</highlight></codeline>
<codeline lineno="24"><highlight class="normal"></highlight></codeline>
<codeline lineno="25"><highlight class="normal"></highlight></codeline>
    </programlisting>
    <location file="projeto/main.c"/>
  </compounddef>
</doxygen>
