<?xml version='1.0' encoding='UTF-8' standalone='no'?>
<doxygen xmlns:xsi="http://www.w3.org/2001/XMLSchema-instance" xsi:noNamespaceSchemaLocation="compound.xsd" version="1.8.13">
  <compounddef id="md_README" kind="page">
    <compoundname>md_README</compoundname>
    <title>RASTROS-LI2-</title>
    <detaileddescription>
<para><itemizedlist>
<listitem><para>UC : LI2;</para></listitem><listitem><para>TURNO PRÁTICO: PL5;</para></listitem><listitem><para>GRUPO : 1;</para></listitem><listitem><para>ALUNOS:<itemizedlist>
<listitem><para>Diogo Manuel Brito Pires ;</para></listitem><listitem><para>Gonçalo André Rodrigues Soares ;</para></listitem><listitem><para>Miguel Ângelo Machado Martins ; </para></listitem></itemizedlist>
</para></listitem></itemizedlist>
</para>    </detaileddescription>
  </compounddef>
</doxygen>
