<?xml version='1.0' encoding='UTF-8' standalone='no'?>
<doxygen xmlns:xsi="http://www.w3.org/2001/XMLSchema-instance" xsi:noNamespaceSchemaLocation="compound.xsd" version="1.8.13">
  <compounddef id="projeto_2dados_8h" kind="file" language="C++">
    <compoundname>dados.h</compoundname>
    <includedby refid="projeto_2dados_8c" local="yes">projeto/dados.c</includedby>
    <includedby refid="projeto_2interface_8c" local="yes">projeto/interface.c</includedby>
    <includedby refid="lista_8c" local="yes">projeto/lista.c</includedby>
    <includedby refid="projeto_2logica_8c" local="yes">projeto/logica.c</includedby>
    <includedby refid="main_8c" local="yes">projeto/main.c</includedby>
    <innerclass refid="structCOORDENADA" prot="public">COORDENADA</innerclass>
    <innerclass refid="structJOGADA" prot="public">JOGADA</innerclass>
    <innerclass refid="structESTADO" prot="public">ESTADO</innerclass>
      <sectiondef kind="define">
      <memberdef kind="define" id="projeto_2dados_8h_1aa8cecfc5c5c054d2875c03e77b7be15d" prot="public" static="no">
        <name>TRUE</name>
        <initializer>1</initializer>
        <briefdescription>
        </briefdescription>
        <detaileddescription>
<para>brief Número 1 é associado ao valor boleano &quot;True&quot; </para>        </detaileddescription>
        <inbodydescription>
        </inbodydescription>
        <location file="projeto/dados.h" line="12" column="9" bodyfile="projeto/dados.h" bodystart="12" bodyend="-1"/>
      </memberdef>
      <memberdef kind="define" id="projeto_2dados_8h_1aa93f0eb578d23995850d61f7d61c55c1" prot="public" static="no">
        <name>FALSE</name>
        <initializer>0</initializer>
        <briefdescription>
        </briefdescription>
        <detaileddescription>
<para>brief Número 0 é associado ao valor boleano &quot;False&quot; </para>        </detaileddescription>
        <inbodydescription>
        </inbodydescription>
        <location file="projeto/dados.h" line="17" column="9" bodyfile="projeto/dados.h" bodystart="17" bodyend="-1"/>
      </memberdef>
      <memberdef kind="define" id="projeto_2dados_8h_1a392fb874e547e582e9c66a08a1f23326" prot="public" static="no">
        <name>MAX</name>
        <initializer>64</initializer>
        <briefdescription>
        </briefdescription>
        <detaileddescription>
<para>brief Número máximo de peças </para>        </detaileddescription>
        <inbodydescription>
        </inbodydescription>
        <location file="projeto/dados.h" line="22" column="9" bodyfile="projeto/dados.h" bodystart="22" bodyend="-1"/>
      </memberdef>
      </sectiondef>
      <sectiondef kind="enum">
      <memberdef kind="enum" id="projeto_2dados_8h_1aba91601f16d4c485b2d9b8c429f27039" prot="public" static="no">
        <name>CASA</name>
        <enumvalue id="bot_2dados_8h_1aba91601f16d4c485b2d9b8c429f27039ab620e38b0268bee43c7e9a88bd6e73fa" prot="public">
          <name>UM</name>
          <initializer>= &apos;1&apos;</initializer>
          <briefdescription>
          </briefdescription>
          <detaileddescription>
<para>Casa 1 </para>          </detaileddescription>
        </enumvalue>
        <enumvalue id="bot_2dados_8h_1aba91601f16d4c485b2d9b8c429f27039a2bf153109d0c8b96e61bc18d5be7c5da" prot="public">
          <name>DOIS</name>
          <initializer>= &apos;2&apos;</initializer>
          <briefdescription>
          </briefdescription>
          <detaileddescription>
<para>Casa 2 </para>          </detaileddescription>
        </enumvalue>
        <enumvalue id="bot_2dados_8h_1aba91601f16d4c485b2d9b8c429f27039abc711f491a56ec7af7a688be508c5113" prot="public">
          <name>VAZIO</name>
          <initializer>= &apos;.&apos;</initializer>
          <briefdescription>
          </briefdescription>
          <detaileddescription>
<para>Casa vazia </para>          </detaileddescription>
        </enumvalue>
        <enumvalue id="bot_2dados_8h_1aba91601f16d4c485b2d9b8c429f27039ad24485fddec75419fd4a0cc9edda0ca5" prot="public">
          <name>BRANCA</name>
          <initializer>= &apos;*&apos;</initializer>
          <briefdescription>
          </briefdescription>
          <detaileddescription>
<para>Casa atual </para>          </detaileddescription>
        </enumvalue>
        <enumvalue id="bot_2dados_8h_1aba91601f16d4c485b2d9b8c429f27039a007278eb3827d19891b47cdd3ac8846d" prot="public">
          <name>PRETA</name>
          <initializer>= &apos;#&apos;</initializer>
          <briefdescription>
          </briefdescription>
          <detaileddescription>
<para>Casa ocupada(Preta) </para>          </detaileddescription>
        </enumvalue>
        <enumvalue id="projeto_2bot_2dados_8h_1aba91601f16d4c485b2d9b8c429f27039ab620e38b0268bee43c7e9a88bd6e73fa" prot="public">
          <name>UM</name>
          <initializer>= &apos;1&apos;</initializer>
          <briefdescription>
          </briefdescription>
          <detaileddescription>
          </detaileddescription>
        </enumvalue>
        <enumvalue id="projeto_2bot_2dados_8h_1aba91601f16d4c485b2d9b8c429f27039a2bf153109d0c8b96e61bc18d5be7c5da" prot="public">
          <name>DOIS</name>
          <initializer>= &apos;2&apos;</initializer>
          <briefdescription>
          </briefdescription>
          <detaileddescription>
          </detaileddescription>
        </enumvalue>
        <enumvalue id="projeto_2bot_2dados_8h_1aba91601f16d4c485b2d9b8c429f27039abc711f491a56ec7af7a688be508c5113" prot="public">
          <name>VAZIO</name>
          <initializer>= &apos;.&apos;</initializer>
          <briefdescription>
          </briefdescription>
          <detaileddescription>
          </detaileddescription>
        </enumvalue>
        <enumvalue id="projeto_2bot_2dados_8h_1aba91601f16d4c485b2d9b8c429f27039ad24485fddec75419fd4a0cc9edda0ca5" prot="public">
          <name>BRANCA</name>
          <initializer>= &apos;*&apos;</initializer>
          <briefdescription>
          </briefdescription>
          <detaileddescription>
          </detaileddescription>
        </enumvalue>
        <enumvalue id="projeto_2bot_2dados_8h_1aba91601f16d4c485b2d9b8c429f27039a007278eb3827d19891b47cdd3ac8846d" prot="public">
          <name>PRETA</name>
          <initializer>= &apos;#&apos;</initializer>
          <briefdescription>
          </briefdescription>
          <detaileddescription>
          </detaileddescription>
        </enumvalue>
        <enumvalue id="projeto_2dados_8h_1aba91601f16d4c485b2d9b8c429f27039ab620e38b0268bee43c7e9a88bd6e73fa" prot="public">
          <name>UM</name>
          <initializer>= &apos;1&apos;</initializer>
          <briefdescription>
          </briefdescription>
          <detaileddescription>
<para>Casa 1 </para>          </detaileddescription>
        </enumvalue>
        <enumvalue id="projeto_2dados_8h_1aba91601f16d4c485b2d9b8c429f27039a2bf153109d0c8b96e61bc18d5be7c5da" prot="public">
          <name>DOIS</name>
          <initializer>= &apos;2&apos;</initializer>
          <briefdescription>
          </briefdescription>
          <detaileddescription>
<para>Casa 2 </para>          </detaileddescription>
        </enumvalue>
        <enumvalue id="projeto_2dados_8h_1aba91601f16d4c485b2d9b8c429f27039abc711f491a56ec7af7a688be508c5113" prot="public">
          <name>VAZIO</name>
          <initializer>= &apos;.&apos;</initializer>
          <briefdescription>
          </briefdescription>
          <detaileddescription>
<para>Casa vazia </para>          </detaileddescription>
        </enumvalue>
        <enumvalue id="projeto_2dados_8h_1aba91601f16d4c485b2d9b8c429f27039ad24485fddec75419fd4a0cc9edda0ca5" prot="public">
          <name>BRANCA</name>
          <initializer>= &apos;*&apos;</initializer>
          <briefdescription>
          </briefdescription>
          <detaileddescription>
<para>Casa atual </para>          </detaileddescription>
        </enumvalue>
        <enumvalue id="projeto_2dados_8h_1aba91601f16d4c485b2d9b8c429f27039a007278eb3827d19891b47cdd3ac8846d" prot="public">
          <name>PRETA</name>
          <initializer>= &apos;#&apos;</initializer>
          <briefdescription>
          </briefdescription>
          <detaileddescription>
<para>Casa ocupada(Preta) </para>          </detaileddescription>
        </enumvalue>
        <briefdescription>
        </briefdescription>
        <detaileddescription>
<para>brief Tipo de dados para a casa </para>        </detaileddescription>
        <inbodydescription>
        </inbodydescription>
        <location file="projeto/dados.h" line="29" column="1" bodyfile="projeto/dados.h" bodystart="29" bodyend="35"/>
      </memberdef>
      </sectiondef>
      <sectiondef kind="typedef">
      <memberdef kind="typedef" id="projeto_2dados_8h_1a94c221d29a1760f008b7834093259b7d" prot="public" static="no">
        <type><ref refid="structJOGADA" kindref="compound">JOGADA</ref></type>
        <definition>typedef JOGADA JOGADAS[32]</definition>
        <argsstring>[32]</argsstring>
        <name>JOGADAS</name>
        <briefdescription>
        </briefdescription>
        <detaileddescription>
<para>brief Tipo de dados para as jogadas </para>        </detaileddescription>
        <inbodydescription>
        </inbodydescription>
        <location file="projeto/dados.h" line="63" column="1" bodyfile="projeto/dados.h" bodystart="63" bodyend="-1"/>
      </memberdef>
      </sectiondef>
      <sectiondef kind="func">
      <memberdef kind="function" id="projeto_2dados_8h_1a7e0c7e26fb685d9ab501e19b05e6954f" prot="public" static="no" const="no" explicit="no" inline="no" virt="non-virtual">
        <type><ref refid="structESTADO" kindref="compound">ESTADO</ref> *</type>
        <definition>ESTADO* inicializar_estado</definition>
        <argsstring>()</argsstring>
        <name>inicializar_estado</name>
        <briefdescription>
<para>Inicializa o valor do estado Esta função inicializa o valor do estado. Isso implica o tabuleiro ser colocado na posição inicial e todos os campos do estado estarem com o valor por omissão. </para>        </briefdescription>
        <detaileddescription>
<para><simplesect kind="return"><para>O novo estado </para></simplesect>
</para>        </detaileddescription>
        <inbodydescription>
        </inbodydescription>
        <location file="projeto/dados.h" line="84" column="1" bodyfile="bot/dados.c" bodystart="5" bodyend="22"/>
      </memberdef>
      <memberdef kind="function" id="projeto_2dados_8h_1a4ff507f9c0fe1035cf233f4964b1a302" prot="public" static="no" const="no" explicit="no" inline="no" virt="non-virtual">
        <type>void</type>
        <definition>void set_casa</definition>
        <argsstring>(ESTADO *e, COORDENADA c, CASA V)</argsstring>
        <name>set_casa</name>
        <param>
          <type><ref refid="structESTADO" kindref="compound">ESTADO</ref> *</type>
          <declname>e</declname>
        </param>
        <param>
          <type><ref refid="structCOORDENADA" kindref="compound">COORDENADA</ref></type>
          <declname>c</declname>
        </param>
        <param>
          <type>CASA</type>
          <declname>V</declname>
        </param>
        <briefdescription>
<para>Altera a CASA numa dada coordenada. </para>        </briefdescription>
        <detaileddescription>
<para><parameterlist kind="param"><parameteritem>
<parameternamelist>
<parametername>e</parametername>
</parameternamelist>
<parameterdescription>
<para>Apontador para o Estado </para></parameterdescription>
</parameteritem>
<parameteritem>
<parameternamelist>
<parametername>s</parametername>
</parameternamelist>
<parameterdescription>
<para>Apontador para o Coordenada </para></parameterdescription>
</parameteritem>
<parameteritem>
<parameternamelist>
<parametername>V</parametername>
</parameternamelist>
<parameterdescription>
<para>Apontador para o tipo de CASA Novo </para></parameterdescription>
</parameteritem>
</parameterlist>
</para>        </detaileddescription>
        <inbodydescription>
        </inbodydescription>
        <location file="projeto/dados.h" line="91" column="1" bodyfile="bot/dados.c" bodystart="24" bodyend="26"/>
      </memberdef>
      <memberdef kind="function" id="projeto_2dados_8h_1a20acddc30eae79368814d559cce579a9" prot="public" static="no" const="no" explicit="no" inline="no" virt="non-virtual">
        <type>CASA</type>
        <definition>CASA get_casa</definition>
        <argsstring>(ESTADO *e, COORDENADA c)</argsstring>
        <name>get_casa</name>
        <param>
          <type><ref refid="structESTADO" kindref="compound">ESTADO</ref> *</type>
          <declname>e</declname>
        </param>
        <param>
          <type><ref refid="structCOORDENADA" kindref="compound">COORDENADA</ref></type>
          <declname>c</declname>
        </param>
        <briefdescription>
<para>Lê o tipo de casa de uma dada coordenada. </para>        </briefdescription>
        <detaileddescription>
<para><parameterlist kind="param"><parameteritem>
<parameternamelist>
<parametername>e</parametername>
</parameternamelist>
<parameterdescription>
<para>Apontador para o Estado </para></parameterdescription>
</parameteritem>
<parameteritem>
<parameternamelist>
<parametername>c</parametername>
</parameternamelist>
<parameterdescription>
<para>Coordenada para procurar no Estado </para></parameterdescription>
</parameteritem>
</parameterlist>
<simplesect kind="return"><para>CASA da coordenada </para></simplesect>
</para>        </detaileddescription>
        <inbodydescription>
        </inbodydescription>
        <location file="projeto/dados.h" line="98" column="1" bodyfile="bot/dados.c" bodystart="28" bodyend="30"/>
      </memberdef>
      <memberdef kind="function" id="projeto_2dados_8h_1aeaf028852b003f79a705a7968a8ad7e6" prot="public" static="no" const="no" explicit="no" inline="no" virt="non-virtual">
        <type>void</type>
        <definition>void set_ultima_jogada</definition>
        <argsstring>(ESTADO *e, COORDENADA c)</argsstring>
        <name>set_ultima_jogada</name>
        <param>
          <type><ref refid="structESTADO" kindref="compound">ESTADO</ref> *</type>
          <declname>e</declname>
        </param>
        <param>
          <type><ref refid="structCOORDENADA" kindref="compound">COORDENADA</ref></type>
          <declname>c</declname>
        </param>
        <briefdescription>
<para>Lê a última jogada a partir do Estado. </para>        </briefdescription>
        <detaileddescription>
<para><parameterlist kind="param"><parameteritem>
<parameternamelist>
<parametername>e</parametername>
</parameternamelist>
<parameterdescription>
<para>Apontador para o Estado </para></parameterdescription>
</parameteritem>
<parameteritem>
<parameternamelist>
<parametername>c</parametername>
</parameternamelist>
<parameterdescription>
<para>Coordenada para procurar no Estado </para></parameterdescription>
</parameteritem>
</parameterlist>
</para>        </detaileddescription>
        <inbodydescription>
        </inbodydescription>
        <location file="projeto/dados.h" line="104" column="1" bodyfile="bot/dados.c" bodystart="32" bodyend="34"/>
      </memberdef>
      <memberdef kind="function" id="projeto_2dados_8h_1ae89c72e4fa31dcc1eb9ba0fb8ea707e1" prot="public" static="no" const="no" explicit="no" inline="no" virt="non-virtual">
        <type><ref refid="structCOORDENADA" kindref="compound">COORDENADA</ref></type>
        <definition>COORDENADA get_ultima_jogada</definition>
        <argsstring>(ESTADO *e)</argsstring>
        <name>get_ultima_jogada</name>
        <param>
          <type><ref refid="structESTADO" kindref="compound">ESTADO</ref> *</type>
          <declname>e</declname>
        </param>
        <briefdescription>
<para>Lê a Coordenada da última jogada. </para>        </briefdescription>
        <detaileddescription>
<para><parameterlist kind="param"><parameteritem>
<parameternamelist>
<parametername>e</parametername>
</parameternamelist>
<parameterdescription>
<para>Apontador para o Estado </para></parameterdescription>
</parameteritem>
</parameterlist>
<simplesect kind="return"><para><ref refid="structCOORDENADA" kindref="compound">COORDENADA</ref> da última jogada </para></simplesect>
</para>        </detaileddescription>
        <inbodydescription>
        </inbodydescription>
        <location file="projeto/dados.h" line="110" column="1" bodyfile="bot/dados.c" bodystart="36" bodyend="38"/>
      </memberdef>
      <memberdef kind="function" id="projeto_2dados_8h_1ab7e988ba4468e2e908f35d98caa81f19" prot="public" static="no" const="no" explicit="no" inline="no" virt="non-virtual">
        <type>void</type>
        <definition>void set_num_jogadas</definition>
        <argsstring>(ESTADO *e, int n)</argsstring>
        <name>set_num_jogadas</name>
        <param>
          <type><ref refid="structESTADO" kindref="compound">ESTADO</ref> *</type>
          <declname>e</declname>
        </param>
        <param>
          <type>int</type>
          <declname>n</declname>
        </param>
        <briefdescription>
<para>Altera o número de jogadas. </para>        </briefdescription>
        <detaileddescription>
<para><parameterlist kind="param"><parameteritem>
<parameternamelist>
<parametername>e</parametername>
</parameternamelist>
<parameterdescription>
<para>Apontador para o Estado </para></parameterdescription>
</parameteritem>
<parameteritem>
<parameternamelist>
<parametername>n</parametername>
</parameternamelist>
<parameterdescription>
<para>Número para alterar </para></parameterdescription>
</parameteritem>
</parameterlist>
</para>        </detaileddescription>
        <inbodydescription>
        </inbodydescription>
        <location file="projeto/dados.h" line="116" column="1" bodyfile="bot/dados.c" bodystart="40" bodyend="42"/>
      </memberdef>
      <memberdef kind="function" id="projeto_2dados_8h_1adea30d54df73cf866227a6b6bd790827" prot="public" static="no" const="no" explicit="no" inline="no" virt="non-virtual">
        <type>int</type>
        <definition>int get_num_jogadas</definition>
        <argsstring>(ESTADO *e)</argsstring>
        <name>get_num_jogadas</name>
        <param>
          <type><ref refid="structESTADO" kindref="compound">ESTADO</ref> *</type>
          <declname>e</declname>
        </param>
        <briefdescription>
<para>Descobre o número de jogadas. </para>        </briefdescription>
        <detaileddescription>
<para><parameterlist kind="param"><parameteritem>
<parameternamelist>
<parametername>e</parametername>
</parameternamelist>
<parameterdescription>
<para>Apontador para o Estado </para></parameterdescription>
</parameteritem>
</parameterlist>
<simplesect kind="return"><para>Número de jogadas </para></simplesect>
</para>        </detaileddescription>
        <inbodydescription>
        </inbodydescription>
        <location file="projeto/dados.h" line="122" column="1" bodyfile="bot/dados.c" bodystart="44" bodyend="46"/>
      </memberdef>
      <memberdef kind="function" id="projeto_2dados_8h_1af88be1780cf433494c052a1664f6ed49" prot="public" static="no" const="no" explicit="no" inline="no" virt="non-virtual">
        <type>void</type>
        <definition>void set_jogador_atual</definition>
        <argsstring>(ESTADO *e, int n)</argsstring>
        <name>set_jogador_atual</name>
        <param>
          <type><ref refid="structESTADO" kindref="compound">ESTADO</ref> *</type>
          <declname>e</declname>
        </param>
        <param>
          <type>int</type>
          <declname>n</declname>
        </param>
        <briefdescription>
<para>Altera o jogador atual. </para>        </briefdescription>
        <detaileddescription>
<para><parameterlist kind="param"><parameteritem>
<parameternamelist>
<parametername>e</parametername>
</parameternamelist>
<parameterdescription>
<para>Apontador para o Estado </para></parameterdescription>
</parameteritem>
<parameteritem>
<parameternamelist>
<parametername>n</parametername>
</parameternamelist>
<parameterdescription>
<para>Número do novo jogador atual </para></parameterdescription>
</parameteritem>
</parameterlist>
</para>        </detaileddescription>
        <inbodydescription>
        </inbodydescription>
        <location file="projeto/dados.h" line="128" column="1" bodyfile="bot/dados.c" bodystart="48" bodyend="50"/>
      </memberdef>
      <memberdef kind="function" id="projeto_2dados_8h_1ab9c95b014d2e217eae7d081088501963" prot="public" static="no" const="no" explicit="no" inline="no" virt="non-virtual">
        <type>int</type>
        <definition>int get_jogador_atual</definition>
        <argsstring>(ESTADO *e)</argsstring>
        <name>get_jogador_atual</name>
        <param>
          <type><ref refid="structESTADO" kindref="compound">ESTADO</ref> *</type>
          <declname>e</declname>
        </param>
        <briefdescription>
<para>Altera o jogador atual. </para>        </briefdescription>
        <detaileddescription>
<para><parameterlist kind="param"><parameteritem>
<parameternamelist>
<parametername>e</parametername>
</parameternamelist>
<parameterdescription>
<para>Apontador para o Estado </para></parameterdescription>
</parameteritem>
</parameterlist>
<simplesect kind="return"><para>Número do jogador atual </para></simplesect>
</para>        </detaileddescription>
        <inbodydescription>
        </inbodydescription>
        <location file="projeto/dados.h" line="134" column="1" bodyfile="bot/dados.c" bodystart="52" bodyend="54"/>
      </memberdef>
      <memberdef kind="function" id="projeto_2dados_8h_1ab57295e8132be2b2f199d4c99e20de32" prot="public" static="no" const="no" explicit="no" inline="no" virt="non-virtual">
        <type>void</type>
        <definition>void set_jogadas_coordenada</definition>
        <argsstring>(ESTADO *e, int num_jogada, int jogador, COORDENADA c)</argsstring>
        <name>set_jogadas_coordenada</name>
        <param>
          <type><ref refid="structESTADO" kindref="compound">ESTADO</ref> *</type>
          <declname>e</declname>
        </param>
        <param>
          <type>int</type>
          <declname>num_jogada</declname>
        </param>
        <param>
          <type>int</type>
          <declname>jogador</declname>
        </param>
        <param>
          <type><ref refid="structCOORDENADA" kindref="compound">COORDENADA</ref></type>
          <declname>c</declname>
        </param>
        <briefdescription>
<para>Altera a lista de jogadas, numa posição e de um jogador. </para>        </briefdescription>
        <detaileddescription>
<para><parameterlist kind="param"><parameteritem>
<parameternamelist>
<parametername>e</parametername>
</parameternamelist>
<parameterdescription>
<para>Apontador para o Estado </para></parameterdescription>
</parameteritem>
<parameteritem>
<parameternamelist>
<parametername>num_jogada</parametername>
</parameternamelist>
<parameterdescription>
<para>Número da posição que será alterada, no array JOGADAS </para></parameterdescription>
</parameteritem>
<parameteritem>
<parameternamelist>
<parametername>jogador</parametername>
</parameternamelist>
<parameterdescription>
<para>Jogador que será alterado </para></parameterdescription>
</parameteritem>
<parameteritem>
<parameternamelist>
<parametername>c</parametername>
</parameternamelist>
<parameterdescription>
<para>Coordenada para acrescentar na lista </para></parameterdescription>
</parameteritem>
</parameterlist>
</para>        </detaileddescription>
        <inbodydescription>
        </inbodydescription>
        <location file="projeto/dados.h" line="142" column="1" bodyfile="bot/dados.c" bodystart="56" bodyend="59"/>
      </memberdef>
      <memberdef kind="function" id="projeto_2dados_8h_1a966cedd5de36bd82a7cc6bb7ca9cb31e" prot="public" static="no" const="no" explicit="no" inline="no" virt="non-virtual">
        <type>int</type>
        <definition>int coordenadaIgual</definition>
        <argsstring>(COORDENADA a, COORDENADA b)</argsstring>
        <name>coordenadaIgual</name>
        <param>
          <type><ref refid="structCOORDENADA" kindref="compound">COORDENADA</ref></type>
          <declname>a</declname>
        </param>
        <param>
          <type><ref refid="structCOORDENADA" kindref="compound">COORDENADA</ref></type>
          <declname>b</declname>
        </param>
        <briefdescription>
<para>Compara duas coordenadas. </para>        </briefdescription>
        <detaileddescription>
<para><parameterlist kind="param"><parameteritem>
<parameternamelist>
<parametername>a</parametername>
</parameternamelist>
<parameterdescription>
<para>Coordenada </para></parameterdescription>
</parameteritem>
<parameteritem>
<parameternamelist>
<parametername>b</parametername>
</parameternamelist>
<parameterdescription>
<para>Coordenada </para></parameterdescription>
</parameteritem>
</parameterlist>
<simplesect kind="return"><para>TRUE (1) ou FALSE (0), se as coordenadas são iguais ou não </para></simplesect>
</para>        </detaileddescription>
        <inbodydescription>
        </inbodydescription>
        <location file="projeto/dados.h" line="149" column="1" bodyfile="bot/dados.c" bodystart="61" bodyend="64"/>
      </memberdef>
      <memberdef kind="function" id="projeto_2dados_8h_1a42518d7b174b40d7e89cba990accf496" prot="public" static="no" const="no" explicit="no" inline="no" virt="non-virtual">
        <type>void</type>
        <definition>void set_num_comandos</definition>
        <argsstring>(ESTADO *e, int n)</argsstring>
        <name>set_num_comandos</name>
        <param>
          <type><ref refid="structESTADO" kindref="compound">ESTADO</ref> *</type>
          <declname>e</declname>
        </param>
        <param>
          <type>int</type>
          <declname>n</declname>
        </param>
        <briefdescription>
<para>Define o nº.de comandos. </para>        </briefdescription>
        <detaileddescription>
<para><parameterlist kind="param"><parameteritem>
<parameternamelist>
<parametername>e</parametername>
</parameternamelist>
<parameterdescription>
<para>Apontador para o Estado </para></parameterdescription>
</parameteritem>
<parameteritem>
<parameternamelist>
<parametername>n</parametername>
</parameternamelist>
<parameterdescription>
<para>Número de comandos </para></parameterdescription>
</parameteritem>
</parameterlist>
</para>        </detaileddescription>
        <inbodydescription>
        </inbodydescription>
        <location file="projeto/dados.h" line="155" column="1" bodyfile="bot/dados.c" bodystart="66" bodyend="68"/>
      </memberdef>
      <memberdef kind="function" id="projeto_2dados_8h_1a64a0594c35b60d060e44640b60e55bea" prot="public" static="no" const="no" explicit="no" inline="no" virt="non-virtual">
        <type>int</type>
        <definition>int get_num_comandos</definition>
        <argsstring>(ESTADO *e)</argsstring>
        <name>get_num_comandos</name>
        <param>
          <type><ref refid="structESTADO" kindref="compound">ESTADO</ref> *</type>
          <declname>e</declname>
        </param>
        <briefdescription>
<para>Devolve o nº.de comandos. </para>        </briefdescription>
        <detaileddescription>
<para><parameterlist kind="param"><parameteritem>
<parameternamelist>
<parametername>e</parametername>
</parameternamelist>
<parameterdescription>
<para>Apontador para o Estado </para></parameterdescription>
</parameteritem>
</parameterlist>
</para>        </detaileddescription>
        <inbodydescription>
        </inbodydescription>
        <location file="projeto/dados.h" line="160" column="1" bodyfile="bot/dados.c" bodystart="70" bodyend="72"/>
      </memberdef>
      </sectiondef>
    <briefdescription>
    </briefdescription>
    <detaileddescription>
    </detaileddescription>
    <programlisting>
<codeline lineno="1"></codeline>
<codeline lineno="6"><highlight class="preprocessor">#ifndef<sp/>___DADOS_H___</highlight><highlight class="normal"></highlight></codeline>
<codeline lineno="7"><highlight class="normal"></highlight><highlight class="preprocessor">#define<sp/><sp/>___DADOS_H___</highlight><highlight class="normal"></highlight></codeline>
<codeline lineno="8"><highlight class="normal"></highlight></codeline>
<codeline lineno="12"><highlight class="preprocessor">#define<sp/>TRUE<sp/>1</highlight><highlight class="normal"></highlight></codeline>
<codeline lineno="13"><highlight class="normal"></highlight></codeline>
<codeline lineno="17"><highlight class="preprocessor">#define<sp/>FALSE<sp/>0</highlight><highlight class="normal"></highlight></codeline>
<codeline lineno="18"><highlight class="normal"></highlight></codeline>
<codeline lineno="22"><highlight class="preprocessor">#define<sp/>MAX<sp/>64</highlight><highlight class="normal"></highlight></codeline>
<codeline lineno="23"><highlight class="normal"></highlight></codeline>
<codeline lineno="24"><highlight class="normal"></highlight></codeline>
<codeline lineno="25"><highlight class="normal"></highlight></codeline>
<codeline lineno="29"><highlight class="keyword">typedef</highlight><highlight class="normal"><sp/></highlight><highlight class="keyword">enum</highlight><highlight class="normal"><sp/>{</highlight></codeline>
<codeline lineno="30"><highlight class="normal"><sp/><sp/>UM<sp/>=<sp/></highlight><highlight class="charliteral">&apos;1&apos;</highlight><highlight class="normal">,<sp/><sp/><sp/><sp/><sp/></highlight></codeline>
<codeline lineno="31"><highlight class="normal"><sp/><sp/>DOIS<sp/>=<sp/></highlight><highlight class="charliteral">&apos;2&apos;</highlight><highlight class="normal">,<sp/><sp/><sp/></highlight></codeline>
<codeline lineno="32"><highlight class="normal"><sp/><sp/>VAZIO<sp/>=<sp/></highlight><highlight class="charliteral">&apos;.&apos;</highlight><highlight class="normal">,<sp/><sp/></highlight></codeline>
<codeline lineno="33"><highlight class="normal"><sp/><sp/>BRANCA<sp/>=<sp/></highlight><highlight class="charliteral">&apos;*&apos;</highlight><highlight class="normal">,<sp/></highlight></codeline>
<codeline lineno="34"><highlight class="normal"><sp/><sp/>PRETA<sp/>=<sp/></highlight><highlight class="charliteral">&apos;#&apos;</highlight><highlight class="normal"><sp/><sp/><sp/></highlight></codeline>
<codeline lineno="35"><highlight class="normal">}<sp/>CASA;</highlight></codeline>
<codeline lineno="36"><highlight class="normal"></highlight></codeline>
<codeline lineno="37"><highlight class="normal"></highlight></codeline>
<codeline lineno="41"><highlight class="keyword">typedef</highlight><highlight class="normal"><sp/></highlight><highlight class="keyword">struct<sp/></highlight><highlight class="normal">{</highlight></codeline>
<codeline lineno="43"><highlight class="normal"><sp/><sp/><sp/><sp/></highlight><highlight class="keywordtype">int</highlight><highlight class="normal"><sp/>coluna;<sp/></highlight></codeline>
<codeline lineno="44"><highlight class="normal"><sp/><sp/><sp/><sp/></highlight><highlight class="keywordtype">int</highlight><highlight class="normal"><sp/>linha;<sp/><sp/></highlight></codeline>
<codeline lineno="46"><highlight class="normal">}<sp/><ref refid="structCOORDENADA" kindref="compound">COORDENADA</ref>;</highlight></codeline>
<codeline lineno="47"><highlight class="normal"></highlight></codeline>
<codeline lineno="48"><highlight class="normal"></highlight></codeline>
<codeline lineno="52"><highlight class="keyword">typedef</highlight><highlight class="normal"><sp/></highlight><highlight class="keyword">struct<sp/></highlight><highlight class="normal">{</highlight></codeline>
<codeline lineno="54"><highlight class="normal"><sp/><sp/><ref refid="structCOORDENADA" kindref="compound">COORDENADA</ref><sp/>jogador1;<sp/></highlight></codeline>
<codeline lineno="55"><highlight class="normal"><sp/><sp/><ref refid="structCOORDENADA" kindref="compound">COORDENADA</ref><sp/>jogador2;<sp/></highlight></codeline>
<codeline lineno="57"><highlight class="normal">}<sp/><ref refid="structJOGADA" kindref="compound">JOGADA</ref>;</highlight></codeline>
<codeline lineno="58"><highlight class="normal"></highlight></codeline>
<codeline lineno="59"><highlight class="normal"></highlight></codeline>
<codeline lineno="63"><highlight class="keyword">typedef</highlight><highlight class="normal"><sp/><ref refid="structJOGADA" kindref="compound">JOGADA</ref><sp/>JOGADAS[32];</highlight></codeline>
<codeline lineno="64"><highlight class="normal"></highlight></codeline>
<codeline lineno="65"><highlight class="normal"></highlight></codeline>
<codeline lineno="69"><highlight class="keyword">typedef</highlight><highlight class="normal"><sp/></highlight><highlight class="keyword">struct<sp/></highlight><highlight class="normal">{</highlight></codeline>
<codeline lineno="71"><highlight class="normal"><sp/><sp/>CASA<sp/>tab[8][8];<sp/><sp/><sp/><sp/><sp/><sp/><sp/><sp/><sp/><sp/><sp/></highlight></codeline>
<codeline lineno="72"><highlight class="normal"><sp/><sp/>JOGADAS<sp/>jogadas;<sp/><sp/><sp/><sp/><sp/><sp/><sp/><sp/><sp/><sp/></highlight></codeline>
<codeline lineno="73"><highlight class="normal"><sp/><sp/></highlight><highlight class="keywordtype">int</highlight><highlight class="normal"><sp/>num_jogadas;<sp/><sp/><sp/><sp/><sp/><sp/><sp/><sp/><sp/><sp/></highlight></codeline>
<codeline lineno="74"><highlight class="normal"><sp/><sp/></highlight><highlight class="keywordtype">int</highlight><highlight class="normal"><sp/>jogador_atual;<sp/><sp/><sp/><sp/><sp/><sp/><sp/><sp/></highlight></codeline>
<codeline lineno="75"><highlight class="normal"><sp/><sp/></highlight><highlight class="keywordtype">int</highlight><highlight class="normal"><sp/>num_comando;<sp/><sp/><sp/><sp/><sp/><sp/><sp/><sp/><sp/><sp/></highlight></codeline>
<codeline lineno="76"><highlight class="normal"><sp/><sp/><ref refid="structCOORDENADA" kindref="compound">COORDENADA</ref><sp/>ultima_jogada;<sp/></highlight></codeline>
<codeline lineno="78"><highlight class="normal">}<sp/><ref refid="structESTADO" kindref="compound">ESTADO</ref>;</highlight></codeline>
<codeline lineno="84"><highlight class="normal"><ref refid="structESTADO" kindref="compound">ESTADO</ref><sp/>*inicializar_estado();</highlight></codeline>
<codeline lineno="91"><highlight class="keywordtype">void</highlight><highlight class="normal"><sp/>set_casa<sp/>(<ref refid="structESTADO" kindref="compound">ESTADO</ref><sp/>*e,<sp/><ref refid="structCOORDENADA" kindref="compound">COORDENADA</ref><sp/>c,<sp/>CASA<sp/>V);</highlight></codeline>
<codeline lineno="98"><highlight class="normal">CASA<sp/>get_casa<sp/>(<ref refid="structESTADO" kindref="compound">ESTADO</ref><sp/>*e,<sp/><ref refid="structCOORDENADA" kindref="compound">COORDENADA</ref><sp/>c);</highlight></codeline>
<codeline lineno="104"><highlight class="keywordtype">void</highlight><highlight class="normal"><sp/>set_ultima_jogada<sp/>(<ref refid="structESTADO" kindref="compound">ESTADO</ref><sp/>*e,<sp/><ref refid="structCOORDENADA" kindref="compound">COORDENADA</ref><sp/>c);</highlight></codeline>
<codeline lineno="110"><highlight class="normal"><ref refid="structCOORDENADA" kindref="compound">COORDENADA</ref><sp/>get_ultima_jogada<sp/>(<ref refid="structESTADO" kindref="compound">ESTADO</ref><sp/>*e);</highlight></codeline>
<codeline lineno="116"><highlight class="keywordtype">void</highlight><highlight class="normal"><sp/>set_num_jogadas<sp/>(<ref refid="structESTADO" kindref="compound">ESTADO</ref><sp/>*e,<sp/></highlight><highlight class="keywordtype">int</highlight><highlight class="normal"><sp/>n);</highlight></codeline>
<codeline lineno="122"><highlight class="keywordtype">int</highlight><highlight class="normal"><sp/>get_num_jogadas<sp/>(<ref refid="structESTADO" kindref="compound">ESTADO</ref><sp/>*e);</highlight></codeline>
<codeline lineno="128"><highlight class="keywordtype">void</highlight><highlight class="normal"><sp/>set_jogador_atual<sp/>(<ref refid="structESTADO" kindref="compound">ESTADO</ref><sp/>*e,<sp/></highlight><highlight class="keywordtype">int</highlight><highlight class="normal"><sp/>n);</highlight></codeline>
<codeline lineno="134"><highlight class="keywordtype">int</highlight><highlight class="normal"><sp/>get_jogador_atual<sp/>(<ref refid="structESTADO" kindref="compound">ESTADO</ref><sp/>*e);</highlight></codeline>
<codeline lineno="142"><highlight class="keywordtype">void</highlight><highlight class="normal"><sp/>set_jogadas_coordenada<sp/>(<ref refid="structESTADO" kindref="compound">ESTADO</ref><sp/>*e,<sp/></highlight><highlight class="keywordtype">int</highlight><highlight class="normal"><sp/>num_jogada,<sp/></highlight><highlight class="keywordtype">int</highlight><highlight class="normal"><sp/>jogador,<sp/><ref refid="structCOORDENADA" kindref="compound">COORDENADA</ref><sp/>c);</highlight></codeline>
<codeline lineno="149"><highlight class="keywordtype">int</highlight><highlight class="normal"><sp/>coordenadaIgual<sp/>(<ref refid="structCOORDENADA" kindref="compound">COORDENADA</ref><sp/>a,<sp/><ref refid="structCOORDENADA" kindref="compound">COORDENADA</ref><sp/>b);</highlight></codeline>
<codeline lineno="155"><highlight class="keywordtype">void</highlight><highlight class="normal"><sp/>set_num_comandos<sp/>(<ref refid="structESTADO" kindref="compound">ESTADO</ref><sp/>*e,<sp/></highlight><highlight class="keywordtype">int</highlight><highlight class="normal"><sp/>n);</highlight></codeline>
<codeline lineno="160"><highlight class="keywordtype">int</highlight><highlight class="normal"><sp/>get_num_comandos<sp/>(<ref refid="structESTADO" kindref="compound">ESTADO</ref><sp/>*e);</highlight></codeline>
<codeline lineno="161"><highlight class="normal"></highlight></codeline>
<codeline lineno="162"><highlight class="normal"></highlight><highlight class="preprocessor">#endif</highlight><highlight class="normal"></highlight></codeline>
<codeline lineno="163"><highlight class="normal"></highlight></codeline>
<codeline lineno="164"><highlight class="normal"></highlight></codeline>
    </programlisting>
    <location file="projeto/dados.h"/>
  </compounddef>
</doxygen>
