<?xml version='1.0' encoding='UTF-8' standalone='no'?>
<doxygen xmlns:xsi="http://www.w3.org/2001/XMLSchema-instance" xsi:noNamespaceSchemaLocation="compound.xsd" version="1.8.13">
  <compounddef id="projeto_2bot_2interface_8c" kind="file" language="C++">
    <compoundname>interface.c</compoundname>
    <includes local="no">stdio.h</includes>
    <includes local="no">stdlib.h</includes>
    <includes local="no">string.h</includes>
    <includes local="no">math.h</includes>
    <includes refid="projeto_2bot_2dados_8h" local="yes">dados.h</includes>
    <includes refid="projeto_2bot_2logica_8h" local="yes">logica.h</includes>
    <includes refid="projeto_2bot_2interface_8h" local="yes">interface.h</includes>
    <incdepgraph>
      <node id="54">
        <label>stdlib.h</label>
      </node>
      <node id="58">
        <label>logica.h</label>
        <link refid="projeto_2bot_2logica_8h_source"/>
      </node>
      <node id="57">
        <label>dados.h</label>
        <link refid="projeto_2bot_2dados_8h_source"/>
      </node>
      <node id="55">
        <label>string.h</label>
      </node>
      <node id="52">
        <label>projeto/bot/interface.c</label>
        <link refid="projeto_2bot_2interface_8c"/>
        <childnode refid="53" relation="include">
        </childnode>
        <childnode refid="54" relation="include">
        </childnode>
        <childnode refid="55" relation="include">
        </childnode>
        <childnode refid="56" relation="include">
        </childnode>
        <childnode refid="57" relation="include">
        </childnode>
        <childnode refid="58" relation="include">
        </childnode>
        <childnode refid="59" relation="include">
        </childnode>
      </node>
      <node id="59">
        <label>interface.h</label>
        <link refid="projeto_2bot_2interface_8h_source"/>
      </node>
      <node id="56">
        <label>math.h</label>
      </node>
      <node id="53">
        <label>stdio.h</label>
      </node>
    </incdepgraph>
      <sectiondef kind="func">
      <memberdef kind="function" id="projeto_2bot_2interface_8c_1ab0666ab8d1dc23e2e155c0f992b62de6" prot="public" static="no" const="no" explicit="no" inline="no" virt="non-virtual">
        <type>void</type>
        <definition>void mostrar_tabuleiro</definition>
        <argsstring>(ESTADO s, FILE *fp)</argsstring>
        <name>mostrar_tabuleiro</name>
        <param>
          <type><ref refid="structESTADO" kindref="compound">ESTADO</ref></type>
          <declname>s</declname>
        </param>
        <param>
          <type>FILE *</type>
          <declname>fp</declname>
        </param>
        <briefdescription>
<para>Imprime o tabuleiro. </para>        </briefdescription>
        <detaileddescription>
<para><parameterlist kind="param"><parameteritem>
<parameternamelist>
<parametername>s</parametername>
</parameternamelist>
<parameterdescription>
<para>Estado </para></parameterdescription>
</parameteritem>
<parameteritem>
<parameternamelist>
<parametername>fp</parametername>
</parameternamelist>
<parameterdescription>
<para>Apontador para o ficheiro </para></parameterdescription>
</parameteritem>
</parameterlist>
</para>        </detaileddescription>
        <inbodydescription>
        </inbodydescription>
        <location file="projeto/bot/interface.c" line="9" column="1" bodyfile="projeto/bot/interface.c" bodystart="9" bodyend="24"/>
      </memberdef>
      <memberdef kind="function" id="projeto_2bot_2interface_8c_1a267baf8b3887b2e3ce2b4f759cbced6c" prot="public" static="no" const="no" explicit="no" inline="no" virt="non-virtual">
        <type>void</type>
        <definition>void mostra_jogadas</definition>
        <argsstring>(ESTADO *s, FILE *fp)</argsstring>
        <name>mostra_jogadas</name>
        <param>
          <type><ref refid="structESTADO" kindref="compound">ESTADO</ref> *</type>
          <declname>s</declname>
        </param>
        <param>
          <type>FILE *</type>
          <declname>fp</declname>
        </param>
        <briefdescription>
<para>Mostra as jogadas. </para>        </briefdescription>
        <detaileddescription>
<para><parameterlist kind="param"><parameteritem>
<parameternamelist>
<parametername>s</parametername>
</parameternamelist>
<parameterdescription>
<para>Apontador para o estado </para></parameterdescription>
</parameteritem>
<parameteritem>
<parameternamelist>
<parametername>fp</parametername>
</parameternamelist>
<parameterdescription>
<para>Apontador para o ficheiro </para></parameterdescription>
</parameteritem>
</parameterlist>
</para>        </detaileddescription>
        <inbodydescription>
        </inbodydescription>
        <location file="projeto/bot/interface.c" line="26" column="1" bodyfile="projeto/bot/interface.c" bodystart="26" bodyend="40"/>
      </memberdef>
      <memberdef kind="function" id="projeto_2bot_2interface_8c_1adbe7c2c3528c083997d14ec6c0a0d8a7" prot="public" static="no" const="no" explicit="no" inline="no" virt="non-virtual">
        <type>void</type>
        <definition>void guarda_ficheiro</definition>
        <argsstring>(ESTADO *e, FILE *fp)</argsstring>
        <name>guarda_ficheiro</name>
        <param>
          <type><ref refid="structESTADO" kindref="compound">ESTADO</ref> *</type>
          <declname>e</declname>
        </param>
        <param>
          <type>FILE *</type>
          <declname>fp</declname>
        </param>
        <briefdescription>
<para>Guarda no ficheiro o Estado do Jogo. </para>        </briefdescription>
        <detaileddescription>
<para>Guarda um ficheiro com o Tabuleiro e as jogadas.</para><para>Interpreta as jogadas feitas pelo jogador.</para><para><parameterlist kind="param"><parameteritem>
<parameternamelist>
<parametername>e</parametername>
</parameternamelist>
<parameterdescription>
<para>Apontador para o Estado </para></parameterdescription>
</parameteritem>
<parameteritem>
<parameternamelist>
<parametername>fp</parametername>
</parameternamelist>
<parameterdescription>
<para>Apontador para o ficheiro onde se guarda o Estado do Jogo </para></parameterdescription>
</parameteritem>
</parameterlist>
</para>        </detaileddescription>
        <inbodydescription>
        </inbodydescription>
        <location file="projeto/bot/interface.c" line="42" column="1" bodyfile="projeto/bot/interface.c" bodystart="42" bodyend="46"/>
      </memberdef>
      </sectiondef>
    <briefdescription>
    </briefdescription>
    <detaileddescription>
    </detaileddescription>
    <programlisting>
<codeline lineno="1"><highlight class="preprocessor">#include<sp/>&lt;stdio.h&gt;</highlight><highlight class="normal"></highlight></codeline>
<codeline lineno="2"><highlight class="normal"></highlight><highlight class="preprocessor">#include<sp/>&lt;stdlib.h&gt;</highlight><highlight class="normal"></highlight></codeline>
<codeline lineno="3"><highlight class="normal"></highlight><highlight class="preprocessor">#include<sp/>&lt;string.h&gt;</highlight><highlight class="normal"></highlight></codeline>
<codeline lineno="4"><highlight class="normal"></highlight><highlight class="preprocessor">#include<sp/>&lt;math.h&gt;</highlight><highlight class="normal"></highlight></codeline>
<codeline lineno="5"><highlight class="normal"></highlight><highlight class="preprocessor">#include<sp/>&quot;dados.h&quot;</highlight><highlight class="normal"></highlight></codeline>
<codeline lineno="6"><highlight class="normal"></highlight><highlight class="preprocessor">#include<sp/>&quot;logica.h&quot;</highlight><highlight class="normal"></highlight></codeline>
<codeline lineno="7"><highlight class="normal"></highlight><highlight class="preprocessor">#include<sp/>&quot;interface.h&quot;</highlight><highlight class="normal"></highlight></codeline>
<codeline lineno="8"><highlight class="normal"></highlight></codeline>
<codeline lineno="9"><highlight class="normal"></highlight><highlight class="keywordtype">void</highlight><highlight class="normal"><sp/>mostrar_tabuleiro<sp/>(<ref refid="structESTADO" kindref="compound">ESTADO</ref><sp/>s,<sp/>FILE<sp/>*fp)<sp/>{</highlight></codeline>
<codeline lineno="10"><highlight class="normal"><sp/><sp/><sp/><sp/></highlight><highlight class="keywordtype">int</highlight><highlight class="normal"><sp/>i<sp/>=<sp/>0;</highlight></codeline>
<codeline lineno="11"><highlight class="normal"><sp/><sp/><sp/><sp/></highlight><highlight class="keywordtype">int</highlight><highlight class="normal"><sp/>linha;</highlight></codeline>
<codeline lineno="12"><highlight class="normal"><sp/><sp/><sp/><sp/></highlight><highlight class="keywordflow">for</highlight><highlight class="normal"><sp/>(linha<sp/>=<sp/>7;<sp/>linha<sp/>&gt;<sp/>(-1);<sp/>linha--)<sp/>{</highlight></codeline>
<codeline lineno="13"><highlight class="normal"><sp/><sp/><sp/><sp/><sp/><sp/><sp/><sp/></highlight><highlight class="keywordflow">for</highlight><highlight class="normal"><sp/>(i<sp/>=<sp/>0;<sp/>i<sp/>&lt;<sp/>9;<sp/>i++)<sp/>{</highlight></codeline>
<codeline lineno="14"><highlight class="normal"><sp/><sp/><sp/><sp/><sp/><sp/><sp/><sp/><sp/><sp/><sp/><sp/><ref refid="structCOORDENADA" kindref="compound">COORDENADA</ref><sp/>c<sp/>=<sp/>{i,<sp/>linha};</highlight></codeline>
<codeline lineno="15"><highlight class="normal"><sp/><sp/><sp/><sp/><sp/><sp/><sp/><sp/><sp/><sp/><sp/><sp/></highlight><highlight class="keywordflow">if</highlight><highlight class="normal"><sp/>(linha<sp/>==<sp/>0<sp/>&amp;&amp;<sp/>i<sp/>==<sp/>8)<sp/></highlight><highlight class="keywordflow">return</highlight><highlight class="normal">;</highlight></codeline>
<codeline lineno="16"><highlight class="normal"><sp/><sp/><sp/><sp/><sp/><sp/><sp/><sp/><sp/><sp/><sp/><sp/></highlight><highlight class="keywordflow">if</highlight><highlight class="normal"><sp/>(i<sp/>==<sp/>8)<sp/>fputc(</highlight><highlight class="charliteral">&apos;\n&apos;</highlight><highlight class="normal">,<sp/>fp);</highlight></codeline>
<codeline lineno="17"><highlight class="normal"><sp/><sp/><sp/><sp/><sp/><sp/><sp/><sp/><sp/><sp/><sp/><sp/></highlight><highlight class="keywordflow">else</highlight><highlight class="normal"><sp/></highlight><highlight class="keywordflow">if</highlight><highlight class="normal"><sp/>(get_casa<sp/>(&amp;s,<sp/>c)<sp/>==<sp/>DOIS)<sp/>fputc(</highlight><highlight class="charliteral">&apos;2&apos;</highlight><highlight class="normal">,<sp/>fp);</highlight></codeline>
<codeline lineno="18"><highlight class="normal"><sp/><sp/><sp/><sp/><sp/><sp/><sp/><sp/><sp/><sp/><sp/><sp/></highlight><highlight class="keywordflow">else</highlight><highlight class="normal"><sp/></highlight><highlight class="keywordflow">if</highlight><highlight class="normal"><sp/>(get_casa<sp/>(&amp;s,<sp/>c)<sp/>==<sp/>UM)<sp/>fputc(</highlight><highlight class="charliteral">&apos;1&apos;</highlight><highlight class="normal">,<sp/>fp);</highlight></codeline>
<codeline lineno="19"><highlight class="normal"><sp/><sp/><sp/><sp/><sp/><sp/><sp/><sp/><sp/><sp/><sp/><sp/></highlight><highlight class="keywordflow">else</highlight><highlight class="normal"><sp/></highlight><highlight class="keywordflow">if</highlight><highlight class="normal"><sp/>(get_casa<sp/>(&amp;s,<sp/>c)<sp/>==<sp/>BRANCA)<sp/>fputc(</highlight><highlight class="charliteral">&apos;*&apos;</highlight><highlight class="normal">,<sp/>fp);</highlight></codeline>
<codeline lineno="20"><highlight class="normal"><sp/><sp/><sp/><sp/><sp/><sp/><sp/><sp/><sp/><sp/><sp/><sp/></highlight><highlight class="keywordflow">else</highlight><highlight class="normal"><sp/></highlight><highlight class="keywordflow">if</highlight><highlight class="normal"><sp/>(get_casa<sp/>(&amp;s,<sp/>c)<sp/>==<sp/>VAZIO)<sp/>fputc(</highlight><highlight class="charliteral">&apos;.&apos;</highlight><highlight class="normal">,<sp/>fp);</highlight></codeline>
<codeline lineno="21"><highlight class="normal"><sp/><sp/><sp/><sp/><sp/><sp/><sp/><sp/><sp/><sp/><sp/><sp/></highlight><highlight class="keywordflow">else</highlight><highlight class="normal"><sp/>fputc(</highlight><highlight class="charliteral">&apos;#&apos;</highlight><highlight class="normal">,<sp/>fp);<sp/></highlight></codeline>
<codeline lineno="22"><highlight class="normal"><sp/><sp/><sp/><sp/><sp/><sp/><sp/><sp/>}</highlight></codeline>
<codeline lineno="23"><highlight class="normal"><sp/><sp/><sp/><sp/>}</highlight></codeline>
<codeline lineno="24"><highlight class="normal">}</highlight></codeline>
<codeline lineno="25"><highlight class="normal"></highlight></codeline>
<codeline lineno="26"><highlight class="normal"></highlight><highlight class="keywordtype">void</highlight><highlight class="normal"><sp/>mostra_jogadas<sp/>(<ref refid="structESTADO" kindref="compound">ESTADO</ref><sp/>*s,<sp/>FILE<sp/>*fp)<sp/>{<sp/><sp/></highlight><highlight class="comment">//<sp/>Imprime<sp/>a<sp/>lista<sp/>de<sp/>jogadas</highlight><highlight class="normal"></highlight></codeline>
<codeline lineno="27"><highlight class="normal"><sp/><sp/><sp/><sp/></highlight><highlight class="keywordtype">int</highlight><highlight class="normal"><sp/>jogadaNum<sp/>=<sp/>0;</highlight></codeline>
<codeline lineno="28"><highlight class="normal"><sp/><sp/><sp/><sp/></highlight><highlight class="keywordflow">if</highlight><highlight class="normal"><sp/>(get_jogador_atual(s)<sp/>==<sp/>1<sp/>&amp;&amp;<sp/>get_num_jogadas(s)<sp/>==<sp/>0)<sp/></highlight><highlight class="keywordflow">return</highlight><highlight class="normal">;</highlight></codeline>
<codeline lineno="29"><highlight class="normal"><sp/><sp/><sp/><sp/>fputc<sp/>(</highlight><highlight class="charliteral">&apos;\n&apos;</highlight><highlight class="normal">,<sp/>fp);</highlight></codeline>
<codeline lineno="30"><highlight class="normal"><sp/><sp/><sp/><sp/></highlight><highlight class="keywordflow">while</highlight><highlight class="normal"><sp/>(jogadaNum<sp/>&lt;<sp/>(s<sp/>-&gt;<sp/>num_jogadas))<sp/>{</highlight></codeline>
<codeline lineno="31"><highlight class="normal"><sp/><sp/><sp/><sp/><sp/><sp/><sp/><sp/>fprintf<sp/>(fp,<sp/></highlight><highlight class="stringliteral">&quot;\n%02d:<sp/>&quot;</highlight><highlight class="normal">,<sp/>jogadaNum<sp/>+<sp/>1);</highlight></codeline>
<codeline lineno="32"><highlight class="normal"><sp/><sp/><sp/><sp/><sp/><sp/><sp/><sp/>fprintf<sp/>(fp,<sp/></highlight><highlight class="stringliteral">&quot;%c%d<sp/>&quot;</highlight><highlight class="normal">,<sp/></highlight><highlight class="charliteral">&apos;a&apos;</highlight><highlight class="normal"><sp/>+<sp/>(((s<sp/>-&gt;<sp/>jogadas[jogadaNum]).jogador1).coluna)<sp/>,<sp/>(((s<sp/>-&gt;<sp/>jogadas[jogadaNum]).jogador1).linha)<sp/>+<sp/>1);<sp/></highlight></codeline>
<codeline lineno="33"><highlight class="normal"><sp/><sp/><sp/><sp/><sp/><sp/><sp/><sp/>fprintf<sp/>(fp,<sp/></highlight><highlight class="stringliteral">&quot;%c%d&quot;</highlight><highlight class="normal">,<sp/></highlight><highlight class="charliteral">&apos;a&apos;</highlight><highlight class="normal"><sp/>+<sp/>(((s<sp/>-&gt;<sp/>jogadas[jogadaNum]).jogador2).coluna)<sp/>,<sp/>(((s<sp/>-&gt;<sp/>jogadas[jogadaNum]).jogador2).linha)<sp/>+<sp/>1);</highlight></codeline>
<codeline lineno="34"><highlight class="normal"><sp/><sp/><sp/><sp/><sp/><sp/><sp/><sp/>jogadaNum<sp/>++;</highlight></codeline>
<codeline lineno="35"><highlight class="normal"><sp/><sp/><sp/><sp/>}</highlight></codeline>
<codeline lineno="36"><highlight class="normal"><sp/><sp/><sp/><sp/></highlight><highlight class="keywordflow">if</highlight><highlight class="normal"><sp/>((s<sp/>-&gt;<sp/>jogador_atual)<sp/>==<sp/>2)<sp/>{</highlight></codeline>
<codeline lineno="37"><highlight class="normal"><sp/><sp/><sp/><sp/><sp/><sp/><sp/><sp/>fprintf<sp/>(fp,<sp/></highlight><highlight class="stringliteral">&quot;\n%02d:<sp/>&quot;</highlight><highlight class="normal">,<sp/>jogadaNum<sp/>+<sp/>1);</highlight></codeline>
<codeline lineno="38"><highlight class="normal"><sp/><sp/><sp/><sp/><sp/><sp/><sp/><sp/>fprintf<sp/>(fp,<sp/></highlight><highlight class="stringliteral">&quot;%c%d&quot;</highlight><highlight class="normal">,<sp/></highlight><highlight class="charliteral">&apos;a&apos;</highlight><highlight class="normal"><sp/>+<sp/>(((s<sp/>-&gt;<sp/>jogadas[s<sp/>-&gt;<sp/>num_jogadas]).jogador1)<sp/>.coluna),<sp/>(((s<sp/>-&gt;<sp/>jogadas[s<sp/>-&gt;<sp/>num_jogadas]).jogador1)<sp/>.linha)<sp/>+<sp/>1);<sp/></highlight></codeline>
<codeline lineno="39"><highlight class="normal"><sp/><sp/><sp/><sp/>}<sp/><sp/><sp/><sp/><sp/><sp/><sp/><sp/></highlight></codeline>
<codeline lineno="40"><highlight class="normal">}</highlight></codeline>
<codeline lineno="41"><highlight class="normal"></highlight></codeline>
<codeline lineno="42"><highlight class="normal"></highlight><highlight class="keywordtype">void</highlight><highlight class="normal"><sp/>guarda_ficheiro<sp/>(<ref refid="structESTADO" kindref="compound">ESTADO</ref><sp/>*e,<sp/>FILE<sp/>*fp)<sp/>{</highlight></codeline>
<codeline lineno="43"><highlight class="normal"><sp/><sp/><sp/><sp/>mostrar_tabuleiro<sp/>(*e,<sp/>fp);</highlight></codeline>
<codeline lineno="44"><highlight class="normal"><sp/><sp/><sp/><sp/>mostra_jogadas<sp/>(e,<sp/>fp);</highlight></codeline>
<codeline lineno="45"><highlight class="normal"><sp/><sp/><sp/><sp/>fputc<sp/>(</highlight><highlight class="charliteral">&apos;\n&apos;</highlight><highlight class="normal">,<sp/>fp);</highlight></codeline>
<codeline lineno="46"><highlight class="normal">}</highlight></codeline>
<codeline lineno="47"><highlight class="normal"></highlight></codeline>
<codeline lineno="48"><highlight class="normal"></highlight></codeline>
<codeline lineno="49"><highlight class="normal"></highlight></codeline>
    </programlisting>
    <location file="projeto/bot/interface.c"/>
  </compounddef>
</doxygen>
