<?xml version='1.0' encoding='UTF-8' standalone='no'?>
<doxygen xmlns:xsi="http://www.w3.org/2001/XMLSchema-instance" xsi:noNamespaceSchemaLocation="compound.xsd" version="1.8.13">
  <compounddef id="projeto_2interface_8c" kind="file" language="C++">
    <compoundname>interface.c</compoundname>
    <includes local="no">stdio.h</includes>
    <includes local="no">stdlib.h</includes>
    <includes local="no">string.h</includes>
    <includes local="no">math.h</includes>
    <includes local="no">time.h</includes>
    <includes refid="projeto_2dados_8h" local="yes">dados.h</includes>
    <includes refid="lista_8h" local="yes">lista.h</includes>
    <includes refid="projeto_2logica_8h" local="yes">logica.h</includes>
    <includes refid="projeto_2interface_8h" local="yes">interface.h</includes>
    <incdepgraph>
      <node id="67">
        <label>dados.h</label>
        <link refid="projeto_2dados_8h_source"/>
      </node>
      <node id="63">
        <label>stdlib.h</label>
      </node>
      <node id="69">
        <label>logica.h</label>
        <link refid="projeto_2logica_8h_source"/>
      </node>
      <node id="64">
        <label>string.h</label>
      </node>
      <node id="61">
        <label>projeto/interface.c</label>
        <link refid="projeto_2interface_8c"/>
        <childnode refid="62" relation="include">
        </childnode>
        <childnode refid="63" relation="include">
        </childnode>
        <childnode refid="64" relation="include">
        </childnode>
        <childnode refid="65" relation="include">
        </childnode>
        <childnode refid="66" relation="include">
        </childnode>
        <childnode refid="67" relation="include">
        </childnode>
        <childnode refid="68" relation="include">
        </childnode>
        <childnode refid="69" relation="include">
        </childnode>
        <childnode refid="70" relation="include">
        </childnode>
      </node>
      <node id="70">
        <label>interface.h</label>
        <link refid="projeto_2interface_8h_source"/>
      </node>
      <node id="66">
        <label>time.h</label>
      </node>
      <node id="65">
        <label>math.h</label>
      </node>
      <node id="68">
        <label>lista.h</label>
        <link refid="lista_8h"/>
      </node>
      <node id="62">
        <label>stdio.h</label>
      </node>
    </incdepgraph>
      <sectiondef kind="func">
      <memberdef kind="function" id="projeto_2interface_8c_1a24da95ebeede4a540e37790ce8be359b" prot="public" static="no" const="no" explicit="no" inline="no" virt="non-virtual">
        <type>int</type>
        <definition>int interpretador</definition>
        <argsstring>(ESTADO *e)</argsstring>
        <name>interpretador</name>
        <param>
          <type><ref refid="structESTADO" kindref="compound">ESTADO</ref> *</type>
          <declname>e</declname>
        </param>
        <briefdescription>
<para>Interpreta as jogadas feitas pelo jogador. </para>        </briefdescription>
        <detaileddescription>
<para><parameterlist kind="param"><parameteritem>
<parameternamelist>
<parametername>s</parametername>
</parameternamelist>
<parameterdescription>
<para>Apontador para o Estado </para></parameterdescription>
</parameteritem>
</parameterlist>
<simplesect kind="return"><para>Valor que corresponde ao tipo de comportamento que deve ter o Jogo. </para></simplesect>
</para>        </detaileddescription>
        <inbodydescription>
        </inbodydescription>
        <location file="projeto/interface.c" line="13" column="1" bodyfile="projeto/interface.c" bodystart="13" bodyend="58"/>
      </memberdef>
      <memberdef kind="function" id="projeto_2interface_8c_1ab0666ab8d1dc23e2e155c0f992b62de6" prot="public" static="no" const="no" explicit="no" inline="no" virt="non-virtual">
        <type>void</type>
        <definition>void mostrar_tabuleiro</definition>
        <argsstring>(ESTADO s, FILE *fp)</argsstring>
        <name>mostrar_tabuleiro</name>
        <param>
          <type><ref refid="structESTADO" kindref="compound">ESTADO</ref></type>
          <declname>s</declname>
        </param>
        <param>
          <type>FILE *</type>
          <declname>fp</declname>
        </param>
        <briefdescription>
<para>Imprime o tabuleiro. </para>        </briefdescription>
        <detaileddescription>
<para><parameterlist kind="param"><parameteritem>
<parameternamelist>
<parametername>s</parametername>
</parameternamelist>
<parameterdescription>
<para>Estado </para></parameterdescription>
</parameteritem>
<parameteritem>
<parameternamelist>
<parametername>fp</parametername>
</parameternamelist>
<parameterdescription>
<para>Apontador para o ficheiro </para></parameterdescription>
</parameteritem>
</parameterlist>
</para>        </detaileddescription>
        <inbodydescription>
        </inbodydescription>
        <location file="projeto/interface.c" line="61" column="1" bodyfile="projeto/interface.c" bodystart="61" bodyend="74"/>
      </memberdef>
      <memberdef kind="function" id="projeto_2interface_8c_1a267baf8b3887b2e3ce2b4f759cbced6c" prot="public" static="no" const="no" explicit="no" inline="no" virt="non-virtual">
        <type>void</type>
        <definition>void mostra_jogadas</definition>
        <argsstring>(ESTADO *s, FILE *fp)</argsstring>
        <name>mostra_jogadas</name>
        <param>
          <type><ref refid="structESTADO" kindref="compound">ESTADO</ref> *</type>
          <declname>s</declname>
        </param>
        <param>
          <type>FILE *</type>
          <declname>fp</declname>
        </param>
        <briefdescription>
<para>Mostra as jogadas. </para>        </briefdescription>
        <detaileddescription>
<para><parameterlist kind="param"><parameteritem>
<parameternamelist>
<parametername>s</parametername>
</parameternamelist>
<parameterdescription>
<para>Apontador para o estado </para></parameterdescription>
</parameteritem>
<parameteritem>
<parameternamelist>
<parametername>fp</parametername>
</parameternamelist>
<parameterdescription>
<para>Apontador para o ficheiro </para></parameterdescription>
</parameteritem>
</parameterlist>
</para>        </detaileddescription>
        <inbodydescription>
        </inbodydescription>
        <location file="projeto/interface.c" line="76" column="1" bodyfile="projeto/interface.c" bodystart="76" bodyend="90"/>
      </memberdef>
      <memberdef kind="function" id="projeto_2interface_8c_1ab34663336c22b482b0eadca598fd4bcb" prot="public" static="no" const="no" explicit="no" inline="no" virt="non-virtual">
        <type>void</type>
        <definition>void mostra_prompt</definition>
        <argsstring>(ESTADO *s)</argsstring>
        <name>mostra_prompt</name>
        <param>
          <type><ref refid="structESTADO" kindref="compound">ESTADO</ref> *</type>
          <declname>s</declname>
        </param>
        <briefdescription>
<para>Imprime o prompt. </para>        </briefdescription>
        <detaileddescription>
<para><parameterlist kind="param"><parameteritem>
<parameternamelist>
<parametername>s</parametername>
</parameternamelist>
<parameterdescription>
<para>Apontador para o estado </para></parameterdescription>
</parameteritem>
</parameterlist>
</para>        </detaileddescription>
        <inbodydescription>
        </inbodydescription>
        <location file="projeto/interface.c" line="93" column="1" bodyfile="projeto/interface.c" bodystart="93" bodyend="103"/>
      </memberdef>
      <memberdef kind="function" id="projeto_2interface_8c_1adbe7c2c3528c083997d14ec6c0a0d8a7" prot="public" static="no" const="no" explicit="no" inline="no" virt="non-virtual">
        <type>void</type>
        <definition>void guarda_ficheiro</definition>
        <argsstring>(ESTADO *e, FILE *fp)</argsstring>
        <name>guarda_ficheiro</name>
        <param>
          <type><ref refid="structESTADO" kindref="compound">ESTADO</ref> *</type>
          <declname>e</declname>
        </param>
        <param>
          <type>FILE *</type>
          <declname>fp</declname>
        </param>
        <briefdescription>
<para>Guarda no ficheiro o Estado do Jogo. </para>        </briefdescription>
        <detaileddescription>
<para>Guarda um ficheiro com o Tabuleiro e as jogadas.</para><para>Interpreta as jogadas feitas pelo jogador.</para><para><parameterlist kind="param"><parameteritem>
<parameternamelist>
<parametername>e</parametername>
</parameternamelist>
<parameterdescription>
<para>Apontador para o Estado </para></parameterdescription>
</parameteritem>
<parameteritem>
<parameternamelist>
<parametername>fp</parametername>
</parameternamelist>
<parameterdescription>
<para>Apontador para o ficheiro onde se guarda o Estado do Jogo </para></parameterdescription>
</parameteritem>
</parameterlist>
</para>        </detaileddescription>
        <inbodydescription>
        </inbodydescription>
        <location file="projeto/interface.c" line="105" column="1" bodyfile="projeto/interface.c" bodystart="105" bodyend="108"/>
      </memberdef>
      <memberdef kind="function" id="projeto_2interface_8c_1a2d3b14a4d0e7bd04195b0d0d038b825c" prot="public" static="no" const="no" explicit="no" inline="no" virt="non-virtual">
        <type>int</type>
        <definition>int comandoPos</definition>
        <argsstring>(ESTADO *e, int jog)</argsstring>
        <name>comandoPos</name>
        <param>
          <type><ref refid="structESTADO" kindref="compound">ESTADO</ref> *</type>
          <declname>e</declname>
        </param>
        <param>
          <type>int</type>
          <declname>jog</declname>
        </param>
        <briefdescription>
<para>Usado no Interpretador para executar o comando &quot;pos&quot;. </para>        </briefdescription>
        <detaileddescription>
<para><parameterlist kind="param"><parameteritem>
<parameternamelist>
<parametername>e</parametername>
</parameternamelist>
<parameterdescription>
<para>Apontador para o Estado </para></parameterdescription>
</parameteritem>
<parameteritem>
<parameternamelist>
<parametername>jog</parametername>
</parameternamelist>
<parameterdescription>
<para>Número do conjunto de jogadas para as quais se quer retornar </para></parameterdescription>
</parameteritem>
</parameterlist>
<simplesect kind="return"><para>Valor que corresponde ao tipo de comportamento que deve ter o Jogo. </para></simplesect>
</para>        </detaileddescription>
        <inbodydescription>
        </inbodydescription>
        <location file="projeto/interface.c" line="111" column="1" bodyfile="projeto/interface.c" bodystart="111" bodyend="121"/>
      </memberdef>
      <memberdef kind="function" id="projeto_2interface_8c_1a9e531e72ec46548176cae326ecfd7e88" prot="public" static="no" const="no" explicit="no" inline="no" virt="non-virtual">
        <type>int</type>
        <definition>int comandoJogar</definition>
        <argsstring>(ESTADO *e, char *col, char *lin)</argsstring>
        <name>comandoJogar</name>
        <param>
          <type><ref refid="structESTADO" kindref="compound">ESTADO</ref> *</type>
          <declname>e</declname>
        </param>
        <param>
          <type>char *</type>
          <declname>col</declname>
        </param>
        <param>
          <type>char *</type>
          <declname>lin</declname>
        </param>
        <briefdescription>
<para>Usado no Interpretador para executar uma jogada(ex.:&quot;e4&quot;) </para>        </briefdescription>
        <detaileddescription>
<para><parameterlist kind="param"><parameteritem>
<parameternamelist>
<parametername>e</parametername>
</parameternamelist>
<parameterdescription>
<para>Apontador para o Estado </para></parameterdescription>
</parameteritem>
<parameteritem>
<parameternamelist>
<parametername>col</parametername>
</parameternamelist>
<parameterdescription>
<para>Apontador para a coluna onde se vai jogar </para></parameterdescription>
</parameteritem>
<parameteritem>
<parameternamelist>
<parametername>lin</parametername>
</parameternamelist>
<parameterdescription>
<para>Apontador para a linha onde se vai jogar </para></parameterdescription>
</parameteritem>
</parameterlist>
<simplesect kind="return"><para>Valor que corresponde ao tipo de comportamento que deve ter o Jogo. </para></simplesect>
</para>        </detaileddescription>
        <inbodydescription>
        </inbodydescription>
        <location file="projeto/interface.c" line="123" column="1" bodyfile="projeto/interface.c" bodystart="123" bodyend="138"/>
      </memberdef>
      <memberdef kind="function" id="projeto_2interface_8c_1a4dd74e90054f4b44928446afbf6c3c32" prot="public" static="no" const="no" explicit="no" inline="no" virt="non-virtual">
        <type>int</type>
        <definition>int comandoGravar</definition>
        <argsstring>(ESTADO *e, const char *endereco)</argsstring>
        <name>comandoGravar</name>
        <param>
          <type><ref refid="structESTADO" kindref="compound">ESTADO</ref> *</type>
          <declname>e</declname>
        </param>
        <param>
          <type>const char *</type>
          <declname>endereco</declname>
        </param>
        <briefdescription>
<para>Usado no Interpretador para executar o comando &quot;gr&quot;. </para>        </briefdescription>
        <detaileddescription>
<para><parameterlist kind="param"><parameteritem>
<parameternamelist>
<parametername>e</parametername>
</parameternamelist>
<parameterdescription>
<para>Apontador para o Estado </para></parameterdescription>
</parameteritem>
<parameteritem>
<parameternamelist>
<parametername>endereco</parametername>
</parameternamelist>
<parameterdescription>
<para>Apontador para o endero do ficheiro onde se guarda o Estado </para></parameterdescription>
</parameteritem>
</parameterlist>
<simplesect kind="return"><para>Valor que corresponde ao tipo de comportamento que deve ter o Jogo. </para></simplesect>
</para>        </detaileddescription>
        <inbodydescription>
        </inbodydescription>
        <location file="projeto/interface.c" line="140" column="1" bodyfile="projeto/interface.c" bodystart="140" bodyend="161"/>
      </memberdef>
      <memberdef kind="function" id="projeto_2interface_8c_1aabd415fafb94a2d6c7a6d6d6a29979a8" prot="public" static="no" const="no" explicit="no" inline="no" virt="non-virtual">
        <type>int</type>
        <definition>int comandoJog</definition>
        <argsstring>(ESTADO *e)</argsstring>
        <name>comandoJog</name>
        <param>
          <type><ref refid="structESTADO" kindref="compound">ESTADO</ref> *</type>
          <declname>e</declname>
        </param>
        <briefdescription>
<para>Usado no Interpretador para executar o comando &quot;jog&quot;. </para>        </briefdescription>
        <detaileddescription>
<para><parameterlist kind="param"><parameteritem>
<parameternamelist>
<parametername>e</parametername>
</parameternamelist>
<parameterdescription>
<para>Apontador para o Estado </para></parameterdescription>
</parameteritem>
</parameterlist>
<simplesect kind="return"><para>Valor que corresponde ao tipo de comportamento que deve ter o Jogo. </para></simplesect>
</para>        </detaileddescription>
        <inbodydescription>
        </inbodydescription>
        <location file="projeto/interface.c" line="163" column="1" bodyfile="projeto/interface.c" bodystart="163" bodyend="182"/>
      </memberdef>
      <memberdef kind="function" id="projeto_2interface_8c_1a85103aa04ba49e1a5745f371e4763416" prot="public" static="no" const="no" explicit="no" inline="no" virt="non-virtual">
        <type>int</type>
        <definition>int comandoLer</definition>
        <argsstring>(ESTADO *e, const char *endereco)</argsstring>
        <name>comandoLer</name>
        <param>
          <type><ref refid="structESTADO" kindref="compound">ESTADO</ref> *</type>
          <declname>e</declname>
        </param>
        <param>
          <type>const char *</type>
          <declname>endereco</declname>
        </param>
        <briefdescription>
<para>Usado no Interpretador para executar o comando &quot;ler&quot;. </para>        </briefdescription>
        <detaileddescription>
<para><parameterlist kind="param"><parameteritem>
<parameternamelist>
<parametername>e</parametername>
</parameternamelist>
<parameterdescription>
<para>Apontador para o Estado </para></parameterdescription>
</parameteritem>
<parameteritem>
<parameternamelist>
<parametername>endereco</parametername>
</parameternamelist>
<parameterdescription>
<para>Apontador para o endereço do ficheiro a ler </para></parameterdescription>
</parameteritem>
</parameterlist>
<simplesect kind="return"><para>Valor que corresponde ao tipo de comportamento que deve ter o Jogo. </para></simplesect>
</para>        </detaileddescription>
        <inbodydescription>
        </inbodydescription>
        <location file="projeto/interface.c" line="184" column="1" bodyfile="projeto/interface.c" bodystart="184" bodyend="206"/>
      </memberdef>
      <memberdef kind="function" id="projeto_2interface_8c_1af5a824949b633ac90ebf4d370d96cbc2" prot="public" static="no" const="no" explicit="no" inline="no" virt="non-virtual">
        <type>int</type>
        <definition>int comandoJog2</definition>
        <argsstring>(ESTADO *e)</argsstring>
        <name>comandoJog2</name>
        <param>
          <type><ref refid="structESTADO" kindref="compound">ESTADO</ref> *</type>
          <declname>e</declname>
        </param>
        <briefdescription>
<para>Usado no Interpretador para executar o comando &quot;jog2&quot;. </para>        </briefdescription>
        <detaileddescription>
<para><parameterlist kind="param"><parameteritem>
<parameternamelist>
<parametername>e</parametername>
</parameternamelist>
<parameterdescription>
<para>Apontador para o Estado </para></parameterdescription>
</parameteritem>
</parameterlist>
<simplesect kind="return"><para>Valor que corresponde ao tipo de comportamento que deve ter o Jogo. </para></simplesect>
</para>        </detaileddescription>
        <inbodydescription>
        </inbodydescription>
        <location file="projeto/interface.c" line="208" column="1" bodyfile="projeto/interface.c" bodystart="208" bodyend="230"/>
      </memberdef>
      </sectiondef>
    <briefdescription>
    </briefdescription>
    <detaileddescription>
    </detaileddescription>
    <programlisting>
<codeline lineno="1"><highlight class="preprocessor">#include<sp/>&lt;stdio.h&gt;</highlight><highlight class="normal"></highlight></codeline>
<codeline lineno="2"><highlight class="normal"></highlight><highlight class="preprocessor">#include<sp/>&lt;stdlib.h&gt;</highlight><highlight class="normal"></highlight></codeline>
<codeline lineno="3"><highlight class="normal"></highlight><highlight class="preprocessor">#include<sp/>&lt;string.h&gt;</highlight><highlight class="normal"></highlight></codeline>
<codeline lineno="4"><highlight class="normal"></highlight><highlight class="preprocessor">#include<sp/>&lt;math.h&gt;</highlight><highlight class="normal"></highlight></codeline>
<codeline lineno="5"><highlight class="normal"></highlight><highlight class="preprocessor">#include<sp/>&lt;time.h&gt;</highlight><highlight class="normal"><sp/></highlight></codeline>
<codeline lineno="6"><highlight class="normal"></highlight><highlight class="preprocessor">#include<sp/>&quot;dados.h&quot;</highlight><highlight class="normal"></highlight></codeline>
<codeline lineno="7"><highlight class="normal"></highlight><highlight class="preprocessor">#include<sp/>&quot;<ref refid="lista_8h" kindref="compound">lista.h</ref>&quot;</highlight><highlight class="normal"></highlight></codeline>
<codeline lineno="8"><highlight class="normal"></highlight><highlight class="preprocessor">#include<sp/>&quot;logica.h&quot;</highlight><highlight class="normal"></highlight></codeline>
<codeline lineno="9"><highlight class="normal"></highlight><highlight class="preprocessor">#include<sp/>&quot;interface.h&quot;</highlight><highlight class="normal"></highlight></codeline>
<codeline lineno="10"><highlight class="normal"></highlight></codeline>
<codeline lineno="11"><highlight class="normal"></highlight><highlight class="comment">//<sp/>IGNORA:<sp/>-1<sp/>;<sp/>ACABA:<sp/>0;<sp/>CONTINUA:<sp/>+1;</highlight><highlight class="normal"></highlight></codeline>
<codeline lineno="12"><highlight class="normal"></highlight></codeline>
<codeline lineno="13"><highlight class="normal"></highlight><highlight class="keywordtype">int</highlight><highlight class="normal"><sp/>interpretador(<ref refid="structESTADO" kindref="compound">ESTADO</ref><sp/>*e)<sp/>{</highlight></codeline>
<codeline lineno="14"><highlight class="normal"><sp/><sp/><sp/><sp/></highlight><highlight class="keywordtype">char</highlight><highlight class="normal"><sp/>input[BUF_SIZE];</highlight></codeline>
<codeline lineno="15"><highlight class="normal"><sp/><sp/><sp/><sp/></highlight><highlight class="keywordtype">char</highlight><highlight class="normal"><sp/>col[2],<sp/>lin[2];</highlight></codeline>
<codeline lineno="16"><highlight class="normal"><sp/><sp/><sp/><sp/></highlight><highlight class="keywordtype">char</highlight><highlight class="normal"><sp/>endereco[BUF_SIZE];<sp/></highlight></codeline>
<codeline lineno="17"><highlight class="normal"><sp/><sp/><sp/><sp/></highlight><highlight class="keywordtype">int</highlight><highlight class="normal"><sp/>jog<sp/>=<sp/>0;</highlight></codeline>
<codeline lineno="18"><highlight class="normal"><sp/><sp/><sp/><sp/>printf<sp/>(</highlight><highlight class="stringliteral">&quot;&gt;&gt;&quot;</highlight><highlight class="normal">);</highlight></codeline>
<codeline lineno="19"><highlight class="normal"><sp/><sp/><sp/><sp/></highlight></codeline>
<codeline lineno="20"><highlight class="normal"><sp/><sp/><sp/><sp/></highlight><highlight class="keywordflow">if</highlight><highlight class="normal"><sp/>(fgets(input,<sp/>BUF_SIZE,<sp/>stdin)<sp/>==<sp/>NULL)<sp/></highlight><highlight class="keywordflow">return</highlight><highlight class="normal"><sp/>-1;</highlight></codeline>
<codeline lineno="21"><highlight class="normal"></highlight></codeline>
<codeline lineno="22"><highlight class="normal"><sp/><sp/><sp/><sp/></highlight><highlight class="keywordflow">if</highlight><highlight class="normal"><sp/>(strlen(input)<sp/>==<sp/>3<sp/>&amp;&amp;<sp/>sscanf(input,<sp/></highlight><highlight class="stringliteral">&quot;%[a-h]%[1-8]&quot;</highlight><highlight class="normal">,<sp/>col,<sp/>lin)<sp/>==<sp/>2)<sp/>{<sp/></highlight><highlight class="comment">//<sp/>Quando<sp/>é<sp/>feita<sp/>a<sp/>jogada<sp/>normal.</highlight><highlight class="normal"></highlight></codeline>
<codeline lineno="23"><highlight class="normal"><sp/><sp/><sp/><sp/><sp/><sp/><sp/><sp/></highlight><highlight class="keywordtype">int</highlight><highlight class="normal"><sp/>comJogar<sp/>=<sp/>comandoJogar(e,col,lin);</highlight></codeline>
<codeline lineno="24"><highlight class="normal"><sp/><sp/><sp/><sp/><sp/><sp/><sp/><sp/></highlight><highlight class="keywordflow">return</highlight><highlight class="normal"><sp/>comJogar;</highlight></codeline>
<codeline lineno="25"><highlight class="normal"></highlight></codeline>
<codeline lineno="26"><highlight class="normal"><sp/><sp/><sp/><sp/>}<sp/></highlight><highlight class="keywordflow">else</highlight><highlight class="normal"><sp/></highlight><highlight class="keywordflow">if</highlight><highlight class="normal"><sp/>((strcmp(input,<sp/>(</highlight><highlight class="stringliteral">&quot;Q\n&quot;</highlight><highlight class="normal">))<sp/>==<sp/>0)<sp/>||<sp/>(strcmp(input,<sp/>(</highlight><highlight class="stringliteral">&quot;q\n&quot;</highlight><highlight class="normal">))<sp/>==<sp/>0))<sp/>{<sp/></highlight><highlight class="comment">//<sp/>Se<sp/>premires<sp/>qualquer<sp/>carater,<sp/>termina.</highlight><highlight class="normal"></highlight></codeline>
<codeline lineno="27"><highlight class="normal"><sp/><sp/><sp/><sp/><sp/><sp/><sp/><sp/>printf<sp/>(</highlight><highlight class="stringliteral">&quot;Fim\n&quot;</highlight><highlight class="normal">);</highlight></codeline>
<codeline lineno="28"><highlight class="normal"><sp/><sp/><sp/><sp/><sp/><sp/><sp/><sp/></highlight><highlight class="keywordflow">return</highlight><highlight class="normal"><sp/>0;</highlight></codeline>
<codeline lineno="29"><highlight class="normal"></highlight></codeline>
<codeline lineno="30"><highlight class="normal"><sp/><sp/><sp/><sp/>}<sp/></highlight><highlight class="keywordflow">else</highlight><highlight class="normal"><sp/></highlight><highlight class="keywordflow">if</highlight><highlight class="normal"><sp/>(sscanf(input,<sp/></highlight><highlight class="stringliteral">&quot;gr%s&quot;</highlight><highlight class="normal">,<sp/>endereco)<sp/>==<sp/>1)<sp/>{<sp/></highlight><highlight class="comment">//<sp/>Para<sp/>gravar,<sp/>se<sp/>meter<sp/>gr<sp/>QUALQUER_COISA<sp/>vai<sp/>para<sp/>esta<sp/>parte.</highlight><highlight class="normal"></highlight></codeline>
<codeline lineno="31"><highlight class="normal"><sp/><sp/><sp/><sp/><sp/><sp/><sp/><sp/></highlight><highlight class="keywordtype">int</highlight><highlight class="normal"><sp/>comGr<sp/>=<sp/>comandoGravar(e,endereco);</highlight></codeline>
<codeline lineno="32"><highlight class="normal"><sp/><sp/><sp/><sp/><sp/><sp/><sp/><sp/></highlight><highlight class="keywordflow">return</highlight><highlight class="normal"><sp/>comGr;</highlight></codeline>
<codeline lineno="33"><highlight class="normal"></highlight></codeline>
<codeline lineno="34"><highlight class="normal"><sp/><sp/><sp/><sp/></highlight></codeline>
<codeline lineno="35"><highlight class="normal"><sp/><sp/><sp/><sp/>}<sp/></highlight><highlight class="keywordflow">else</highlight><highlight class="normal"><sp/></highlight><highlight class="keywordflow">if</highlight><highlight class="normal"><sp/>(sscanf(input,<sp/></highlight><highlight class="stringliteral">&quot;pos%d&quot;</highlight><highlight class="normal">,<sp/>&amp;jog)<sp/>==<sp/>1)<sp/>{</highlight></codeline>
<codeline lineno="36"><highlight class="normal"><sp/><sp/><sp/><sp/><sp/><sp/><sp/><sp/></highlight><highlight class="keywordtype">int</highlight><highlight class="normal"><sp/>comPos<sp/>=<sp/>comandoPos(e,<sp/>jog);</highlight></codeline>
<codeline lineno="37"><highlight class="normal"><sp/><sp/><sp/><sp/><sp/><sp/><sp/><sp/></highlight><highlight class="keywordflow">return</highlight><highlight class="normal"><sp/>comPos;</highlight></codeline>
<codeline lineno="38"><highlight class="normal"></highlight></codeline>
<codeline lineno="39"><highlight class="normal"><sp/><sp/><sp/><sp/>}<sp/></highlight><highlight class="keywordflow">else</highlight><highlight class="normal"><sp/></highlight><highlight class="keywordflow">if</highlight><highlight class="normal"><sp/>(strcmp(input,<sp/>(</highlight><highlight class="stringliteral">&quot;jog\n&quot;</highlight><highlight class="normal">))<sp/>==<sp/>0)<sp/>{</highlight></codeline>
<codeline lineno="40"><highlight class="normal"><sp/><sp/><sp/><sp/><sp/><sp/><sp/><sp/></highlight><highlight class="keywordtype">int</highlight><highlight class="normal"><sp/>comJog<sp/>=<sp/>comandoJog<sp/>(e);</highlight></codeline>
<codeline lineno="41"><highlight class="normal"><sp/><sp/><sp/><sp/><sp/><sp/><sp/><sp/></highlight><highlight class="keywordflow">return</highlight><highlight class="normal"><sp/>comJog;</highlight></codeline>
<codeline lineno="42"><highlight class="normal"></highlight></codeline>
<codeline lineno="43"><highlight class="normal"><sp/><sp/><sp/><sp/>}<sp/></highlight><highlight class="keywordflow">else</highlight><highlight class="normal"><sp/></highlight><highlight class="keywordflow">if</highlight><highlight class="normal"><sp/>(strcmp(input,<sp/>(</highlight><highlight class="stringliteral">&quot;jog2\n&quot;</highlight><highlight class="normal">))<sp/>==<sp/>0)<sp/>{</highlight></codeline>
<codeline lineno="44"><highlight class="normal"><sp/><sp/><sp/><sp/><sp/><sp/><sp/><sp/></highlight><highlight class="keywordtype">int</highlight><highlight class="normal"><sp/>comJog<sp/>=<sp/>comandoJog2<sp/>(e);</highlight></codeline>
<codeline lineno="45"><highlight class="normal"><sp/><sp/><sp/><sp/><sp/><sp/><sp/><sp/></highlight><highlight class="keywordflow">return</highlight><highlight class="normal"><sp/>comJog;</highlight></codeline>
<codeline lineno="46"><highlight class="normal"><sp/><sp/><sp/><sp/></highlight></codeline>
<codeline lineno="47"><highlight class="normal"></highlight></codeline>
<codeline lineno="48"><highlight class="normal"><sp/><sp/><sp/><sp/>}</highlight><highlight class="keywordflow">else</highlight><highlight class="normal"><sp/></highlight><highlight class="keywordflow">if</highlight><highlight class="normal"><sp/>(strcmp(input,<sp/>(</highlight><highlight class="stringliteral">&quot;movs\n&quot;</highlight><highlight class="normal">))<sp/>==<sp/>0)<sp/>{</highlight></codeline>
<codeline lineno="49"><highlight class="normal"><sp/><sp/><sp/><sp/><sp/><sp/><sp/><sp/>mostra_jogadas<sp/>(e,<sp/>stdout);</highlight></codeline>
<codeline lineno="50"><highlight class="normal"><sp/><sp/><sp/><sp/><sp/><sp/><sp/><sp/>e<sp/>-&gt;<sp/>num_comando<sp/>++;</highlight></codeline>
<codeline lineno="51"><highlight class="normal"><sp/><sp/><sp/><sp/><sp/><sp/><sp/><sp/></highlight><highlight class="keywordflow">return</highlight><highlight class="normal"><sp/>1;</highlight></codeline>
<codeline lineno="52"><highlight class="normal"></highlight></codeline>
<codeline lineno="53"><highlight class="normal"><sp/><sp/><sp/><sp/>}<sp/></highlight><highlight class="keywordflow">else</highlight><highlight class="normal"><sp/></highlight><highlight class="keywordflow">if</highlight><highlight class="normal"><sp/>(sscanf(input,<sp/></highlight><highlight class="stringliteral">&quot;ler%s&quot;</highlight><highlight class="normal">,<sp/>endereco)<sp/>==<sp/>1)<sp/>{<sp/></highlight><highlight class="comment">//<sp/>Para<sp/>ler,<sp/>se<sp/>meter<sp/>ler<sp/>QUALQUER_COISA,<sp/>vai<sp/>para<sp/>esta<sp/>parte.</highlight><highlight class="normal"></highlight></codeline>
<codeline lineno="54"><highlight class="normal"><sp/><sp/><sp/><sp/><sp/><sp/><sp/><sp/></highlight><highlight class="keywordtype">int</highlight><highlight class="normal"><sp/>comLer<sp/>=<sp/>comandoLer(e,endereco<sp/>);</highlight></codeline>
<codeline lineno="55"><highlight class="normal"><sp/><sp/><sp/><sp/><sp/><sp/><sp/><sp/></highlight><highlight class="keywordflow">return</highlight><highlight class="normal"><sp/>comLer;</highlight></codeline>
<codeline lineno="56"><highlight class="normal"><sp/><sp/><sp/><sp/>}</highlight></codeline>
<codeline lineno="57"><highlight class="normal"><sp/><sp/><sp/><sp/></highlight><highlight class="keywordflow">return</highlight><highlight class="normal"><sp/>-1;</highlight></codeline>
<codeline lineno="58"><highlight class="normal">}<sp/></highlight></codeline>
<codeline lineno="59"><highlight class="normal"></highlight></codeline>
<codeline lineno="60"><highlight class="normal"></highlight></codeline>
<codeline lineno="61"><highlight class="normal"></highlight><highlight class="keywordtype">void</highlight><highlight class="normal"><sp/>mostrar_tabuleiro<sp/>(<ref refid="structESTADO" kindref="compound">ESTADO</ref><sp/>s,<sp/>FILE<sp/>*fp)<sp/>{</highlight></codeline>
<codeline lineno="62"><highlight class="normal"><sp/><sp/><sp/><sp/></highlight><highlight class="keywordtype">int</highlight><highlight class="normal"><sp/>coluna,<sp/>linha;</highlight></codeline>
<codeline lineno="63"><highlight class="normal"><sp/><sp/><sp/><sp/></highlight><highlight class="keywordflow">for</highlight><highlight class="normal"><sp/>(linha<sp/>=<sp/>7;<sp/>linha<sp/>&gt;<sp/>(-1);<sp/>linha--)<sp/>{</highlight></codeline>
<codeline lineno="64"><highlight class="normal"><sp/><sp/><sp/><sp/><sp/><sp/><sp/><sp/></highlight><highlight class="keywordflow">for</highlight><highlight class="normal"><sp/>(coluna<sp/>=<sp/>0;<sp/>coluna<sp/>&lt;<sp/>9;<sp/>coluna++)<sp/>{</highlight></codeline>
<codeline lineno="65"><highlight class="normal"><sp/><sp/><sp/><sp/><sp/><sp/><sp/><sp/><sp/><sp/><sp/><sp/><ref refid="structCOORDENADA" kindref="compound">COORDENADA</ref><sp/>c<sp/>=<sp/>{coluna,<sp/>linha};</highlight></codeline>
<codeline lineno="66"><highlight class="normal"><sp/><sp/><sp/><sp/><sp/><sp/><sp/><sp/><sp/><sp/><sp/><sp/></highlight><highlight class="keywordflow">if</highlight><highlight class="normal"><sp/>(coluna<sp/>==<sp/>8)<sp/>fputc(</highlight><highlight class="charliteral">&apos;\n&apos;</highlight><highlight class="normal">,<sp/>fp);</highlight></codeline>
<codeline lineno="67"><highlight class="normal"><sp/><sp/><sp/><sp/><sp/><sp/><sp/><sp/><sp/><sp/><sp/><sp/></highlight><highlight class="keywordflow">else</highlight><highlight class="normal"><sp/></highlight><highlight class="keywordflow">if</highlight><highlight class="normal"><sp/>(get_casa<sp/>(&amp;s,<sp/>c)<sp/>==<sp/>DOIS)<sp/>fputc(</highlight><highlight class="charliteral">&apos;2&apos;</highlight><highlight class="normal">,<sp/>fp);</highlight></codeline>
<codeline lineno="68"><highlight class="normal"><sp/><sp/><sp/><sp/><sp/><sp/><sp/><sp/><sp/><sp/><sp/><sp/></highlight><highlight class="keywordflow">else</highlight><highlight class="normal"><sp/></highlight><highlight class="keywordflow">if</highlight><highlight class="normal"><sp/>(get_casa<sp/>(&amp;s,<sp/>c)<sp/>==<sp/>UM)<sp/>fputc(</highlight><highlight class="charliteral">&apos;1&apos;</highlight><highlight class="normal">,<sp/>fp);</highlight></codeline>
<codeline lineno="69"><highlight class="normal"><sp/><sp/><sp/><sp/><sp/><sp/><sp/><sp/><sp/><sp/><sp/><sp/></highlight><highlight class="keywordflow">else</highlight><highlight class="normal"><sp/></highlight><highlight class="keywordflow">if</highlight><highlight class="normal"><sp/>(get_casa<sp/>(&amp;s,<sp/>c)<sp/>==<sp/>BRANCA)<sp/>fputc(</highlight><highlight class="charliteral">&apos;*&apos;</highlight><highlight class="normal">,<sp/>fp);</highlight></codeline>
<codeline lineno="70"><highlight class="normal"><sp/><sp/><sp/><sp/><sp/><sp/><sp/><sp/><sp/><sp/><sp/><sp/></highlight><highlight class="keywordflow">else</highlight><highlight class="normal"><sp/></highlight><highlight class="keywordflow">if</highlight><highlight class="normal"><sp/>(get_casa<sp/>(&amp;s,<sp/>c)<sp/>==<sp/>VAZIO)<sp/>fputc(</highlight><highlight class="charliteral">&apos;.&apos;</highlight><highlight class="normal">,<sp/>fp);</highlight></codeline>
<codeline lineno="71"><highlight class="normal"><sp/><sp/><sp/><sp/><sp/><sp/><sp/><sp/><sp/><sp/><sp/><sp/></highlight><highlight class="keywordflow">else</highlight><highlight class="normal"><sp/>fputc(</highlight><highlight class="charliteral">&apos;#&apos;</highlight><highlight class="normal">,<sp/>fp);<sp/></highlight></codeline>
<codeline lineno="72"><highlight class="normal"><sp/><sp/><sp/><sp/><sp/><sp/><sp/><sp/>}</highlight></codeline>
<codeline lineno="73"><highlight class="normal"><sp/><sp/><sp/><sp/>}</highlight></codeline>
<codeline lineno="74"><highlight class="normal">}</highlight></codeline>
<codeline lineno="75"><highlight class="normal"></highlight></codeline>
<codeline lineno="76"><highlight class="normal"></highlight><highlight class="keywordtype">void</highlight><highlight class="normal"><sp/>mostra_jogadas<sp/>(<ref refid="structESTADO" kindref="compound">ESTADO</ref><sp/>*s,<sp/>FILE<sp/>*fp)<sp/>{<sp/><sp/></highlight><highlight class="comment">//<sp/>Imprime<sp/>a<sp/>lista<sp/>de<sp/>jogadas</highlight><highlight class="normal"></highlight></codeline>
<codeline lineno="77"><highlight class="normal"><sp/><sp/><sp/><sp/></highlight><highlight class="keywordtype">int</highlight><highlight class="normal"><sp/>jogadaNum<sp/>=<sp/>0;</highlight></codeline>
<codeline lineno="78"><highlight class="normal"><sp/><sp/><sp/><sp/></highlight><highlight class="keywordflow">while</highlight><highlight class="normal"><sp/>(jogadaNum<sp/>&lt;<sp/>(s<sp/>-&gt;<sp/>num_jogadas))<sp/>{</highlight></codeline>
<codeline lineno="79"><highlight class="normal"><sp/><sp/><sp/><sp/><sp/><sp/><sp/><sp/>fprintf<sp/>(fp,<sp/></highlight><highlight class="stringliteral">&quot;%02d:<sp/>&quot;</highlight><highlight class="normal">,<sp/>jogadaNum<sp/>+<sp/>1);</highlight></codeline>
<codeline lineno="80"><highlight class="normal"><sp/><sp/><sp/><sp/><sp/><sp/><sp/><sp/>fprintf<sp/>(fp,<sp/></highlight><highlight class="stringliteral">&quot;%c%d<sp/>&quot;</highlight><highlight class="normal">,<sp/></highlight><highlight class="charliteral">&apos;a&apos;</highlight><highlight class="normal"><sp/>+<sp/>(((s<sp/>-&gt;<sp/>jogadas[jogadaNum]).jogador1).coluna)<sp/>,<sp/>(((s<sp/>-&gt;<sp/>jogadas[jogadaNum]).jogador1).linha)<sp/>+<sp/>1);<sp/></highlight></codeline>
<codeline lineno="81"><highlight class="normal"><sp/><sp/><sp/><sp/><sp/><sp/><sp/><sp/>fprintf<sp/>(fp,<sp/></highlight><highlight class="stringliteral">&quot;%c%d\n&quot;</highlight><highlight class="normal">,<sp/></highlight><highlight class="charliteral">&apos;a&apos;</highlight><highlight class="normal"><sp/>+<sp/>(((s<sp/>-&gt;<sp/>jogadas[jogadaNum]).jogador2).coluna)<sp/>,<sp/>(((s<sp/>-&gt;<sp/>jogadas[jogadaNum]).jogador2).linha)<sp/>+<sp/>1);</highlight></codeline>
<codeline lineno="82"><highlight class="normal"><sp/><sp/><sp/><sp/><sp/><sp/><sp/><sp/>jogadaNum<sp/>++;</highlight></codeline>
<codeline lineno="83"><highlight class="normal"><sp/><sp/><sp/><sp/>}</highlight></codeline>
<codeline lineno="84"><highlight class="normal"><sp/><sp/><sp/><sp/></highlight><highlight class="keywordflow">if</highlight><highlight class="normal"><sp/>((s<sp/>-&gt;<sp/>jogador_atual)<sp/>==<sp/>1)<sp/>printf<sp/>(</highlight><highlight class="stringliteral">&quot;\n&quot;</highlight><highlight class="normal">);</highlight></codeline>
<codeline lineno="85"><highlight class="normal"><sp/><sp/><sp/><sp/></highlight><highlight class="keywordflow">else</highlight><highlight class="normal"><sp/></highlight></codeline>
<codeline lineno="86"><highlight class="normal"><sp/><sp/><sp/><sp/>{</highlight></codeline>
<codeline lineno="87"><highlight class="normal"><sp/><sp/><sp/><sp/><sp/><sp/><sp/><sp/>fprintf<sp/>(fp,<sp/></highlight><highlight class="stringliteral">&quot;%02d:<sp/>&quot;</highlight><highlight class="normal">,<sp/>jogadaNum<sp/>+<sp/>1);</highlight></codeline>
<codeline lineno="88"><highlight class="normal"><sp/><sp/><sp/><sp/><sp/><sp/><sp/><sp/>fprintf<sp/>(fp,<sp/></highlight><highlight class="stringliteral">&quot;%c%d<sp/>\n\n&quot;</highlight><highlight class="normal">,<sp/></highlight><highlight class="charliteral">&apos;a&apos;</highlight><highlight class="normal"><sp/>+<sp/>(((s<sp/>-&gt;<sp/>jogadas[s<sp/>-&gt;<sp/>num_jogadas]).jogador1)<sp/>.coluna),<sp/>(((s<sp/>-&gt;<sp/>jogadas[s<sp/>-&gt;<sp/>num_jogadas]).jogador1)<sp/>.linha)<sp/>+<sp/>1);<sp/></highlight></codeline>
<codeline lineno="89"><highlight class="normal"><sp/><sp/><sp/><sp/>}<sp/><sp/><sp/><sp/><sp/><sp/><sp/><sp/></highlight></codeline>
<codeline lineno="90"><highlight class="normal">}</highlight></codeline>
<codeline lineno="91"><highlight class="normal"></highlight></codeline>
<codeline lineno="92"><highlight class="normal"></highlight></codeline>
<codeline lineno="93"><highlight class="normal"></highlight><highlight class="keywordtype">void</highlight><highlight class="normal"><sp/>mostra_prompt<sp/>(<ref refid="structESTADO" kindref="compound">ESTADO</ref><sp/>*s)<sp/>{<sp/><sp/></highlight><highlight class="comment">//<sp/>Imprime<sp/>o<sp/>prompt</highlight><highlight class="normal"></highlight></codeline>
<codeline lineno="94"><highlight class="normal"><sp/><sp/><sp/><sp/></highlight><highlight class="keywordtype">int</highlight><highlight class="normal"><sp/>jogadaNum<sp/>=<sp/>0;</highlight></codeline>
<codeline lineno="95"><highlight class="normal"><sp/><sp/><sp/><sp/></highlight><highlight class="keywordtype">int</highlight><highlight class="normal"><sp/>conta_comandos<sp/>=<sp/>(s<sp/>-&gt;<sp/>num_comando);</highlight></codeline>
<codeline lineno="96"><highlight class="normal"><sp/><sp/><sp/><sp/></highlight><highlight class="keywordflow">while</highlight><highlight class="normal"><sp/>(jogadaNum<sp/>&lt;<sp/>(s<sp/>-&gt;<sp/>num_jogadas))<sp/>{</highlight></codeline>
<codeline lineno="97"><highlight class="normal"><sp/><sp/><sp/><sp/><sp/><sp/><sp/><sp/>jogadaNum<sp/>++;</highlight></codeline>
<codeline lineno="98"><highlight class="normal"><sp/><sp/><sp/><sp/>}</highlight></codeline>
<codeline lineno="99"><highlight class="normal"><sp/><sp/><sp/><sp/></highlight><highlight class="keywordflow">if</highlight><highlight class="normal"><sp/>((s<sp/>-&gt;<sp/>jogador_atual)<sp/>==<sp/>1)<sp/>printf<sp/>(</highlight><highlight class="stringliteral">&quot;\nPL1(%d)&quot;</highlight><highlight class="normal">,<sp/>conta_comandos);</highlight></codeline>
<codeline lineno="100"><highlight class="normal"><sp/><sp/><sp/><sp/></highlight><highlight class="keywordflow">else</highlight><highlight class="normal"><sp/>{</highlight></codeline>
<codeline lineno="101"><highlight class="normal"><sp/><sp/><sp/><sp/><sp/><sp/><sp/><sp/>printf<sp/>(</highlight><highlight class="stringliteral">&quot;\nPL2(%d)&quot;</highlight><highlight class="normal">,<sp/>conta_comandos);</highlight></codeline>
<codeline lineno="102"><highlight class="normal"><sp/><sp/><sp/><sp/>}<sp/><sp/><sp/><sp/><sp/><sp/><sp/><sp/></highlight></codeline>
<codeline lineno="103"><highlight class="normal">}</highlight></codeline>
<codeline lineno="104"><highlight class="normal"></highlight></codeline>
<codeline lineno="105"><highlight class="normal"></highlight><highlight class="keywordtype">void</highlight><highlight class="normal"><sp/>guarda_ficheiro<sp/>(<ref refid="structESTADO" kindref="compound">ESTADO</ref><sp/>*e,<sp/>FILE<sp/>*fp)<sp/>{</highlight></codeline>
<codeline lineno="106"><highlight class="normal"><sp/><sp/><sp/><sp/>mostrar_tabuleiro<sp/>(*e,<sp/>fp);</highlight></codeline>
<codeline lineno="107"><highlight class="normal"><sp/><sp/><sp/><sp/>mostra_jogadas<sp/>(e,<sp/>fp);</highlight></codeline>
<codeline lineno="108"><highlight class="normal">}</highlight></codeline>
<codeline lineno="109"><highlight class="normal"></highlight></codeline>
<codeline lineno="110"><highlight class="normal"></highlight></codeline>
<codeline lineno="111"><highlight class="normal"></highlight><highlight class="keywordtype">int</highlight><highlight class="normal"><sp/>comandoPos(<ref refid="structESTADO" kindref="compound">ESTADO</ref><sp/>*e,<sp/></highlight><highlight class="keywordtype">int</highlight><highlight class="normal"><sp/>jog){</highlight></codeline>
<codeline lineno="112"><highlight class="normal"><sp/><sp/><sp/><sp/><sp/><sp/><sp/><sp/><sp/><sp/><sp/><sp/></highlight><highlight class="keywordtype">int</highlight><highlight class="normal"><sp/>jogadas;</highlight></codeline>
<codeline lineno="113"><highlight class="normal"><sp/><sp/><sp/><sp/><sp/><sp/><sp/><sp/><sp/><sp/><sp/><sp/>jogadas<sp/>=<sp/><sp/>get_num_jogadas<sp/>(e);</highlight></codeline>
<codeline lineno="114"><highlight class="normal"><sp/><sp/><sp/><sp/><sp/><sp/><sp/><sp/><sp/><sp/><sp/><sp/></highlight><highlight class="keywordflow">if</highlight><highlight class="normal"><sp/>(jog<sp/>&gt;<sp/>jogadas)<sp/>{</highlight></codeline>
<codeline lineno="115"><highlight class="normal"><sp/><sp/><sp/><sp/><sp/><sp/><sp/><sp/><sp/><sp/><sp/><sp/><sp/><sp/><sp/><sp/>printf<sp/>(</highlight><highlight class="stringliteral">&quot;Posição<sp/>inválida.<sp/>Insira<sp/>um<sp/>valor<sp/>inferior<sp/>por<sp/>favor!\n&quot;</highlight><highlight class="normal">);</highlight></codeline>
<codeline lineno="116"><highlight class="normal"><sp/><sp/><sp/><sp/><sp/><sp/><sp/><sp/><sp/><sp/><sp/><sp/><sp/><sp/><sp/><sp/></highlight><highlight class="keywordflow">return</highlight><highlight class="normal"><sp/>-1;</highlight></codeline>
<codeline lineno="117"><highlight class="normal"><sp/><sp/><sp/><sp/><sp/><sp/><sp/><sp/><sp/><sp/><sp/><sp/>}<sp/></highlight><highlight class="keywordflow">else</highlight><highlight class="normal"><sp/>jogadaAnterior<sp/>(e,<sp/>jog);</highlight></codeline>
<codeline lineno="118"><highlight class="normal"><sp/><sp/><sp/><sp/><sp/><sp/><sp/><sp/><sp/><sp/><sp/><sp/>mostrar_tabuleiro<sp/>(*e,<sp/>stdout);</highlight></codeline>
<codeline lineno="119"><highlight class="normal"><sp/><sp/><sp/><sp/><sp/><sp/><sp/><sp/><sp/><sp/><sp/><sp/>e<sp/>-&gt;<sp/>num_comando<sp/>++;</highlight></codeline>
<codeline lineno="120"><highlight class="normal"><sp/><sp/><sp/><sp/><sp/><sp/><sp/><sp/><sp/><sp/><sp/><sp/></highlight><highlight class="keywordflow">return</highlight><highlight class="normal"><sp/>1;</highlight></codeline>
<codeline lineno="121"><highlight class="normal">}</highlight></codeline>
<codeline lineno="122"><highlight class="normal"></highlight></codeline>
<codeline lineno="123"><highlight class="normal"></highlight><highlight class="keywordtype">int</highlight><highlight class="normal"><sp/>comandoJogar(<ref refid="structESTADO" kindref="compound">ESTADO</ref><sp/>*e,<sp/></highlight><highlight class="keywordtype">char</highlight><highlight class="normal"><sp/>*col,<sp/></highlight><highlight class="keywordtype">char</highlight><highlight class="normal"><sp/>*lin){</highlight></codeline>
<codeline lineno="124"><highlight class="normal"><sp/><sp/><sp/><sp/><ref refid="structCOORDENADA" kindref="compound">COORDENADA</ref><sp/>coord<sp/>=<sp/>{*col<sp/>-<sp/></highlight><highlight class="charliteral">&apos;a&apos;</highlight><highlight class="normal">,<sp/>*lin<sp/>-<sp/></highlight><highlight class="charliteral">&apos;1&apos;</highlight><highlight class="normal">};</highlight></codeline>
<codeline lineno="125"><highlight class="normal"><sp/><sp/><sp/><sp/><sp/><sp/><sp/><sp/></highlight><highlight class="keywordtype">int</highlight><highlight class="normal"><sp/>valido<sp/>=<sp/>jogar(e,<sp/>coord);</highlight></codeline>
<codeline lineno="126"><highlight class="normal"><sp/><sp/><sp/><sp/><sp/><sp/><sp/><sp/></highlight><highlight class="keywordtype">int</highlight><highlight class="normal"><sp/>vencedor<sp/>=<sp/>Vencedor<sp/>(e);</highlight></codeline>
<codeline lineno="127"><highlight class="normal"><sp/><sp/><sp/><sp/><sp/><sp/><sp/><sp/></highlight><highlight class="keywordflow">if</highlight><highlight class="normal"><sp/>(vencedor)<sp/>{</highlight></codeline>
<codeline lineno="128"><highlight class="normal"><sp/><sp/><sp/><sp/><sp/><sp/><sp/><sp/><sp/><sp/><sp/><sp/>mostrar_tabuleiro(*e,<sp/>stdout);</highlight></codeline>
<codeline lineno="129"><highlight class="normal"><sp/><sp/><sp/><sp/><sp/><sp/><sp/><sp/><sp/><sp/><sp/><sp/>printf<sp/>(</highlight><highlight class="stringliteral">&quot;O<sp/>vencedor<sp/>é<sp/>o<sp/>jogador<sp/>%d.\n&quot;</highlight><highlight class="normal">,<sp/>vencedor);</highlight></codeline>
<codeline lineno="130"><highlight class="normal"><sp/><sp/><sp/><sp/><sp/><sp/><sp/><sp/><sp/><sp/><sp/><sp/></highlight><highlight class="keywordflow">return</highlight><highlight class="normal"><sp/>0;</highlight></codeline>
<codeline lineno="131"><highlight class="normal"><sp/><sp/><sp/><sp/><sp/><sp/><sp/><sp/>}<sp/></highlight><highlight class="keywordflow">else</highlight><highlight class="normal"><sp/></highlight><highlight class="keywordflow">if</highlight><highlight class="normal"><sp/>(!valido)<sp/>{</highlight></codeline>
<codeline lineno="132"><highlight class="normal"><sp/><sp/><sp/><sp/><sp/><sp/><sp/><sp/><sp/><sp/><sp/><sp/>printf(</highlight><highlight class="stringliteral">&quot;Jogada<sp/>inválida!!!&quot;</highlight><highlight class="normal">);</highlight></codeline>
<codeline lineno="133"><highlight class="normal"><sp/><sp/><sp/><sp/><sp/><sp/><sp/><sp/><sp/><sp/><sp/><sp/></highlight><highlight class="keywordflow">return</highlight><highlight class="normal"><sp/>-1;</highlight></codeline>
<codeline lineno="134"><highlight class="normal"><sp/><sp/><sp/><sp/><sp/><sp/><sp/><sp/>}</highlight></codeline>
<codeline lineno="135"><highlight class="normal"><sp/><sp/><sp/><sp/><sp/><sp/><sp/><sp/>mostrar_tabuleiro(*e,<sp/>stdout);</highlight></codeline>
<codeline lineno="136"><highlight class="normal"><sp/><sp/><sp/><sp/><sp/><sp/><sp/><sp/>e<sp/>-&gt;<sp/>num_comando<sp/>++;</highlight></codeline>
<codeline lineno="137"><highlight class="normal"><sp/><sp/><sp/><sp/><sp/><sp/><sp/><sp/></highlight><highlight class="keywordflow">return</highlight><highlight class="normal"><sp/>1;</highlight></codeline>
<codeline lineno="138"><highlight class="normal">}</highlight></codeline>
<codeline lineno="139"><highlight class="normal"></highlight></codeline>
<codeline lineno="140"><highlight class="normal"></highlight><highlight class="keywordtype">int</highlight><highlight class="normal"><sp/>comandoGravar(<ref refid="structESTADO" kindref="compound">ESTADO</ref><sp/>*e,<sp/></highlight><highlight class="keyword">const</highlight><highlight class="normal"><sp/></highlight><highlight class="keywordtype">char</highlight><highlight class="normal"><sp/>*endereco<sp/>){</highlight></codeline>
<codeline lineno="141"><highlight class="normal"><sp/><sp/><sp/><sp/><sp/><sp/><sp/><sp/>FILE<sp/>*fp;</highlight></codeline>
<codeline lineno="142"><highlight class="normal"><sp/><sp/><sp/><sp/><sp/><sp/><sp/><sp/></highlight><highlight class="keywordtype">int</highlight><highlight class="normal"><sp/>i<sp/>=<sp/>0;</highlight></codeline>
<codeline lineno="143"><highlight class="normal"><sp/><sp/><sp/><sp/><sp/><sp/><sp/><sp/>fp<sp/>=<sp/>fopen(endereco,<sp/></highlight><highlight class="stringliteral">&quot;w&quot;</highlight><highlight class="normal">);</highlight></codeline>
<codeline lineno="144"><highlight class="normal"><sp/><sp/><sp/><sp/><sp/><sp/><sp/><sp/></highlight><highlight class="keywordflow">if</highlight><highlight class="normal"><sp/>(fp<sp/>==<sp/>NULL)<sp/>{<sp/><sp/></highlight><highlight class="comment">//<sp/>Caso<sp/>em<sp/>que<sp/>não<sp/>abre</highlight><highlight class="normal"></highlight></codeline>
<codeline lineno="145"><highlight class="normal"><sp/><sp/><sp/><sp/><sp/><sp/><sp/><sp/><sp/><sp/><sp/><sp/>printf(</highlight><highlight class="stringliteral">&quot;Não<sp/>foi<sp/>possível<sp/>criar<sp/>o<sp/>ficheiro.<sp/>Talvez<sp/>esteja<sp/>bloqueado<sp/>ou<sp/>a<sp/>ser<sp/>usado<sp/>por<sp/>outra<sp/>aplicação.\n&quot;</highlight><highlight class="normal">);</highlight></codeline>
<codeline lineno="146"><highlight class="normal"><sp/><sp/><sp/><sp/><sp/><sp/><sp/><sp/><sp/><sp/><sp/><sp/></highlight><highlight class="keywordflow">return</highlight><highlight class="normal"><sp/>(-1);</highlight></codeline>
<codeline lineno="147"><highlight class="normal"><sp/><sp/><sp/><sp/><sp/><sp/><sp/><sp/>}<sp/></highlight><highlight class="keywordflow">else</highlight><highlight class="normal"><sp/>{<sp/></highlight><highlight class="comment">//<sp/>Se<sp/>o<sp/>caminho<sp/>está<sp/>certo.</highlight><highlight class="normal"></highlight></codeline>
<codeline lineno="148"><highlight class="normal"><sp/><sp/><sp/><sp/><sp/><sp/><sp/><sp/><sp/><sp/><sp/><sp/></highlight><highlight class="keywordflow">for</highlight><highlight class="normal"><sp/>(i<sp/>=<sp/>0;<sp/>i<sp/>&lt;=<sp/>100000;<sp/>i++){</highlight></codeline>
<codeline lineno="149"><highlight class="normal"><sp/><sp/><sp/><sp/><sp/><sp/><sp/><sp/><sp/><sp/><sp/><sp/><sp/><sp/><sp/><sp/>printf(</highlight><highlight class="stringliteral">&quot;\r[A<sp/>gravar<sp/>o<sp/>ficheiro<sp/>%s<sp/>...<sp/>%d&quot;</highlight><highlight class="normal">,<sp/>endereco<sp/>,i/1000);</highlight></codeline>
<codeline lineno="150"><highlight class="normal"><sp/><sp/><sp/><sp/><sp/><sp/><sp/><sp/><sp/><sp/><sp/><sp/><sp/><sp/><sp/><sp/>putchar(</highlight><highlight class="charliteral">&apos;%&apos;</highlight><highlight class="normal">);</highlight></codeline>
<codeline lineno="151"><highlight class="normal"><sp/><sp/><sp/><sp/><sp/><sp/><sp/><sp/><sp/><sp/><sp/><sp/><sp/><sp/><sp/><sp/>putchar(</highlight><highlight class="charliteral">&apos;]&apos;</highlight><highlight class="normal">);</highlight></codeline>
<codeline lineno="152"><highlight class="normal"><sp/><sp/><sp/><sp/><sp/><sp/><sp/><sp/><sp/><sp/><sp/><sp/><sp/><sp/><sp/><sp/>fflush(stdout);<sp/></highlight></codeline>
<codeline lineno="153"><highlight class="normal"><sp/><sp/><sp/><sp/><sp/><sp/><sp/><sp/><sp/><sp/><sp/><sp/>}</highlight></codeline>
<codeline lineno="154"><highlight class="normal"><sp/><sp/><sp/><sp/><sp/><sp/><sp/><sp/><sp/><sp/><sp/><sp/>guarda_ficheiro<sp/>(e,<sp/>fp);</highlight></codeline>
<codeline lineno="155"><highlight class="normal"><sp/><sp/><sp/><sp/><sp/><sp/><sp/><sp/><sp/><sp/><sp/><sp/>fclose(fp);</highlight></codeline>
<codeline lineno="156"><highlight class="normal"><sp/><sp/><sp/><sp/><sp/><sp/><sp/><sp/><sp/><sp/><sp/><sp/>printf(</highlight><highlight class="stringliteral">&quot;\nFicheiro<sp/>%s<sp/>guardado!\n&quot;</highlight><highlight class="normal">,<sp/>endereco);</highlight></codeline>
<codeline lineno="157"><highlight class="normal"><sp/><sp/><sp/><sp/><sp/><sp/><sp/><sp/><sp/><sp/><sp/><sp/>e<sp/>-&gt;<sp/>num_comando<sp/>++;</highlight></codeline>
<codeline lineno="158"><highlight class="normal"><sp/><sp/><sp/><sp/><sp/><sp/><sp/><sp/><sp/><sp/><sp/><sp/></highlight><highlight class="keywordflow">return</highlight><highlight class="normal"><sp/>1;</highlight></codeline>
<codeline lineno="159"><highlight class="normal"><sp/><sp/><sp/><sp/><sp/><sp/><sp/><sp/>}</highlight></codeline>
<codeline lineno="160"><highlight class="normal"></highlight></codeline>
<codeline lineno="161"><highlight class="normal">}</highlight></codeline>
<codeline lineno="162"><highlight class="normal"></highlight></codeline>
<codeline lineno="163"><highlight class="normal"></highlight><highlight class="keywordtype">int</highlight><highlight class="normal"><sp/>comandoJog<sp/>(<ref refid="structESTADO" kindref="compound">ESTADO</ref><sp/>*e){</highlight></codeline>
<codeline lineno="164"><highlight class="normal"><sp/><sp/><sp/><sp/><ref refid="structnodo" kindref="compound">LISTA</ref><sp/>jogadasPossiveis<sp/>=<sp/><ref refid="lista_8h_1abca95c97419c216058988b39d856b93b" kindref="member">criaLista</ref><sp/>(e);</highlight></codeline>
<codeline lineno="165"><highlight class="normal"><sp/><sp/><sp/><sp/><sp/><sp/><sp/><sp/><sp/><sp/><sp/><sp/><ref refid="structCOORDENADA" kindref="compound">COORDENADA</ref>*<sp/>jogada<sp/>=<sp/>comando_jog(jogadasPossiveis,<sp/>e);</highlight></codeline>
<codeline lineno="166"><highlight class="normal"><sp/><sp/><sp/><sp/><sp/><sp/><sp/><sp/><sp/><sp/><sp/><sp/></highlight><highlight class="keywordtype">int</highlight><highlight class="normal"><sp/>valido<sp/>=<sp/>jogar(e,<sp/>*jogada);</highlight></codeline>
<codeline lineno="167"><highlight class="normal"><sp/><sp/><sp/><sp/><sp/><sp/><sp/><sp/><sp/><sp/><sp/><sp/></highlight><highlight class="keywordtype">int</highlight><highlight class="normal"><sp/>vencedor<sp/>=<sp/>Vencedor<sp/>(e);</highlight></codeline>
<codeline lineno="168"><highlight class="normal"><sp/><sp/><sp/><sp/><sp/><sp/><sp/><sp/><sp/><sp/><sp/><sp/></highlight><highlight class="keywordflow">if</highlight><highlight class="normal"><sp/>(vencedor)<sp/>{</highlight></codeline>
<codeline lineno="169"><highlight class="normal"><sp/><sp/><sp/><sp/><sp/><sp/><sp/><sp/><sp/><sp/><sp/><sp/><sp/><sp/><sp/><sp/>putchar<sp/>(</highlight><highlight class="charliteral">&apos;\n&apos;</highlight><highlight class="normal">);</highlight></codeline>
<codeline lineno="170"><highlight class="normal"><sp/><sp/><sp/><sp/><sp/><sp/><sp/><sp/><sp/><sp/><sp/><sp/><sp/><sp/><sp/><sp/>mostrar_tabuleiro(*e,<sp/>stdout);</highlight></codeline>
<codeline lineno="171"><highlight class="normal"><sp/><sp/><sp/><sp/><sp/><sp/><sp/><sp/><sp/><sp/><sp/><sp/><sp/><sp/><sp/><sp/>printf<sp/>(</highlight><highlight class="stringliteral">&quot;O<sp/>vencedor<sp/>é<sp/>o<sp/>jogador<sp/>%d.\n&quot;</highlight><highlight class="normal">,<sp/>vencedor);</highlight></codeline>
<codeline lineno="172"><highlight class="normal"><sp/><sp/><sp/><sp/><sp/><sp/><sp/><sp/><sp/><sp/><sp/><sp/><sp/><sp/><sp/><sp/></highlight><highlight class="keywordflow">return</highlight><highlight class="normal"><sp/>0;</highlight></codeline>
<codeline lineno="173"><highlight class="normal"><sp/><sp/><sp/><sp/><sp/><sp/><sp/><sp/><sp/><sp/><sp/><sp/>}<sp/></highlight></codeline>
<codeline lineno="174"><highlight class="normal"><sp/><sp/><sp/><sp/><sp/><sp/><sp/><sp/><sp/><sp/><sp/><sp/></highlight><highlight class="keywordflow">else</highlight><highlight class="normal"><sp/></highlight><highlight class="keywordflow">if</highlight><highlight class="normal"><sp/>(!valido)<sp/>{</highlight></codeline>
<codeline lineno="175"><highlight class="normal"><sp/><sp/><sp/><sp/><sp/><sp/><sp/><sp/><sp/><sp/><sp/><sp/><sp/><sp/><sp/><sp/>printf(</highlight><highlight class="stringliteral">&quot;Jogada<sp/>inválida.Jogue<sp/>outra<sp/>vez!&quot;</highlight><highlight class="normal">);</highlight></codeline>
<codeline lineno="176"><highlight class="normal"><sp/><sp/><sp/><sp/><sp/><sp/><sp/><sp/><sp/><sp/><sp/><sp/><sp/><sp/><sp/><sp/></highlight><highlight class="keywordflow">return</highlight><highlight class="normal"><sp/>-1;</highlight></codeline>
<codeline lineno="177"><highlight class="normal"><sp/><sp/><sp/><sp/><sp/><sp/><sp/><sp/><sp/><sp/><sp/><sp/>}</highlight></codeline>
<codeline lineno="178"><highlight class="normal"><sp/><sp/><sp/><sp/><sp/><sp/><sp/><sp/><sp/><sp/><sp/><sp/>mostrar_tabuleiro(*e,<sp/>stdout);</highlight></codeline>
<codeline lineno="179"><highlight class="normal"><sp/><sp/><sp/><sp/><sp/><sp/><sp/><sp/><sp/><sp/><sp/><sp/></highlight><highlight class="keywordflow">while</highlight><highlight class="normal"><sp/>(!<ref refid="lista_8h_1a4c10928f7acaa4e3de3760cea0dfd9c0" kindref="member">lista_esta_vazia</ref>(jogadasPossiveis))<sp/>jogadasPossiveis<sp/>=<sp/><ref refid="lista_8h_1a9026a681a68322b5ec7f07137b864cbd" kindref="member">remove_cabeca</ref>(jogadasPossiveis);</highlight></codeline>
<codeline lineno="180"><highlight class="normal"><sp/><sp/><sp/><sp/><sp/><sp/><sp/><sp/><sp/><sp/><sp/><sp/>e<sp/>-&gt;<sp/>num_comando<sp/>++;</highlight></codeline>
<codeline lineno="181"><highlight class="normal"><sp/><sp/><sp/><sp/><sp/><sp/><sp/><sp/><sp/><sp/><sp/><sp/></highlight><highlight class="keywordflow">return</highlight><highlight class="normal"><sp/>1;</highlight></codeline>
<codeline lineno="182"><highlight class="normal">}</highlight></codeline>
<codeline lineno="183"><highlight class="normal"></highlight></codeline>
<codeline lineno="184"><highlight class="normal"></highlight><highlight class="keywordtype">int</highlight><highlight class="normal"><sp/>comandoLer(<ref refid="structESTADO" kindref="compound">ESTADO</ref><sp/>*e,<sp/></highlight><highlight class="keyword">const</highlight><highlight class="normal"><sp/></highlight><highlight class="keywordtype">char</highlight><highlight class="normal"><sp/>*endereco<sp/>){</highlight></codeline>
<codeline lineno="185"><highlight class="normal"><sp/><sp/><sp/><sp/><sp/><sp/><sp/><sp/><sp/><sp/><sp/><sp/>FILE<sp/>*fp;</highlight></codeline>
<codeline lineno="186"><highlight class="normal"><sp/><sp/><sp/><sp/><sp/><sp/><sp/><sp/><sp/><sp/><sp/><sp/>fp<sp/>=<sp/>fopen(endereco,<sp/></highlight><highlight class="stringliteral">&quot;r&quot;</highlight><highlight class="normal">);</highlight></codeline>
<codeline lineno="187"><highlight class="normal"><sp/><sp/><sp/><sp/><sp/><sp/><sp/><sp/><sp/><sp/><sp/><sp/></highlight><highlight class="keywordflow">if</highlight><highlight class="normal"><sp/>(fp<sp/>==<sp/>NULL)<sp/>{<sp/><sp/></highlight><highlight class="comment">//<sp/>Se<sp/>não<sp/>abre.</highlight><highlight class="normal"></highlight></codeline>
<codeline lineno="188"><highlight class="normal"><sp/><sp/><sp/><sp/><sp/><sp/><sp/><sp/><sp/><sp/><sp/><sp/><sp/><sp/><sp/><sp/>printf(</highlight><highlight class="stringliteral">&quot;Esse<sp/>ficheiro<sp/>não<sp/>existe.<sp/>Inseriu<sp/>bem<sp/>o<sp/>nome?\n&quot;</highlight><highlight class="normal">);</highlight></codeline>
<codeline lineno="189"><highlight class="normal"><sp/><sp/><sp/><sp/><sp/><sp/><sp/><sp/><sp/><sp/><sp/><sp/><sp/><sp/><sp/><sp/></highlight><highlight class="keywordflow">return</highlight><highlight class="normal"><sp/>(-1);</highlight></codeline>
<codeline lineno="190"><highlight class="normal"><sp/><sp/><sp/><sp/><sp/><sp/><sp/><sp/><sp/><sp/><sp/><sp/>}<sp/></highlight><highlight class="keywordflow">else</highlight><highlight class="normal"><sp/>{<sp/></highlight><highlight class="comment">//<sp/>Se<sp/>o<sp/>caminho<sp/>está<sp/>certo.</highlight><highlight class="normal"></highlight></codeline>
<codeline lineno="191"><highlight class="normal"><sp/><sp/><sp/><sp/><sp/><sp/><sp/><sp/><sp/><sp/><sp/><sp/><sp/><sp/><sp/><sp/></highlight><highlight class="keywordtype">int</highlight><highlight class="normal"><sp/>i<sp/>=<sp/>0;</highlight></codeline>
<codeline lineno="192"><highlight class="normal"><sp/><sp/><sp/><sp/><sp/><sp/><sp/><sp/><sp/><sp/><sp/><sp/><sp/><sp/><sp/><sp/></highlight><highlight class="keywordflow">for</highlight><highlight class="normal"><sp/>(i<sp/>=<sp/>0;<sp/>i<sp/>&lt;=<sp/>100000;<sp/>i++){</highlight></codeline>
<codeline lineno="193"><highlight class="normal"><sp/><sp/><sp/><sp/><sp/><sp/><sp/><sp/><sp/><sp/><sp/><sp/><sp/><sp/><sp/><sp/><sp/><sp/><sp/><sp/>printf(</highlight><highlight class="stringliteral">&quot;\r[A<sp/>carregar<sp/>o<sp/>ficheiro<sp/>%s<sp/>...<sp/>%d&quot;</highlight><highlight class="normal">,<sp/>endereco<sp/>,i/1000);</highlight></codeline>
<codeline lineno="194"><highlight class="normal"><sp/><sp/><sp/><sp/><sp/><sp/><sp/><sp/><sp/><sp/><sp/><sp/><sp/><sp/><sp/><sp/><sp/><sp/><sp/><sp/>putchar(</highlight><highlight class="charliteral">&apos;%&apos;</highlight><highlight class="normal">);</highlight></codeline>
<codeline lineno="195"><highlight class="normal"><sp/><sp/><sp/><sp/><sp/><sp/><sp/><sp/><sp/><sp/><sp/><sp/><sp/><sp/><sp/><sp/><sp/><sp/><sp/><sp/>putchar(</highlight><highlight class="charliteral">&apos;]&apos;</highlight><highlight class="normal">);</highlight></codeline>
<codeline lineno="196"><highlight class="normal"><sp/><sp/><sp/><sp/><sp/><sp/><sp/><sp/><sp/><sp/><sp/><sp/><sp/><sp/><sp/><sp/><sp/><sp/><sp/><sp/>fflush(stdout);<sp/><sp/></highlight></codeline>
<codeline lineno="197"><highlight class="normal"><sp/><sp/><sp/><sp/><sp/><sp/><sp/><sp/><sp/><sp/><sp/><sp/><sp/><sp/><sp/><sp/>}</highlight></codeline>
<codeline lineno="198"><highlight class="normal"><sp/><sp/><sp/><sp/><sp/><sp/><sp/><sp/><sp/><sp/><sp/><sp/><sp/><sp/><sp/><sp/>printf(</highlight><highlight class="stringliteral">&quot;\n&quot;</highlight><highlight class="normal">);</highlight></codeline>
<codeline lineno="199"><highlight class="normal"><sp/><sp/><sp/><sp/><sp/><sp/><sp/><sp/><sp/><sp/><sp/><sp/><sp/><sp/><sp/><sp/>le_ficheiro<sp/>(e,<sp/>fp);</highlight></codeline>
<codeline lineno="200"><highlight class="normal"><sp/><sp/><sp/><sp/><sp/><sp/><sp/><sp/><sp/><sp/><sp/><sp/><sp/><sp/><sp/><sp/>fclose(fp);</highlight></codeline>
<codeline lineno="201"><highlight class="normal"><sp/><sp/><sp/><sp/><sp/><sp/><sp/><sp/><sp/><sp/><sp/><sp/><sp/><sp/><sp/><sp/>mostrar_tabuleiro<sp/>(*e,<sp/>stdout);</highlight></codeline>
<codeline lineno="202"><highlight class="normal"><sp/><sp/><sp/><sp/><sp/><sp/><sp/><sp/><sp/><sp/><sp/><sp/><sp/><sp/><sp/><sp/>mostra_jogadas(e,<sp/>stdout);</highlight></codeline>
<codeline lineno="203"><highlight class="normal"><sp/><sp/><sp/><sp/><sp/><sp/><sp/><sp/><sp/><sp/><sp/><sp/><sp/><sp/><sp/><sp/>e<sp/>-&gt;<sp/>num_comando<sp/>++;</highlight></codeline>
<codeline lineno="204"><highlight class="normal"><sp/><sp/><sp/><sp/><sp/><sp/><sp/><sp/><sp/><sp/><sp/><sp/><sp/><sp/><sp/><sp/></highlight><highlight class="keywordflow">return</highlight><highlight class="normal"><sp/>1;</highlight></codeline>
<codeline lineno="205"><highlight class="normal"><sp/><sp/><sp/><sp/><sp/><sp/><sp/><sp/><sp/><sp/><sp/><sp/>}</highlight></codeline>
<codeline lineno="206"><highlight class="normal">}</highlight></codeline>
<codeline lineno="207"><highlight class="normal"></highlight></codeline>
<codeline lineno="208"><highlight class="normal"></highlight><highlight class="keywordtype">int</highlight><highlight class="normal"><sp/>comandoJog2<sp/>(<ref refid="structESTADO" kindref="compound">ESTADO</ref><sp/>*e){</highlight></codeline>
<codeline lineno="209"><highlight class="normal"><sp/><sp/><sp/><sp/><sp/><sp/><sp/><sp/><sp/><sp/><sp/><sp/></highlight><highlight class="keywordtype">int</highlight><highlight class="normal"><sp/>tamanho,<sp/>valAl;</highlight></codeline>
<codeline lineno="210"><highlight class="normal"><sp/><sp/><sp/><sp/><sp/><sp/><sp/><sp/><sp/><sp/><sp/><sp/><ref refid="structnodo" kindref="compound">LISTA</ref><sp/>jogadasPossiveis<sp/>=<sp/><ref refid="lista_8h_1abca95c97419c216058988b39d856b93b" kindref="member">criaLista</ref><sp/>(e);</highlight></codeline>
<codeline lineno="211"><highlight class="normal"><sp/><sp/><sp/><sp/><sp/><sp/><sp/><sp/><sp/><sp/><sp/><sp/>tamanho<sp/>=<sp/><ref refid="lista_8h_1a1ba8d733e5338c4787d6802976ada84d" kindref="member">length</ref>(jogadasPossiveis);</highlight></codeline>
<codeline lineno="212"><highlight class="normal"><sp/><sp/><sp/><sp/><sp/><sp/><sp/><sp/><sp/><sp/><sp/><sp/>valAl<sp/>=<sp/>1<sp/>+<sp/>(rand()<sp/>%<sp/>tamanho);<sp/></highlight><highlight class="comment">//a<sp/>rand<sp/>gera<sp/>valores<sp/>entre<sp/>0<sp/>e<sp/>(tamanho-1),<sp/>mas<sp/>quer-se<sp/>um<sp/>valor<sp/>entre<sp/>1<sp/>e<sp/>tamanho<sp/><sp/><sp/><sp/><sp/><sp/><sp/><sp/><sp/><sp/></highlight><highlight class="normal"></highlight></codeline>
<codeline lineno="213"><highlight class="normal"><sp/><sp/><sp/><sp/><sp/><sp/><sp/><sp/><sp/><sp/><sp/><sp/><ref refid="structCOORDENADA" kindref="compound">COORDENADA</ref>*<sp/>jogada<sp/>=<sp/>comando_jog2(jogadasPossiveis,valAl);<sp/><sp/><sp/><sp/><sp/><sp/><sp/><sp/><sp/></highlight></codeline>
<codeline lineno="214"><highlight class="normal"><sp/><sp/><sp/><sp/><sp/><sp/><sp/><sp/><sp/><sp/><sp/><sp/></highlight><highlight class="keywordtype">int</highlight><highlight class="normal"><sp/>valido<sp/>=<sp/>jogar(e,<sp/>*jogada);</highlight></codeline>
<codeline lineno="215"><highlight class="normal"><sp/><sp/><sp/><sp/><sp/><sp/><sp/><sp/><sp/><sp/><sp/><sp/></highlight><highlight class="keywordtype">int</highlight><highlight class="normal"><sp/>vencedor<sp/>=<sp/>Vencedor<sp/>(e);</highlight></codeline>
<codeline lineno="216"><highlight class="normal"><sp/><sp/><sp/><sp/><sp/><sp/><sp/><sp/><sp/><sp/><sp/><sp/></highlight><highlight class="keywordflow">if</highlight><highlight class="normal"><sp/>(vencedor)<sp/>{</highlight></codeline>
<codeline lineno="217"><highlight class="normal"><sp/><sp/><sp/><sp/><sp/><sp/><sp/><sp/><sp/><sp/><sp/><sp/><sp/><sp/><sp/><sp/>putchar<sp/>(</highlight><highlight class="charliteral">&apos;\n&apos;</highlight><highlight class="normal">);</highlight></codeline>
<codeline lineno="218"><highlight class="normal"><sp/><sp/><sp/><sp/><sp/><sp/><sp/><sp/><sp/><sp/><sp/><sp/><sp/><sp/><sp/><sp/>mostrar_tabuleiro(*e,<sp/>stdout);</highlight></codeline>
<codeline lineno="219"><highlight class="normal"><sp/><sp/><sp/><sp/><sp/><sp/><sp/><sp/><sp/><sp/><sp/><sp/><sp/><sp/><sp/><sp/>printf<sp/>(</highlight><highlight class="stringliteral">&quot;O<sp/>vencedor<sp/>é<sp/>o<sp/>jogador<sp/>%d.\n&quot;</highlight><highlight class="normal">,<sp/>vencedor);</highlight></codeline>
<codeline lineno="220"><highlight class="normal"><sp/><sp/><sp/><sp/><sp/><sp/><sp/><sp/><sp/><sp/><sp/><sp/><sp/><sp/><sp/><sp/></highlight><highlight class="keywordflow">return</highlight><highlight class="normal"><sp/>0;</highlight></codeline>
<codeline lineno="221"><highlight class="normal"><sp/><sp/><sp/><sp/><sp/><sp/><sp/><sp/><sp/><sp/><sp/><sp/>}<sp/></highlight></codeline>
<codeline lineno="222"><highlight class="normal"><sp/><sp/><sp/><sp/><sp/><sp/><sp/><sp/><sp/><sp/><sp/><sp/></highlight><highlight class="keywordflow">else</highlight><highlight class="normal"><sp/></highlight><highlight class="keywordflow">if</highlight><highlight class="normal"><sp/>(!valido)<sp/>{</highlight></codeline>
<codeline lineno="223"><highlight class="normal"><sp/><sp/><sp/><sp/><sp/><sp/><sp/><sp/><sp/><sp/><sp/><sp/><sp/><sp/><sp/><sp/>printf(</highlight><highlight class="stringliteral">&quot;Jogada<sp/>inválida.Jogue<sp/>outra<sp/>vez!&quot;</highlight><highlight class="normal">);</highlight></codeline>
<codeline lineno="224"><highlight class="normal"><sp/><sp/><sp/><sp/><sp/><sp/><sp/><sp/><sp/><sp/><sp/><sp/><sp/><sp/><sp/><sp/></highlight><highlight class="keywordflow">return</highlight><highlight class="normal"><sp/>-1;</highlight></codeline>
<codeline lineno="225"><highlight class="normal"><sp/><sp/><sp/><sp/><sp/><sp/><sp/><sp/><sp/><sp/><sp/><sp/>}</highlight></codeline>
<codeline lineno="226"><highlight class="normal"><sp/><sp/><sp/><sp/><sp/><sp/><sp/><sp/><sp/><sp/><sp/><sp/>mostrar_tabuleiro(*e,<sp/>stdout);</highlight></codeline>
<codeline lineno="227"><highlight class="normal"><sp/><sp/><sp/><sp/><sp/><sp/><sp/><sp/><sp/><sp/><sp/><sp/></highlight><highlight class="keywordflow">while</highlight><highlight class="normal"><sp/>(!<ref refid="lista_8h_1a4c10928f7acaa4e3de3760cea0dfd9c0" kindref="member">lista_esta_vazia</ref>(jogadasPossiveis))<sp/>jogadasPossiveis<sp/>=<sp/><ref refid="lista_8h_1a9026a681a68322b5ec7f07137b864cbd" kindref="member">remove_cabeca</ref>(jogadasPossiveis);</highlight></codeline>
<codeline lineno="228"><highlight class="normal"><sp/><sp/><sp/><sp/><sp/><sp/><sp/><sp/><sp/><sp/><sp/><sp/>e<sp/>-&gt;<sp/>num_comando<sp/>++;</highlight></codeline>
<codeline lineno="229"><highlight class="normal"><sp/><sp/><sp/><sp/><sp/><sp/><sp/><sp/><sp/><sp/><sp/><sp/></highlight><highlight class="keywordflow">return</highlight><highlight class="normal"><sp/>1;</highlight></codeline>
<codeline lineno="230"><highlight class="normal">}</highlight></codeline>
    </programlisting>
    <location file="projeto/interface.c"/>
  </compounddef>
</doxygen>
