<?xml version='1.0' encoding='UTF-8' standalone='no'?>
<doxygen xmlns:xsi="http://www.w3.org/2001/XMLSchema-instance" xsi:noNamespaceSchemaLocation="compound.xsd" version="1.8.13">
  <compounddef id="projeto_2interface_8h" kind="file" language="C++">
    <compoundname>interface.h</compoundname>
    <includedby refid="projeto_2interface_8c" local="yes">projeto/interface.c</includedby>
    <includedby refid="main_8c" local="yes">projeto/main.c</includedby>
      <sectiondef kind="define">
      <memberdef kind="define" id="projeto_2interface_8h_1a6821bafc3c88dfb2e433a095df9940c6" prot="public" static="no">
        <name>BUF_SIZE</name>
        <initializer>1024</initializer>
        <briefdescription>
<para>Usado para armazenar um comando escrito pelo utilizador(imput) </para>        </briefdescription>
        <detaileddescription>
        </detaileddescription>
        <inbodydescription>
        </inbodydescription>
        <location file="projeto/interface.h" line="13" column="9" bodyfile="projeto/interface.h" bodystart="13" bodyend="-1"/>
      </memberdef>
      </sectiondef>
      <sectiondef kind="func">
      <memberdef kind="function" id="projeto_2interface_8h_1a267baf8b3887b2e3ce2b4f759cbced6c" prot="public" static="no" const="no" explicit="no" inline="no" virt="non-virtual">
        <type>void</type>
        <definition>void mostra_jogadas</definition>
        <argsstring>(ESTADO *s, FILE *fp)</argsstring>
        <name>mostra_jogadas</name>
        <param>
          <type><ref refid="structESTADO" kindref="compound">ESTADO</ref> *</type>
          <declname>s</declname>
        </param>
        <param>
          <type>FILE *</type>
          <declname>fp</declname>
        </param>
        <briefdescription>
<para>Mostra as jogadas. </para>        </briefdescription>
        <detaileddescription>
<para><parameterlist kind="param"><parameteritem>
<parameternamelist>
<parametername>s</parametername>
</parameternamelist>
<parameterdescription>
<para>Apontador para o estado </para></parameterdescription>
</parameteritem>
<parameteritem>
<parameternamelist>
<parametername>fp</parametername>
</parameternamelist>
<parameterdescription>
<para>Apontador para o ficheiro </para></parameterdescription>
</parameteritem>
</parameterlist>
</para>        </detaileddescription>
        <inbodydescription>
        </inbodydescription>
        <location file="projeto/interface.h" line="19" column="1" bodyfile="bot/interface.c" bodystart="26" bodyend="40"/>
      </memberdef>
      <memberdef kind="function" id="projeto_2interface_8h_1ab0666ab8d1dc23e2e155c0f992b62de6" prot="public" static="no" const="no" explicit="no" inline="no" virt="non-virtual">
        <type>void</type>
        <definition>void mostrar_tabuleiro</definition>
        <argsstring>(ESTADO s, FILE *fp)</argsstring>
        <name>mostrar_tabuleiro</name>
        <param>
          <type><ref refid="structESTADO" kindref="compound">ESTADO</ref></type>
          <declname>s</declname>
        </param>
        <param>
          <type>FILE *</type>
          <declname>fp</declname>
        </param>
        <briefdescription>
<para>Imprime o tabuleiro. </para>        </briefdescription>
        <detaileddescription>
<para><parameterlist kind="param"><parameteritem>
<parameternamelist>
<parametername>s</parametername>
</parameternamelist>
<parameterdescription>
<para>Estado </para></parameterdescription>
</parameteritem>
<parameteritem>
<parameternamelist>
<parametername>fp</parametername>
</parameternamelist>
<parameterdescription>
<para>Apontador para o ficheiro </para></parameterdescription>
</parameteritem>
</parameterlist>
</para>        </detaileddescription>
        <inbodydescription>
        </inbodydescription>
        <location file="projeto/interface.h" line="25" column="1" bodyfile="bot/interface.c" bodystart="9" bodyend="24"/>
      </memberdef>
      <memberdef kind="function" id="projeto_2interface_8h_1a24da95ebeede4a540e37790ce8be359b" prot="public" static="no" const="no" explicit="no" inline="no" virt="non-virtual">
        <type>int</type>
        <definition>int interpretador</definition>
        <argsstring>(ESTADO *e)</argsstring>
        <name>interpretador</name>
        <param>
          <type><ref refid="structESTADO" kindref="compound">ESTADO</ref> *</type>
          <declname>e</declname>
        </param>
        <briefdescription>
<para>Interpreta as jogadas feitas pelo jogador. </para>        </briefdescription>
        <detaileddescription>
<para><parameterlist kind="param"><parameteritem>
<parameternamelist>
<parametername>s</parametername>
</parameternamelist>
<parameterdescription>
<para>Apontador para o Estado </para></parameterdescription>
</parameteritem>
</parameterlist>
<simplesect kind="return"><para>Valor que corresponde ao tipo de comportamento que deve ter o Jogo. </para></simplesect>
</para>        </detaileddescription>
        <inbodydescription>
        </inbodydescription>
        <location file="projeto/interface.h" line="31" column="1" bodyfile="projeto/interface.c" bodystart="13" bodyend="58"/>
      </memberdef>
      <memberdef kind="function" id="projeto_2interface_8h_1ab34663336c22b482b0eadca598fd4bcb" prot="public" static="no" const="no" explicit="no" inline="no" virt="non-virtual">
        <type>void</type>
        <definition>void mostra_prompt</definition>
        <argsstring>(ESTADO *s)</argsstring>
        <name>mostra_prompt</name>
        <param>
          <type><ref refid="structESTADO" kindref="compound">ESTADO</ref> *</type>
          <declname>s</declname>
        </param>
        <briefdescription>
<para>Imprime o prompt. </para>        </briefdescription>
        <detaileddescription>
<para><parameterlist kind="param"><parameteritem>
<parameternamelist>
<parametername>s</parametername>
</parameternamelist>
<parameterdescription>
<para>Apontador para o estado </para></parameterdescription>
</parameteritem>
</parameterlist>
</para>        </detaileddescription>
        <inbodydescription>
        </inbodydescription>
        <location file="projeto/interface.h" line="36" column="1" bodyfile="projeto/interface.c" bodystart="93" bodyend="103"/>
      </memberdef>
      <memberdef kind="function" id="projeto_2interface_8h_1adbe7c2c3528c083997d14ec6c0a0d8a7" prot="public" static="no" const="no" explicit="no" inline="no" virt="non-virtual">
        <type>void</type>
        <definition>void guarda_ficheiro</definition>
        <argsstring>(ESTADO *e, FILE *fp)</argsstring>
        <name>guarda_ficheiro</name>
        <param>
          <type><ref refid="structESTADO" kindref="compound">ESTADO</ref> *</type>
          <declname>e</declname>
        </param>
        <param>
          <type>FILE *</type>
          <declname>fp</declname>
        </param>
        <briefdescription>
<para>Interpreta as jogadas feitas pelo jogador. </para>        </briefdescription>
        <detaileddescription>
<para><parameterlist kind="param"><parameteritem>
<parameternamelist>
<parametername>e</parametername>
</parameternamelist>
<parameterdescription>
<para>Apontador para o Estado </para></parameterdescription>
</parameteritem>
<parameteritem>
<parameternamelist>
<parametername>fp</parametername>
</parameternamelist>
<parameterdescription>
<para>Apontador para o ficheiro onde se guarda o Estado</para></parameterdescription>
</parameteritem>
</parameterlist>
Interpreta as jogadas feitas pelo jogador.</para><para><parameterlist kind="param"><parameteritem>
<parameternamelist>
<parametername>e</parametername>
</parameternamelist>
<parameterdescription>
<para>Apontador para o Estado </para></parameterdescription>
</parameteritem>
<parameteritem>
<parameternamelist>
<parametername>fp</parametername>
</parameternamelist>
<parameterdescription>
<para>Apontador para o ficheiro onde se guarda o Estado do Jogo </para></parameterdescription>
</parameteritem>
</parameterlist>
</para>        </detaileddescription>
        <inbodydescription>
        </inbodydescription>
        <location file="projeto/interface.h" line="42" column="1" bodyfile="bot/interface.c" bodystart="42" bodyend="46"/>
      </memberdef>
      <memberdef kind="function" id="projeto_2interface_8h_1a2d3b14a4d0e7bd04195b0d0d038b825c" prot="public" static="no" const="no" explicit="no" inline="no" virt="non-virtual">
        <type>int</type>
        <definition>int comandoPos</definition>
        <argsstring>(ESTADO *e, int jog)</argsstring>
        <name>comandoPos</name>
        <param>
          <type><ref refid="structESTADO" kindref="compound">ESTADO</ref> *</type>
          <declname>e</declname>
        </param>
        <param>
          <type>int</type>
          <declname>jog</declname>
        </param>
        <briefdescription>
<para>Usado no Interpretador para executar o comando &quot;pos&quot;. </para>        </briefdescription>
        <detaileddescription>
<para><parameterlist kind="param"><parameteritem>
<parameternamelist>
<parametername>e</parametername>
</parameternamelist>
<parameterdescription>
<para>Apontador para o Estado </para></parameterdescription>
</parameteritem>
<parameteritem>
<parameternamelist>
<parametername>jog</parametername>
</parameternamelist>
<parameterdescription>
<para>Número do conjunto de jogadas para as quais se quer retornar </para></parameterdescription>
</parameteritem>
</parameterlist>
<simplesect kind="return"><para>Valor que corresponde ao tipo de comportamento que deve ter o Jogo. </para></simplesect>
</para>        </detaileddescription>
        <inbodydescription>
        </inbodydescription>
        <location file="projeto/interface.h" line="49" column="1" bodyfile="projeto/interface.c" bodystart="111" bodyend="121"/>
      </memberdef>
      <memberdef kind="function" id="projeto_2interface_8h_1a9e531e72ec46548176cae326ecfd7e88" prot="public" static="no" const="no" explicit="no" inline="no" virt="non-virtual">
        <type>int</type>
        <definition>int comandoJogar</definition>
        <argsstring>(ESTADO *e, char *col, char *lin)</argsstring>
        <name>comandoJogar</name>
        <param>
          <type><ref refid="structESTADO" kindref="compound">ESTADO</ref> *</type>
          <declname>e</declname>
        </param>
        <param>
          <type>char *</type>
          <declname>col</declname>
        </param>
        <param>
          <type>char *</type>
          <declname>lin</declname>
        </param>
        <briefdescription>
<para>Usado no Interpretador para executar uma jogada(ex.:&quot;e4&quot;) </para>        </briefdescription>
        <detaileddescription>
<para><parameterlist kind="param"><parameteritem>
<parameternamelist>
<parametername>e</parametername>
</parameternamelist>
<parameterdescription>
<para>Apontador para o Estado </para></parameterdescription>
</parameteritem>
<parameteritem>
<parameternamelist>
<parametername>col</parametername>
</parameternamelist>
<parameterdescription>
<para>Apontador para a coluna onde se vai jogar </para></parameterdescription>
</parameteritem>
<parameteritem>
<parameternamelist>
<parametername>lin</parametername>
</parameternamelist>
<parameterdescription>
<para>Apontador para a linha onde se vai jogar </para></parameterdescription>
</parameteritem>
</parameterlist>
<simplesect kind="return"><para>Valor que corresponde ao tipo de comportamento que deve ter o Jogo. </para></simplesect>
</para>        </detaileddescription>
        <inbodydescription>
        </inbodydescription>
        <location file="projeto/interface.h" line="57" column="1" bodyfile="projeto/interface.c" bodystart="123" bodyend="138"/>
      </memberdef>
      <memberdef kind="function" id="projeto_2interface_8h_1a4dd74e90054f4b44928446afbf6c3c32" prot="public" static="no" const="no" explicit="no" inline="no" virt="non-virtual">
        <type>int</type>
        <definition>int comandoGravar</definition>
        <argsstring>(ESTADO *e, const char *endereco)</argsstring>
        <name>comandoGravar</name>
        <param>
          <type><ref refid="structESTADO" kindref="compound">ESTADO</ref> *</type>
          <declname>e</declname>
        </param>
        <param>
          <type>const char *</type>
          <declname>endereco</declname>
        </param>
        <briefdescription>
<para>Usado no Interpretador para executar o comando &quot;gr&quot;. </para>        </briefdescription>
        <detaileddescription>
<para><parameterlist kind="param"><parameteritem>
<parameternamelist>
<parametername>e</parametername>
</parameternamelist>
<parameterdescription>
<para>Apontador para o Estado </para></parameterdescription>
</parameteritem>
<parameteritem>
<parameternamelist>
<parametername>endereco</parametername>
</parameternamelist>
<parameterdescription>
<para>Apontador para o endero do ficheiro onde se guarda o Estado </para></parameterdescription>
</parameteritem>
</parameterlist>
<simplesect kind="return"><para>Valor que corresponde ao tipo de comportamento que deve ter o Jogo. </para></simplesect>
</para>        </detaileddescription>
        <inbodydescription>
        </inbodydescription>
        <location file="projeto/interface.h" line="64" column="1" bodyfile="projeto/interface.c" bodystart="140" bodyend="161"/>
      </memberdef>
      <memberdef kind="function" id="projeto_2interface_8h_1aabd415fafb94a2d6c7a6d6d6a29979a8" prot="public" static="no" const="no" explicit="no" inline="no" virt="non-virtual">
        <type>int</type>
        <definition>int comandoJog</definition>
        <argsstring>(ESTADO *e)</argsstring>
        <name>comandoJog</name>
        <param>
          <type><ref refid="structESTADO" kindref="compound">ESTADO</ref> *</type>
          <declname>e</declname>
        </param>
        <briefdescription>
<para>Usado no Interpretador para executar o comando &quot;jog&quot;. </para>        </briefdescription>
        <detaileddescription>
<para><parameterlist kind="param"><parameteritem>
<parameternamelist>
<parametername>e</parametername>
</parameternamelist>
<parameterdescription>
<para>Apontador para o Estado </para></parameterdescription>
</parameteritem>
</parameterlist>
<simplesect kind="return"><para>Valor que corresponde ao tipo de comportamento que deve ter o Jogo. </para></simplesect>
</para>        </detaileddescription>
        <inbodydescription>
        </inbodydescription>
        <location file="projeto/interface.h" line="70" column="1" bodyfile="projeto/interface.c" bodystart="163" bodyend="182"/>
      </memberdef>
      <memberdef kind="function" id="projeto_2interface_8h_1a85103aa04ba49e1a5745f371e4763416" prot="public" static="no" const="no" explicit="no" inline="no" virt="non-virtual">
        <type>int</type>
        <definition>int comandoLer</definition>
        <argsstring>(ESTADO *e, const char *endereco)</argsstring>
        <name>comandoLer</name>
        <param>
          <type><ref refid="structESTADO" kindref="compound">ESTADO</ref> *</type>
          <declname>e</declname>
        </param>
        <param>
          <type>const char *</type>
          <declname>endereco</declname>
        </param>
        <briefdescription>
<para>Usado no Interpretador para executar o comando &quot;ler&quot;. </para>        </briefdescription>
        <detaileddescription>
<para><parameterlist kind="param"><parameteritem>
<parameternamelist>
<parametername>e</parametername>
</parameternamelist>
<parameterdescription>
<para>Apontador para o Estado </para></parameterdescription>
</parameteritem>
<parameteritem>
<parameternamelist>
<parametername>endereco</parametername>
</parameternamelist>
<parameterdescription>
<para>Apontador para o endereço do ficheiro a ler </para></parameterdescription>
</parameteritem>
</parameterlist>
<simplesect kind="return"><para>Valor que corresponde ao tipo de comportamento que deve ter o Jogo. </para></simplesect>
</para>        </detaileddescription>
        <inbodydescription>
        </inbodydescription>
        <location file="projeto/interface.h" line="77" column="1" bodyfile="projeto/interface.c" bodystart="184" bodyend="206"/>
      </memberdef>
      <memberdef kind="function" id="projeto_2interface_8h_1af5a824949b633ac90ebf4d370d96cbc2" prot="public" static="no" const="no" explicit="no" inline="no" virt="non-virtual">
        <type>int</type>
        <definition>int comandoJog2</definition>
        <argsstring>(ESTADO *e)</argsstring>
        <name>comandoJog2</name>
        <param>
          <type><ref refid="structESTADO" kindref="compound">ESTADO</ref> *</type>
          <declname>e</declname>
        </param>
        <briefdescription>
<para>Usado no Interpretador para executar o comando &quot;jog2&quot;. </para>        </briefdescription>
        <detaileddescription>
<para><parameterlist kind="param"><parameteritem>
<parameternamelist>
<parametername>e</parametername>
</parameternamelist>
<parameterdescription>
<para>Apontador para o Estado </para></parameterdescription>
</parameteritem>
</parameterlist>
<simplesect kind="return"><para>Valor que corresponde ao tipo de comportamento que deve ter o Jogo. </para></simplesect>
</para>        </detaileddescription>
        <inbodydescription>
        </inbodydescription>
        <location file="projeto/interface.h" line="83" column="1" bodyfile="projeto/interface.c" bodystart="208" bodyend="230"/>
      </memberdef>
      </sectiondef>
    <briefdescription>
    </briefdescription>
    <detaileddescription>
    </detaileddescription>
    <programlisting>
<codeline lineno="1"></codeline>
<codeline lineno="6"><highlight class="preprocessor">#ifndef<sp/>___INTERFACE_H___</highlight><highlight class="normal"></highlight></codeline>
<codeline lineno="7"><highlight class="normal"></highlight><highlight class="preprocessor">#define<sp/>___INTERFACE_H___</highlight><highlight class="normal"></highlight></codeline>
<codeline lineno="8"><highlight class="normal"></highlight></codeline>
<codeline lineno="9"><highlight class="normal"></highlight></codeline>
<codeline lineno="13"><highlight class="preprocessor">#define<sp/>BUF_SIZE<sp/>1024</highlight><highlight class="normal"></highlight></codeline>
<codeline lineno="14"><highlight class="normal"></highlight></codeline>
<codeline lineno="19"><highlight class="keywordtype">void</highlight><highlight class="normal"><sp/>mostra_jogadas<sp/>(<ref refid="structESTADO" kindref="compound">ESTADO</ref><sp/>*s,<sp/>FILE<sp/>*fp);</highlight></codeline>
<codeline lineno="25"><highlight class="keywordtype">void</highlight><highlight class="normal"><sp/>mostrar_tabuleiro<sp/>(<ref refid="structESTADO" kindref="compound">ESTADO</ref><sp/>s,<sp/>FILE<sp/>*fp);</highlight></codeline>
<codeline lineno="31"><highlight class="keywordtype">int</highlight><highlight class="normal"><sp/>interpretador(<ref refid="structESTADO" kindref="compound">ESTADO</ref><sp/>*e);</highlight></codeline>
<codeline lineno="36"><highlight class="keywordtype">void</highlight><highlight class="normal"><sp/>mostra_prompt<sp/>(<ref refid="structESTADO" kindref="compound">ESTADO</ref><sp/>*s);</highlight></codeline>
<codeline lineno="42"><highlight class="keywordtype">void</highlight><highlight class="normal"><sp/>guarda_ficheiro<sp/>(<ref refid="structESTADO" kindref="compound">ESTADO</ref><sp/>*e,<sp/>FILE<sp/>*fp);</highlight></codeline>
<codeline lineno="49"><highlight class="keywordtype">int</highlight><highlight class="normal"><sp/>comandoPos(<ref refid="structESTADO" kindref="compound">ESTADO</ref><sp/>*e,<sp/></highlight><highlight class="keywordtype">int</highlight><highlight class="normal"><sp/>jog);</highlight></codeline>
<codeline lineno="57"><highlight class="keywordtype">int</highlight><highlight class="normal"><sp/>comandoJogar(<ref refid="structESTADO" kindref="compound">ESTADO</ref><sp/>*e,<sp/></highlight><highlight class="keywordtype">char</highlight><highlight class="normal"><sp/>*col,<sp/></highlight><highlight class="keywordtype">char</highlight><highlight class="normal"><sp/>*lin);</highlight></codeline>
<codeline lineno="64"><highlight class="keywordtype">int</highlight><highlight class="normal"><sp/>comandoGravar(<ref refid="structESTADO" kindref="compound">ESTADO</ref><sp/>*e,<sp/></highlight><highlight class="keyword">const</highlight><highlight class="normal"><sp/></highlight><highlight class="keywordtype">char</highlight><highlight class="normal"><sp/>*endereco<sp/>);</highlight></codeline>
<codeline lineno="70"><highlight class="keywordtype">int</highlight><highlight class="normal"><sp/>comandoJog<sp/>(<ref refid="structESTADO" kindref="compound">ESTADO</ref><sp/>*e);</highlight></codeline>
<codeline lineno="77"><highlight class="keywordtype">int</highlight><highlight class="normal"><sp/>comandoLer(<ref refid="structESTADO" kindref="compound">ESTADO</ref><sp/>*e,<sp/></highlight><highlight class="keyword">const</highlight><highlight class="normal"><sp/></highlight><highlight class="keywordtype">char</highlight><highlight class="normal"><sp/>*endereco<sp/>);</highlight></codeline>
<codeline lineno="83"><highlight class="keywordtype">int</highlight><highlight class="normal"><sp/>comandoJog2<sp/>(<ref refid="structESTADO" kindref="compound">ESTADO</ref><sp/>*e);</highlight></codeline>
<codeline lineno="84"><highlight class="normal"></highlight></codeline>
<codeline lineno="85"><highlight class="normal"></highlight><highlight class="preprocessor">#endif</highlight></codeline>
    </programlisting>
    <location file="projeto/interface.h"/>
  </compounddef>
</doxygen>
