<?xml version='1.0' encoding='UTF-8' standalone='no'?>
<doxygen xmlns:xsi="http://www.w3.org/2001/XMLSchema-instance" xsi:noNamespaceSchemaLocation="compound.xsd" version="1.8.13">
  <compounddef id="projeto_2logica_8c" kind="file" language="C++">
    <compoundname>logica.c</compoundname>
    <includes local="no">stdio.h</includes>
    <includes local="no">stdlib.h</includes>
    <includes local="no">math.h</includes>
    <includes local="no">string.h</includes>
    <includes refid="projeto_2dados_8h" local="yes">dados.h</includes>
    <includes refid="lista_8h" local="yes">lista.h</includes>
    <includes refid="projeto_2logica_8h" local="yes">logica.h</includes>
    <incdepgraph>
      <node id="99">
        <label>dados.h</label>
        <link refid="projeto_2dados_8h_source"/>
      </node>
      <node id="96">
        <label>stdlib.h</label>
      </node>
      <node id="94">
        <label>projeto/logica.c</label>
        <link refid="projeto_2logica_8c"/>
        <childnode refid="95" relation="include">
        </childnode>
        <childnode refid="96" relation="include">
        </childnode>
        <childnode refid="97" relation="include">
        </childnode>
        <childnode refid="98" relation="include">
        </childnode>
        <childnode refid="99" relation="include">
        </childnode>
        <childnode refid="100" relation="include">
        </childnode>
        <childnode refid="101" relation="include">
        </childnode>
      </node>
      <node id="101">
        <label>logica.h</label>
        <link refid="projeto_2logica_8h_source"/>
      </node>
      <node id="98">
        <label>string.h</label>
      </node>
      <node id="97">
        <label>math.h</label>
      </node>
      <node id="100">
        <label>lista.h</label>
        <link refid="lista_8h"/>
      </node>
      <node id="95">
        <label>stdio.h</label>
      </node>
    </incdepgraph>
      <sectiondef kind="func">
      <memberdef kind="function" id="projeto_2logica_8c_1a53472e75f056ceb02b5387193021838a" prot="public" static="no" const="no" explicit="no" inline="no" virt="non-virtual">
        <type>int</type>
        <definition>int jogar</definition>
        <argsstring>(ESTADO *estado, COORDENADA c)</argsstring>
        <name>jogar</name>
        <param>
          <type><ref refid="structESTADO" kindref="compound">ESTADO</ref> *</type>
          <declname>e</declname>
          <defname>estado</defname>
        </param>
        <param>
          <type><ref refid="structCOORDENADA" kindref="compound">COORDENADA</ref></type>
          <declname>c</declname>
        </param>
        <briefdescription>
<para>Verifica se a jogada é possível, e altera o estado. </para>        </briefdescription>
        <detaileddescription>
<para><parameterlist kind="param"><parameteritem>
<parameternamelist>
<parametername>estado</parametername>
</parameternamelist>
<parameterdescription>
<para>Apontador para o estado </para></parameterdescription>
</parameteritem>
<parameteritem>
<parameternamelist>
<parametername>c</parametername>
</parameternamelist>
<parameterdescription>
<para>A coordenada </para></parameterdescription>
</parameteritem>
</parameterlist>
<simplesect kind="return"><para>Se a jogada é válida ou não </para></simplesect>
</para>        </detaileddescription>
        <inbodydescription>
        </inbodydescription>
        <location file="projeto/logica.c" line="12" column="1" bodyfile="projeto/logica.c" bodystart="12" bodyend="34"/>
      </memberdef>
      <memberdef kind="function" id="projeto_2logica_8c_1a6fce62b57158daf992d52efc813da9cb" prot="public" static="no" const="no" explicit="no" inline="no" virt="non-virtual">
        <type>int</type>
        <definition>int Vencedor</definition>
        <argsstring>(ESTADO *e)</argsstring>
        <name>Vencedor</name>
        <param>
          <type><ref refid="structESTADO" kindref="compound">ESTADO</ref> *</type>
          <declname>e</declname>
        </param>
        <briefdescription>
<para>Verifica se há um vencedor. </para>        </briefdescription>
        <detaileddescription>
<para><parameterlist kind="param"><parameteritem>
<parameternamelist>
<parametername>estado</parametername>
</parameternamelist>
<parameterdescription>
<para>Apontador para o estado </para></parameterdescription>
</parameteritem>
</parameterlist>
<simplesect kind="return"><para>Retorna o número do vencedor caso haja </para></simplesect>
</para>        </detaileddescription>
        <inbodydescription>
        </inbodydescription>
        <location file="projeto/logica.c" line="36" column="1" bodyfile="projeto/logica.c" bodystart="36" bodyend="48"/>
      </memberdef>
      <memberdef kind="function" id="projeto_2logica_8c_1a88463afa79fe411e2f9ce48df4c8a5c5" prot="public" static="no" const="no" explicit="no" inline="no" virt="non-virtual">
        <type>int</type>
        <definition>int casaVazia</definition>
        <argsstring>(ESTADO *estado, COORDENADA *c)</argsstring>
        <name>casaVazia</name>
        <param>
          <type><ref refid="structESTADO" kindref="compound">ESTADO</ref> *</type>
          <declname>e</declname>
          <defname>estado</defname>
        </param>
        <param>
          <type><ref refid="structCOORDENADA" kindref="compound">COORDENADA</ref> *</type>
          <declname>c</declname>
        </param>
        <briefdescription>
<para>Verifica se a casa destino está vazia. </para>        </briefdescription>
        <detaileddescription>
<para><parameterlist kind="param"><parameteritem>
<parameternamelist>
<parametername>estado</parametername>
</parameternamelist>
<parameterdescription>
<para>Apontador para o estado </para></parameterdescription>
</parameteritem>
<parameteritem>
<parameternamelist>
<parametername>c</parametername>
</parameternamelist>
<parameterdescription>
<para>A coordenada </para></parameterdescription>
</parameteritem>
</parameterlist>
<simplesect kind="return"><para>Se a casa está livre ou não </para></simplesect>
</para>        </detaileddescription>
        <inbodydescription>
        </inbodydescription>
        <location file="projeto/logica.c" line="50" column="1" bodyfile="projeto/logica.c" bodystart="50" bodyend="55"/>
      </memberdef>
      <memberdef kind="function" id="projeto_2logica_8c_1a082ab9e10e65f18d8c80efe8f0ee7a90" prot="public" static="no" const="no" explicit="no" inline="no" virt="non-virtual">
        <type>int</type>
        <definition>int jogadaValida</definition>
        <argsstring>(ESTADO *estado, COORDENADA *c)</argsstring>
        <name>jogadaValida</name>
        <param>
          <type><ref refid="structESTADO" kindref="compound">ESTADO</ref> *</type>
          <declname>e</declname>
          <defname>estado</defname>
        </param>
        <param>
          <type><ref refid="structCOORDENADA" kindref="compound">COORDENADA</ref> *</type>
          <declname>c</declname>
        </param>
        <briefdescription>
<para>Verifica se a jogada é Válida. </para>        </briefdescription>
        <detaileddescription>
<para><parameterlist kind="param"><parameteritem>
<parameternamelist>
<parametername>estado</parametername>
</parameternamelist>
<parameterdescription>
<para>Apontador para o estado </para></parameterdescription>
</parameteritem>
<parameteritem>
<parameternamelist>
<parametername>c</parametername>
</parameternamelist>
<parameterdescription>
<para>Coordenada da jogada </para></parameterdescription>
</parameteritem>
</parameterlist>
<simplesect kind="return"><para>Se a jogada é válida ou não </para></simplesect>
</para>        </detaileddescription>
        <inbodydescription>
        </inbodydescription>
        <location file="projeto/logica.c" line="58" column="1" bodyfile="projeto/logica.c" bodystart="58" bodyend="72"/>
      </memberdef>
      <memberdef kind="function" id="projeto_2logica_8c_1ac19a705a422f277470e437cf7aa7a554" prot="public" static="no" const="no" explicit="no" inline="no" virt="non-virtual">
        <type>int</type>
        <definition>int JogadasPossiveis</definition>
        <argsstring>(ESTADO *estado)</argsstring>
        <name>JogadasPossiveis</name>
        <param>
          <type><ref refid="structESTADO" kindref="compound">ESTADO</ref> *</type>
          <declname>e</declname>
          <defname>estado</defname>
        </param>
        <briefdescription>
<para>Verifica se na última jogada do estado existe alguma casa livre. </para>        </briefdescription>
        <detaileddescription>
<para><parameterlist kind="param"><parameteritem>
<parameternamelist>
<parametername>estado</parametername>
</parameternamelist>
<parameterdescription>
<para>Apontador para o estado </para></parameterdescription>
</parameteritem>
</parameterlist>
<simplesect kind="return"><para>Retorna se é possível ou não </para></simplesect>
</para>        </detaileddescription>
        <inbodydescription>
        </inbodydescription>
        <location file="projeto/logica.c" line="76" column="1" bodyfile="projeto/logica.c" bodystart="76" bodyend="80"/>
      </memberdef>
      <memberdef kind="function" id="projeto_2logica_8c_1a1326e92f82b72cd3bc1a55183720d079" prot="public" static="no" const="no" explicit="no" inline="no" virt="non-virtual">
        <type>int</type>
        <definition>int anyVazio</definition>
        <argsstring>(ESTADO *e, COORDENADA *c)</argsstring>
        <name>anyVazio</name>
        <param>
          <type><ref refid="structESTADO" kindref="compound">ESTADO</ref> *</type>
          <declname>e</declname>
        </param>
        <param>
          <type><ref refid="structCOORDENADA" kindref="compound">COORDENADA</ref> *</type>
          <declname>c</declname>
        </param>
        <briefdescription>
<para>Verifica se alguma das casas possíveis é vazia ou não. </para>        </briefdescription>
        <detaileddescription>
<para><parameterlist kind="param"><parameteritem>
<parameternamelist>
<parametername>estado</parametername>
</parameternamelist>
<parameterdescription>
<para>Apontador para o estado </para></parameterdescription>
</parameteritem>
<parameteritem>
<parameternamelist>
<parametername>c</parametername>
</parameternamelist>
<parameterdescription>
<para>Apontador para a coordenada </para></parameterdescription>
</parameteritem>
</parameterlist>
<simplesect kind="return"><para>Retorna TRUE or FALSE </para></simplesect>
</para>        </detaileddescription>
        <inbodydescription>
        </inbodydescription>
        <location file="projeto/logica.c" line="82" column="1" bodyfile="projeto/logica.c" bodystart="82" bodyend="96"/>
      </memberdef>
      <memberdef kind="function" id="projeto_2logica_8c_1a7f805617a6f4676ef215c29a0d1f45c4" prot="public" static="no" const="no" explicit="no" inline="no" virt="non-virtual">
        <type>int</type>
        <definition>int CoordenadaValida</definition>
        <argsstring>(COORDENADA *a)</argsstring>
        <name>CoordenadaValida</name>
        <param>
          <type><ref refid="structCOORDENADA" kindref="compound">COORDENADA</ref> *</type>
          <declname>c</declname>
          <defname>a</defname>
        </param>
        <briefdescription>
<para>Verifica se Coordenada é válida. </para>        </briefdescription>
        <detaileddescription>
<para><parameterlist kind="param"><parameteritem>
<parameternamelist>
<parametername>a</parametername>
</parameternamelist>
<parameterdescription>
<para>Coordenada </para></parameterdescription>
</parameteritem>
</parameterlist>
<simplesect kind="return"><para>Retorna se é possível ou não </para></simplesect>
</para>        </detaileddescription>
        <inbodydescription>
        </inbodydescription>
        <location file="projeto/logica.c" line="99" column="1" bodyfile="projeto/logica.c" bodystart="99" bodyend="102"/>
      </memberdef>
      <memberdef kind="function" id="projeto_2logica_8c_1adb63309b72e0749f8e56bb18df39152d" prot="public" static="no" const="no" explicit="no" inline="no" virt="non-virtual">
        <type>void</type>
        <definition>void le_ficheiro</definition>
        <argsstring>(ESTADO *e, FILE *fp)</argsstring>
        <name>le_ficheiro</name>
        <param>
          <type><ref refid="structESTADO" kindref="compound">ESTADO</ref> *</type>
          <declname>e</declname>
        </param>
        <param>
          <type>FILE *</type>
          <declname>fp</declname>
        </param>
        <briefdescription>
<para>Lê um ficheiro com o Tabuleiro e as jogadas. </para>        </briefdescription>
        <detaileddescription>
<para><parameterlist kind="param"><parameteritem>
<parameternamelist>
<parametername>e</parametername>
</parameternamelist>
<parameterdescription>
<para>Apontador para o estado </para></parameterdescription>
</parameteritem>
<parameteritem>
<parameternamelist>
<parametername>fp</parametername>
</parameternamelist>
<parameterdescription>
<para>Apontador para o ficheiro </para></parameterdescription>
</parameteritem>
</parameterlist>
</para>        </detaileddescription>
        <inbodydescription>
        </inbodydescription>
        <location file="projeto/logica.c" line="105" column="1" bodyfile="projeto/logica.c" bodystart="105" bodyend="116"/>
      </memberdef>
      <memberdef kind="function" id="projeto_2logica_8c_1a46fdebf63e4fa6ef714bb7d1b8d5c163" prot="public" static="no" const="no" explicit="no" inline="no" virt="non-virtual">
        <type>void</type>
        <definition>void guardaLinha</definition>
        <argsstring>(ESTADO *e, char linha[], int nlinha, int *contador)</argsstring>
        <name>guardaLinha</name>
        <param>
          <type><ref refid="structESTADO" kindref="compound">ESTADO</ref> *</type>
          <declname>e</declname>
        </param>
        <param>
          <type>char</type>
          <declname>linha</declname>
          <array>[]</array>
        </param>
        <param>
          <type>int</type>
          <declname>nlinha</declname>
        </param>
        <param>
          <type>int *</type>
          <declname>contador</declname>
        </param>
        <briefdescription>
<para>Lê um ficheiro com o Tabuleiro e altera o Estado. </para>        </briefdescription>
        <detaileddescription>
<para><parameterlist kind="param"><parameteritem>
<parameternamelist>
<parametername>e</parametername>
</parameternamelist>
<parameterdescription>
<para>Apontador para o estado </para></parameterdescription>
</parameteritem>
<parameteritem>
<parameternamelist>
<parametername>linha</parametername>
</parameternamelist>
<parameterdescription>
<para>Linha do tabuleiro </para></parameterdescription>
</parameteritem>
<parameteritem>
<parameternamelist>
<parametername>nlinha</parametername>
</parameternamelist>
<parameterdescription>
<para>Linha atual </para></parameterdescription>
</parameteritem>
<parameteritem>
<parameternamelist>
<parametername>contador</parametername>
</parameternamelist>
<parameterdescription>
<para>Apontador para um contador que posteriormente irá calcular o número de jogadas </para></parameterdescription>
</parameteritem>
</parameterlist>
</para>        </detaileddescription>
        <inbodydescription>
        </inbodydescription>
        <location file="projeto/logica.c" line="118" column="1" bodyfile="projeto/logica.c" bodystart="118" bodyend="142"/>
      </memberdef>
      <memberdef kind="function" id="projeto_2logica_8c_1ad5683dcebcf5926c188b34a9c9151a3e" prot="public" static="no" const="no" explicit="no" inline="no" virt="non-virtual">
        <type>void</type>
        <definition>void guardaJogadas</definition>
        <argsstring>(ESTADO *e, char linha[], int num_jogada, int n)</argsstring>
        <name>guardaJogadas</name>
        <param>
          <type><ref refid="structESTADO" kindref="compound">ESTADO</ref> *</type>
          <declname>e</declname>
        </param>
        <param>
          <type>char</type>
          <declname>linha</declname>
          <array>[]</array>
        </param>
        <param>
          <type>int</type>
          <declname>num_jogada</declname>
        </param>
        <param>
          <type>int</type>
          <declname>n</declname>
        </param>
        <briefdescription>
<para>Lê um ficheiro com as Jogadas e altera o Estado. </para>        </briefdescription>
        <detaileddescription>
<para><parameterlist kind="param"><parameteritem>
<parameternamelist>
<parametername>e</parametername>
</parameternamelist>
<parameterdescription>
<para>Apontador para o estado </para></parameterdescription>
</parameteritem>
<parameteritem>
<parameternamelist>
<parametername>linha</parametername>
</parameternamelist>
<parameterdescription>
<para>Linha do tabuleiro </para></parameterdescription>
</parameteritem>
<parameteritem>
<parameternamelist>
<parametername>num_jogada</parametername>
</parameternamelist>
<parameterdescription>
<para>Número da jogada </para></parameterdescription>
</parameteritem>
<parameteritem>
<parameternamelist>
<parametername>n</parametername>
</parameternamelist>
<parameterdescription>
<para>Número de jogadas </para></parameterdescription>
</parameteritem>
</parameterlist>
</para>        </detaileddescription>
        <inbodydescription>
        </inbodydescription>
        <location file="projeto/logica.c" line="145" column="1" bodyfile="projeto/logica.c" bodystart="145" bodyend="156"/>
      </memberdef>
      <memberdef kind="function" id="projeto_2logica_8c_1a84a4a8d419fa5732e96e2180a5991d17" prot="public" static="no" const="no" explicit="no" inline="no" virt="non-virtual">
        <type>void</type>
        <definition>void jogadaAnterior</definition>
        <argsstring>(ESTADO *e, int numeroJogada)</argsstring>
        <name>jogadaAnterior</name>
        <param>
          <type><ref refid="structESTADO" kindref="compound">ESTADO</ref> *</type>
          <declname>e</declname>
        </param>
        <param>
          <type>int</type>
          <declname>numeroJogada</declname>
        </param>
        <briefdescription>
<para>Permite ao jogador voltar para uma determinada jogada. </para>        </briefdescription>
        <detaileddescription>
<para><parameterlist kind="param"><parameteritem>
<parameternamelist>
<parametername>e</parametername>
</parameternamelist>
<parameterdescription>
<para>Apontador para o estado </para></parameterdescription>
</parameteritem>
<parameteritem>
<parameternamelist>
<parametername>numeroJogada</parametername>
</parameternamelist>
<parameterdescription>
<para>número da jogada para qual o jogador pretende ir (supõe-se que está é válida) </para></parameterdescription>
</parameteritem>
</parameterlist>
</para>        </detaileddescription>
        <inbodydescription>
        </inbodydescription>
        <location file="projeto/logica.c" line="158" column="1" bodyfile="projeto/logica.c" bodystart="158" bodyend="184"/>
      </memberdef>
      <memberdef kind="function" id="projeto_2logica_8c_1a6a102408a7dbcb4dd7a850945f181af3" prot="public" static="no" const="no" explicit="no" inline="no" virt="non-virtual">
        <type><ref refid="structCOORDENADA" kindref="compound">COORDENADA</ref> *</type>
        <definition>COORDENADA* comando_jog</definition>
        <argsstring>(LISTA vizinhosValidos, ESTADO *e)</argsstring>
        <name>comando_jog</name>
        <param>
          <type><ref refid="structnodo" kindref="compound">LISTA</ref></type>
          <declname>vizinhosValidos</declname>
        </param>
        <param>
          <type><ref refid="structESTADO" kindref="compound">ESTADO</ref> *</type>
          <declname>e</declname>
        </param>
        <briefdescription>
<para>Permite determinar as posições vizinhas válidas da posição atual da peça no Estado. </para>        </briefdescription>
        <detaileddescription>
<para><parameterlist kind="param"><parameteritem>
<parameternamelist>
<parametername>vV</parametername>
</parameternamelist>
<parameterdescription>
<para>Lista dos vizinhos válidos </para></parameterdescription>
</parameteritem>
<parameteritem>
<parameternamelist>
<parametername>e</parametername>
</parameternamelist>
<parameterdescription>
<para>Apontador para o estado </para></parameterdescription>
</parameteritem>
</parameterlist>
</para>        </detaileddescription>
        <inbodydescription>
        </inbodydescription>
        <location file="projeto/logica.c" line="188" column="1" bodyfile="projeto/logica.c" bodystart="188" bodyend="205"/>
      </memberdef>
      <memberdef kind="function" id="projeto_2logica_8c_1a69dc5f0b6d1d904f8795e2adab20286d" prot="public" static="no" const="no" explicit="no" inline="no" virt="non-virtual">
        <type><ref refid="structCOORDENADA" kindref="compound">COORDENADA</ref> *</type>
        <definition>COORDENADA* comando_jog2</definition>
        <argsstring>(LISTA vizinhosValidos, int valAleat)</argsstring>
        <name>comando_jog2</name>
        <param>
          <type><ref refid="structnodo" kindref="compound">LISTA</ref></type>
          <declname>vizinhosValidos</declname>
        </param>
        <param>
          <type>int</type>
          <declname>valAleat</declname>
        </param>
        <briefdescription>
<para>Permite determinar as posições vizinhas válidas da posição atual da peça no Estado. </para>        </briefdescription>
        <detaileddescription>
<para><parameterlist kind="param"><parameteritem>
<parameternamelist>
<parametername>vV</parametername>
</parameternamelist>
<parameterdescription>
<para>Lista dos vizinhos válidos </para></parameterdescription>
</parameteritem>
<parameteritem>
<parameternamelist>
<parametername>x</parametername>
</parameternamelist>
<parameterdescription>
<para>Valor aleatório gerado previamente </para></parameterdescription>
</parameteritem>
</parameterlist>
</para>        </detaileddescription>
        <inbodydescription>
        </inbodydescription>
        <location file="projeto/logica.c" line="208" column="1" bodyfile="projeto/logica.c" bodystart="208" bodyend="224"/>
      </memberdef>
      <memberdef kind="function" id="projeto_2logica_8c_1aeb945b3a623de54e0805ffcb44880f87" prot="public" static="no" const="no" explicit="no" inline="no" virt="non-virtual">
        <type>int</type>
        <definition>int dist_jog1</definition>
        <argsstring>(COORDENADA c, int jogAtual)</argsstring>
        <name>dist_jog1</name>
        <param>
          <type><ref refid="structCOORDENADA" kindref="compound">COORDENADA</ref></type>
          <declname>c</declname>
        </param>
        <param>
          <type>int</type>
          <declname>jogAtual</declname>
        </param>
        <briefdescription>
<para>Calcula rapidamente a distância da coordenada à peça de vitória do jogador Atual. </para>        </briefdescription>
        <detaileddescription>
<para><parameterlist kind="param"><parameteritem>
<parameternamelist>
<parametername>c</parametername>
</parameternamelist>
<parameterdescription>
<para>Coordenada onde se encontra a peça branca </para></parameterdescription>
</parameteritem>
<parameteritem>
<parameternamelist>
<parametername>JOgador</parametername>
</parameternamelist>
<parameterdescription>
<para>Atual (1 ou 2) </para></parameterdescription>
</parameteritem>
</parameterlist>
</para>        </detaileddescription>
        <inbodydescription>
        </inbodydescription>
        <location file="projeto/logica.c" line="227" column="1" bodyfile="projeto/logica.c" bodystart="227" bodyend="253"/>
      </memberdef>
      </sectiondef>
    <briefdescription>
    </briefdescription>
    <detaileddescription>
    </detaileddescription>
    <programlisting>
<codeline lineno="1"><highlight class="preprocessor">#include<sp/>&lt;stdio.h&gt;</highlight><highlight class="normal"></highlight></codeline>
<codeline lineno="2"><highlight class="normal"></highlight><highlight class="preprocessor">#include<sp/>&lt;stdlib.h&gt;</highlight><highlight class="normal"></highlight></codeline>
<codeline lineno="3"><highlight class="normal"></highlight><highlight class="preprocessor">#include<sp/>&lt;math.h&gt;</highlight><highlight class="normal"></highlight></codeline>
<codeline lineno="4"><highlight class="normal"></highlight><highlight class="preprocessor">#include<sp/>&lt;string.h&gt;</highlight><highlight class="normal"></highlight></codeline>
<codeline lineno="5"><highlight class="normal"></highlight><highlight class="preprocessor">#include<sp/>&quot;dados.h&quot;</highlight><highlight class="normal"></highlight></codeline>
<codeline lineno="6"><highlight class="normal"></highlight><highlight class="preprocessor">#include<sp/>&quot;<ref refid="lista_8h" kindref="compound">lista.h</ref>&quot;</highlight><highlight class="normal"></highlight></codeline>
<codeline lineno="7"><highlight class="normal"></highlight><highlight class="preprocessor">#include<sp/>&quot;logica.h&quot;</highlight><highlight class="normal"></highlight></codeline>
<codeline lineno="8"><highlight class="normal"></highlight></codeline>
<codeline lineno="9"><highlight class="normal"></highlight><highlight class="comment">//VÁLIDA:<sp/>1<sp/>;<sp/>INVÁLIDA:<sp/>0;<sp/>ACABA:<sp/>2<sp/></highlight><highlight class="normal"></highlight></codeline>
<codeline lineno="10"><highlight class="normal"></highlight></codeline>
<codeline lineno="11"><highlight class="normal"></highlight></codeline>
<codeline lineno="12"><highlight class="normal"></highlight><highlight class="keywordtype">int</highlight><highlight class="normal"><sp/>jogar<sp/>(<ref refid="structESTADO" kindref="compound">ESTADO</ref><sp/>*estado,<sp/><ref refid="structCOORDENADA" kindref="compound">COORDENADA</ref><sp/>c)<sp/>{</highlight></codeline>
<codeline lineno="13"><highlight class="normal"><sp/><sp/><sp/><sp/></highlight><highlight class="comment">//<sp/>Primeiro<sp/>ve<sp/>se<sp/>a<sp/>jogada<sp/>é<sp/>valida</highlight><highlight class="normal"></highlight></codeline>
<codeline lineno="14"><highlight class="normal"><sp/><sp/><sp/><sp/></highlight><highlight class="comment">//<sp/>Depois<sp/>modifica<sp/>o<sp/>estado<sp/>se<sp/>for<sp/>válida</highlight><highlight class="normal"></highlight></codeline>
<codeline lineno="15"><highlight class="normal"><sp/><sp/><sp/><sp/></highlight><highlight class="comment">//<sp/>1<sp/>-<sp/>Devolve<sp/>o<sp/>Estado<sp/>com<sp/>a<sp/>jogada<sp/>efetuada;<sp/>0<sp/>-<sp/>Devolve<sp/>o<sp/>estado<sp/>inicial<sp/>(a<sp/>jogada<sp/>não<sp/>é<sp/>válida)</highlight><highlight class="normal"></highlight></codeline>
<codeline lineno="16"><highlight class="normal"><sp/><sp/><sp/><sp/></highlight><highlight class="keywordflow">if</highlight><highlight class="normal"><sp/>(!<sp/>jogadaValida(estado,<sp/>&amp;c))<sp/></highlight><highlight class="keywordflow">return</highlight><highlight class="normal"><sp/>0;<sp/></highlight><highlight class="comment">//<sp/>Caso<sp/>em<sp/>que<sp/>a<sp/>jogada<sp/>pretendida<sp/>não<sp/>é<sp/>válida.</highlight><highlight class="normal"></highlight></codeline>
<codeline lineno="17"><highlight class="normal"><sp/><sp/><sp/><sp/>set_casa<sp/>(estado,<sp/>get_ultima_jogada<sp/>(estado),<sp/>PRETA);<sp/></highlight><highlight class="comment">//<sp/>Altera<sp/>a<sp/>casa<sp/>BRANCA<sp/>da<sp/>jogada<sp/>anterior<sp/>para<sp/>PRETA<sp/></highlight><highlight class="normal"></highlight></codeline>
<codeline lineno="18"><highlight class="normal"><sp/><sp/><sp/><sp/>set_casa<sp/>(estado,<sp/>c,<sp/>BRANCA);<sp/></highlight><highlight class="comment">//<sp/><sp/>Altera<sp/>a<sp/>casa<sp/>VAZIO<sp/>da<sp/>jogada<sp/>atual<sp/>para<sp/>BRANCA<sp/></highlight><highlight class="normal"></highlight></codeline>
<codeline lineno="19"><highlight class="normal"><sp/><sp/><sp/><sp/></highlight><highlight class="comment">//<sp/>Alterar<sp/>no<sp/>array<sp/>de<sp/>jogadas,<sp/>acrescentar<sp/>a<sp/>atual</highlight><highlight class="normal"></highlight></codeline>
<codeline lineno="20"><highlight class="normal"><sp/><sp/><sp/><sp/></highlight><highlight class="comment">//<sp/>Coloca<sp/>a<sp/>última<sp/>jogada<sp/>no<sp/>array<sp/>de<sp/>Jogadas<sp/>#1</highlight><highlight class="normal"></highlight></codeline>
<codeline lineno="21"><highlight class="normal"><sp/><sp/><sp/><sp/></highlight><highlight class="comment">//<sp/>Altera<sp/>a<sp/>última<sp/>jogada<sp/>para<sp/>a<sp/>jogada<sp/>que<sp/>o<sp/>jogador<sp/>pretende<sp/>efetuar<sp/>#2</highlight><highlight class="normal"></highlight></codeline>
<codeline lineno="22"><highlight class="normal"><sp/><sp/><sp/><sp/></highlight><highlight class="comment">//<sp/>Muda<sp/>o<sp/>jogador<sp/>atual<sp/>para<sp/>o<sp/>seguinte<sp/>#3</highlight><highlight class="normal"></highlight></codeline>
<codeline lineno="23"><highlight class="normal"><sp/><sp/><sp/><sp/></highlight><highlight class="keywordflow">if</highlight><highlight class="normal"><sp/>(get_jogador_atual<sp/>(estado)<sp/>==<sp/>1)<sp/>{</highlight></codeline>
<codeline lineno="24"><highlight class="normal"><sp/><sp/><sp/><sp/><sp/><sp/><sp/><sp/>set_jogadas_coordenada<sp/>(estado,<sp/>get_num_jogadas(estado),<sp/>1,<sp/>c);<sp/></highlight><highlight class="comment">//<sp/>#1</highlight><highlight class="normal"></highlight></codeline>
<codeline lineno="25"><highlight class="normal"><sp/><sp/><sp/><sp/><sp/><sp/><sp/><sp/>set_ultima_jogada<sp/>(estado,<sp/>c);<sp/></highlight><highlight class="comment">//<sp/>#2</highlight><highlight class="normal"></highlight></codeline>
<codeline lineno="26"><highlight class="normal"><sp/><sp/><sp/><sp/><sp/><sp/><sp/><sp/>set_jogador_atual<sp/>(estado,<sp/>2);<sp/></highlight><highlight class="comment">//<sp/>#3</highlight><highlight class="normal"></highlight></codeline>
<codeline lineno="27"><highlight class="normal"><sp/><sp/><sp/><sp/>}<sp/></highlight><highlight class="keywordflow">else</highlight><highlight class="normal"><sp/>{</highlight></codeline>
<codeline lineno="28"><highlight class="normal"><sp/><sp/><sp/><sp/><sp/><sp/><sp/><sp/>set_jogadas_coordenada<sp/>(estado,<sp/>get_num_jogadas(estado),<sp/>2,<sp/>c);<sp/></highlight><highlight class="comment">//<sp/>#1</highlight><highlight class="normal"></highlight></codeline>
<codeline lineno="29"><highlight class="normal"><sp/><sp/><sp/><sp/><sp/><sp/><sp/><sp/>set_ultima_jogada<sp/>(estado,<sp/>c);<sp/></highlight><highlight class="comment">//<sp/>#2</highlight><highlight class="normal"></highlight></codeline>
<codeline lineno="30"><highlight class="normal"><sp/><sp/><sp/><sp/><sp/><sp/><sp/><sp/>set_jogador_atual<sp/>(estado,<sp/>1);<sp/></highlight><highlight class="comment">//<sp/>#3</highlight><highlight class="normal"></highlight></codeline>
<codeline lineno="31"><highlight class="normal"><sp/><sp/><sp/><sp/><sp/><sp/><sp/><sp/>set_num_jogadas<sp/>(estado,<sp/>get_num_jogadas(estado)<sp/>+<sp/>1);</highlight></codeline>
<codeline lineno="32"><highlight class="normal"><sp/><sp/><sp/><sp/>}</highlight></codeline>
<codeline lineno="33"><highlight class="normal"><sp/><sp/><sp/><sp/></highlight><highlight class="keywordflow">return</highlight><highlight class="normal"><sp/>1;</highlight></codeline>
<codeline lineno="34"><highlight class="normal">}</highlight></codeline>
<codeline lineno="35"><highlight class="normal"></highlight></codeline>
<codeline lineno="36"><highlight class="normal"></highlight><highlight class="keywordtype">int</highlight><highlight class="normal"><sp/>Vencedor<sp/>(<ref refid="structESTADO" kindref="compound">ESTADO</ref><sp/>*e)<sp/>{</highlight></codeline>
<codeline lineno="37"><highlight class="normal"><sp/><sp/><sp/><sp/></highlight><highlight class="comment">//<sp/>Casos<sp/>em<sp/>que<sp/>o<sp/>jogo<sp/>se<sp/>dá<sp/>como<sp/>terminado</highlight><highlight class="normal"></highlight></codeline>
<codeline lineno="38"><highlight class="normal"><sp/><sp/><sp/><sp/><ref refid="structCOORDENADA" kindref="compound">COORDENADA</ref><sp/>a1<sp/>=<sp/>{0,<sp/>0};</highlight></codeline>
<codeline lineno="39"><highlight class="normal"><sp/><sp/><sp/><sp/><ref refid="structCOORDENADA" kindref="compound">COORDENADA</ref><sp/>h8<sp/>=<sp/>{7,<sp/>7};</highlight></codeline>
<codeline lineno="40"><highlight class="normal"><sp/><sp/><sp/><sp/><ref refid="structCOORDENADA" kindref="compound">COORDENADA</ref><sp/>c<sp/>=<sp/>get_ultima_jogada(e);</highlight></codeline>
<codeline lineno="41"><highlight class="normal"><sp/><sp/><sp/><sp/></highlight><highlight class="comment">//<sp/>A<sp/>casa<sp/>&apos;a1&apos;<sp/>é<sp/>alcançada</highlight><highlight class="normal"></highlight></codeline>
<codeline lineno="42"><highlight class="normal"><sp/><sp/><sp/><sp/></highlight><highlight class="keywordflow">if</highlight><highlight class="normal"><sp/>(coordenadaIgual<sp/>(a1,<sp/>c))<sp/></highlight><highlight class="keywordflow">return</highlight><highlight class="normal"><sp/>1;</highlight></codeline>
<codeline lineno="43"><highlight class="normal"><sp/><sp/><sp/><sp/></highlight><highlight class="comment">//<sp/>A<sp/>casa<sp/>&apos;h8&apos;<sp/>é<sp/>alcançada</highlight><highlight class="normal"></highlight></codeline>
<codeline lineno="44"><highlight class="normal"><sp/><sp/><sp/><sp/></highlight><highlight class="keywordflow">else</highlight><highlight class="normal"><sp/></highlight><highlight class="keywordflow">if</highlight><highlight class="normal"><sp/>(coordenadaIgual<sp/>(h8,<sp/>c))<sp/></highlight><highlight class="keywordflow">return</highlight><highlight class="normal"><sp/>2;</highlight></codeline>
<codeline lineno="45"><highlight class="normal"><sp/><sp/><sp/><sp/></highlight><highlight class="comment">//<sp/>Não<sp/>há<sp/>jogadas<sp/>possíveis</highlight><highlight class="normal"></highlight></codeline>
<codeline lineno="46"><highlight class="normal"><sp/><sp/><sp/><sp/></highlight><highlight class="keywordflow">else</highlight><highlight class="normal"><sp/></highlight><highlight class="keywordflow">if</highlight><highlight class="normal"><sp/>(!<sp/>JogadasPossiveis<sp/>(e))<sp/></highlight><highlight class="keywordflow">return</highlight><highlight class="normal"><sp/>(3<sp/>-<sp/>get_jogador_atual<sp/>(e));</highlight></codeline>
<codeline lineno="47"><highlight class="normal"><sp/><sp/><sp/><sp/></highlight><highlight class="keywordflow">return</highlight><highlight class="normal"><sp/>0;<sp/></highlight><highlight class="comment">//<sp/>Não<sp/>há<sp/>vencedor</highlight><highlight class="normal"></highlight></codeline>
<codeline lineno="48"><highlight class="normal">}</highlight></codeline>
<codeline lineno="49"><highlight class="normal"></highlight></codeline>
<codeline lineno="50"><highlight class="normal"></highlight><highlight class="keywordtype">int</highlight><highlight class="normal"><sp/>casaVazia(<ref refid="structESTADO" kindref="compound">ESTADO</ref><sp/>*estado,<sp/><ref refid="structCOORDENADA" kindref="compound">COORDENADA</ref><sp/>*c)<sp/>{</highlight></codeline>
<codeline lineno="51"><highlight class="normal"><sp/><sp/><sp/><sp/></highlight><highlight class="comment">//<sp/>Primeiro<sp/>ve<sp/>se<sp/>a<sp/>casa<sp/>de<sp/>destino<sp/>está<sp/>vazia</highlight><highlight class="normal"></highlight></codeline>
<codeline lineno="52"><highlight class="normal"><sp/><sp/><sp/><sp/></highlight><highlight class="comment">//<sp/>1<sp/>para<sp/>vazia;<sp/>0<sp/>n<sp/>vazia<sp/><sp/><sp/><sp/></highlight><highlight class="normal"></highlight></codeline>
<codeline lineno="53"><highlight class="normal"><sp/><sp/><sp/><sp/></highlight><highlight class="keywordflow">if</highlight><highlight class="normal"><sp/>(get_casa<sp/>(estado,<sp/>*c)<sp/>!=<sp/>PRETA<sp/>&amp;&amp;<sp/>get_casa<sp/>(estado,<sp/>*c)<sp/>!=<sp/>BRANCA)<sp/></highlight><highlight class="keywordflow">return</highlight><highlight class="normal"><sp/>TRUE;</highlight></codeline>
<codeline lineno="54"><highlight class="normal"><sp/><sp/><sp/><sp/></highlight><highlight class="keywordflow">else</highlight><highlight class="normal"><sp/></highlight><highlight class="keywordflow">return</highlight><highlight class="normal"><sp/>FALSE;</highlight></codeline>
<codeline lineno="55"><highlight class="normal">}</highlight></codeline>
<codeline lineno="56"><highlight class="normal"></highlight></codeline>
<codeline lineno="57"><highlight class="normal"></highlight></codeline>
<codeline lineno="58"><highlight class="normal"></highlight><highlight class="keywordtype">int</highlight><highlight class="normal"><sp/>jogadaValida(<ref refid="structESTADO" kindref="compound">ESTADO</ref><sp/>*estado,<sp/><ref refid="structCOORDENADA" kindref="compound">COORDENADA</ref><sp/>*c)<sp/>{</highlight></codeline>
<codeline lineno="59"><highlight class="normal"><sp/><sp/><sp/><sp/></highlight><highlight class="comment">//<sp/>Primeiro<sp/>ve<sp/>se<sp/>a<sp/>jogada<sp/>é<sp/>valida</highlight><highlight class="normal"></highlight></codeline>
<codeline lineno="60"><highlight class="normal"><sp/><sp/><sp/><sp/></highlight><highlight class="comment">//<sp/>Depois<sp/>modifica<sp/>o<sp/>estado<sp/>se<sp/>for<sp/>válida</highlight><highlight class="normal"></highlight></codeline>
<codeline lineno="61"><highlight class="normal"><sp/><sp/><sp/><sp/></highlight><highlight class="keywordtype">int</highlight><highlight class="normal"><sp/>colA,<sp/>linA,<sp/>colB,<sp/>linB;</highlight></codeline>
<codeline lineno="62"><highlight class="normal"><sp/><sp/><sp/><sp/>linA<sp/>=<sp/>(estado<sp/>-&gt;<sp/>ultima_jogada).linha;<sp/></highlight></codeline>
<codeline lineno="63"><highlight class="normal"><sp/><sp/><sp/><sp/>colA<sp/>=<sp/>(estado<sp/>-&gt;<sp/>ultima_jogada).coluna;<sp/></highlight></codeline>
<codeline lineno="64"><highlight class="normal"><sp/><sp/><sp/><sp/>linB<sp/>=<sp/>c<sp/>-&gt;<sp/>linha;<sp/></highlight></codeline>
<codeline lineno="65"><highlight class="normal"><sp/><sp/><sp/><sp/>colB<sp/>=<sp/>c<sp/>-&gt;<sp/>coluna;<sp/></highlight></codeline>
<codeline lineno="66"><highlight class="normal"><sp/><sp/><sp/><sp/></highlight><highlight class="keywordflow">if</highlight><highlight class="normal"></highlight></codeline>
<codeline lineno="67"><highlight class="normal"><sp/><sp/><sp/><sp/>((<sp/>((colA<sp/>==<sp/>colB)<sp/>&amp;&amp;<sp/>((linA<sp/>==<sp/>linB-1)<sp/>||<sp/>(linA<sp/>==<sp/>linB+1)))</highlight></codeline>
<codeline lineno="68"><highlight class="normal"><sp/><sp/><sp/><sp/>||<sp/>((colA<sp/>==<sp/>colB<sp/>+1)<sp/>&amp;&amp;<sp/>((linA<sp/>==<sp/>linB-1)<sp/>||<sp/>(linA<sp/>==<sp/>linB)||<sp/>(linA<sp/>==<sp/>linB+1)))<sp/></highlight></codeline>
<codeline lineno="69"><highlight class="normal"><sp/><sp/><sp/><sp/>||<sp/>((colA<sp/>==<sp/>colB<sp/>-1)<sp/>&amp;&amp;<sp/>((linA<sp/>==<sp/>linB-1)<sp/>||<sp/>(linA<sp/>==<sp/>linB)||<sp/>(linA<sp/>==<sp/>linB+1))))</highlight></codeline>
<codeline lineno="70"><highlight class="normal"><sp/><sp/><sp/><sp/>&amp;&amp;<sp/>casaVazia(estado,<sp/>c))<sp/></highlight><highlight class="keywordflow">return</highlight><highlight class="normal"><sp/>TRUE;</highlight></codeline>
<codeline lineno="71"><highlight class="normal"><sp/><sp/><sp/><sp/></highlight><highlight class="keywordflow">else</highlight><highlight class="normal"><sp/></highlight><highlight class="keywordflow">return</highlight><highlight class="normal"><sp/>FALSE;</highlight></codeline>
<codeline lineno="72"><highlight class="normal">}</highlight></codeline>
<codeline lineno="73"><highlight class="normal"></highlight></codeline>
<codeline lineno="74"><highlight class="normal"></highlight><highlight class="comment">//Something<sp/>is<sp/>wrong<sp/>in<sp/>Jogadas_Possiveis</highlight><highlight class="normal"></highlight></codeline>
<codeline lineno="75"><highlight class="normal"></highlight></codeline>
<codeline lineno="76"><highlight class="normal"></highlight><highlight class="keywordtype">int</highlight><highlight class="normal"><sp/>JogadasPossiveis<sp/>(<ref refid="structESTADO" kindref="compound">ESTADO</ref><sp/>*estado)<sp/>{</highlight></codeline>
<codeline lineno="77"><highlight class="normal"><sp/><sp/><sp/><sp/><ref refid="structCOORDENADA" kindref="compound">COORDENADA</ref><sp/>c<sp/>=<sp/>estado<sp/>-&gt;<sp/>ultima_jogada;</highlight></codeline>
<codeline lineno="78"><highlight class="normal"><sp/><sp/><sp/><sp/></highlight><highlight class="keywordflow">if</highlight><highlight class="normal"><sp/>(anyVazio<sp/>(estado,<sp/>&amp;c))<sp/></highlight><highlight class="keywordflow">return</highlight><highlight class="normal"><sp/>TRUE;</highlight></codeline>
<codeline lineno="79"><highlight class="normal"><sp/><sp/><sp/><sp/></highlight><highlight class="keywordflow">return</highlight><highlight class="normal"><sp/>FALSE;</highlight></codeline>
<codeline lineno="80"><highlight class="normal">}</highlight></codeline>
<codeline lineno="81"><highlight class="normal"></highlight></codeline>
<codeline lineno="82"><highlight class="normal"></highlight><highlight class="keywordtype">int</highlight><highlight class="normal"><sp/>anyVazio<sp/>(<ref refid="structESTADO" kindref="compound">ESTADO</ref><sp/>*e,<sp/><ref refid="structCOORDENADA" kindref="compound">COORDENADA</ref><sp/>*c)<sp/>{</highlight></codeline>
<codeline lineno="83"><highlight class="normal"><sp/><sp/><sp/><sp/></highlight><highlight class="keywordtype">int</highlight><highlight class="normal"><sp/>ilinha<sp/>=<sp/>1;</highlight></codeline>
<codeline lineno="84"><highlight class="normal"><sp/><sp/><sp/><sp/></highlight><highlight class="keywordflow">while</highlight><highlight class="normal"><sp/>(ilinha<sp/>&gt;=<sp/>-1)<sp/>{</highlight></codeline>
<codeline lineno="85"><highlight class="normal"><sp/><sp/><sp/><sp/><sp/><sp/><sp/><sp/></highlight><highlight class="keywordtype">int</highlight><highlight class="normal"><sp/>icoluna<sp/>=<sp/>1;</highlight></codeline>
<codeline lineno="86"><highlight class="normal"><sp/><sp/><sp/><sp/><sp/><sp/><sp/><sp/></highlight><highlight class="keywordflow">while</highlight><highlight class="normal"><sp/>(icoluna<sp/>&gt;=<sp/>-1)<sp/>{</highlight></codeline>
<codeline lineno="87"><highlight class="normal"><sp/><sp/><sp/><sp/><sp/><sp/><sp/><sp/><sp/><sp/><sp/><sp/></highlight><highlight class="keywordflow">if</highlight><highlight class="normal"><sp/>(icoluna<sp/>==<sp/>0<sp/>&amp;&amp;<sp/>ilinha<sp/>==<sp/>0)<sp/>icoluna<sp/>=<sp/>-1;</highlight></codeline>
<codeline lineno="88"><highlight class="normal"><sp/><sp/><sp/><sp/><sp/><sp/><sp/><sp/><sp/><sp/><sp/><sp/><ref refid="structCOORDENADA" kindref="compound">COORDENADA</ref><sp/>a<sp/>=<sp/>{c<sp/>-&gt;<sp/>coluna<sp/>+<sp/>icoluna,<sp/>c<sp/>-&gt;<sp/>linha<sp/>+<sp/>ilinha};</highlight></codeline>
<codeline lineno="89"><highlight class="normal"><sp/><sp/><sp/><sp/><sp/><sp/><sp/><sp/><sp/><sp/><sp/><sp/>CASA<sp/>casa<sp/>=<sp/>get_casa<sp/>(e,<sp/>a);</highlight></codeline>
<codeline lineno="90"><highlight class="normal"><sp/><sp/><sp/><sp/><sp/><sp/><sp/><sp/><sp/><sp/><sp/><sp/></highlight><highlight class="keywordflow">if</highlight><highlight class="normal"><sp/>(CoordenadaValida<sp/>(&amp;a)<sp/>&amp;&amp;<sp/>(casa<sp/>==<sp/>VAZIO<sp/>||<sp/>casa<sp/>==<sp/>UM<sp/>||<sp/>casa<sp/>==<sp/>DOIS))<sp/></highlight><highlight class="keywordflow">return</highlight><highlight class="normal"><sp/>TRUE;</highlight></codeline>
<codeline lineno="91"><highlight class="normal"><sp/><sp/><sp/><sp/><sp/><sp/><sp/><sp/><sp/><sp/><sp/><sp/>icoluna<sp/>--;</highlight></codeline>
<codeline lineno="92"><highlight class="normal"><sp/><sp/><sp/><sp/><sp/><sp/><sp/><sp/>}</highlight></codeline>
<codeline lineno="93"><highlight class="normal"><sp/><sp/><sp/><sp/><sp/><sp/><sp/><sp/>ilinha<sp/>--;</highlight></codeline>
<codeline lineno="94"><highlight class="normal"><sp/><sp/><sp/><sp/>}</highlight></codeline>
<codeline lineno="95"><highlight class="normal"><sp/><sp/><sp/><sp/></highlight><highlight class="keywordflow">return</highlight><highlight class="normal"><sp/>FALSE;</highlight></codeline>
<codeline lineno="96"><highlight class="normal">}</highlight></codeline>
<codeline lineno="97"><highlight class="normal"></highlight></codeline>
<codeline lineno="98"><highlight class="normal"></highlight></codeline>
<codeline lineno="99"><highlight class="normal"></highlight><highlight class="keywordtype">int</highlight><highlight class="normal"><sp/>CoordenadaValida<sp/>(<ref refid="structCOORDENADA" kindref="compound">COORDENADA</ref><sp/>*a)<sp/>{<sp/><sp/></highlight></codeline>
<codeline lineno="100"><highlight class="normal"><sp/><sp/><sp/><sp/></highlight><highlight class="keywordflow">if</highlight><highlight class="normal"><sp/>(a<sp/>-&gt;<sp/>linha<sp/>&lt;=<sp/>7<sp/>&amp;&amp;<sp/>a<sp/>-&gt;<sp/>linha<sp/>&gt;=<sp/>0<sp/>&amp;&amp;<sp/>a<sp/>-&gt;<sp/>coluna<sp/>&gt;=<sp/>0<sp/>&amp;&amp;<sp/>a<sp/>-&gt;<sp/>coluna<sp/>&lt;=<sp/>7)<sp/></highlight><highlight class="keywordflow">return</highlight><highlight class="normal"><sp/>TRUE;<sp/><sp/><sp/><sp/></highlight></codeline>
<codeline lineno="101"><highlight class="normal"><sp/><sp/><sp/><sp/></highlight><highlight class="keywordflow">return</highlight><highlight class="normal"><sp/>FALSE;<sp/><sp/><sp/></highlight></codeline>
<codeline lineno="102"><highlight class="normal">}</highlight></codeline>
<codeline lineno="103"><highlight class="normal"></highlight></codeline>
<codeline lineno="104"><highlight class="normal"></highlight></codeline>
<codeline lineno="105"><highlight class="normal"></highlight><highlight class="keywordtype">void</highlight><highlight class="normal"><sp/>le_ficheiro<sp/>(<ref refid="structESTADO" kindref="compound">ESTADO</ref><sp/>*e,<sp/>FILE<sp/>*fp)<sp/>{</highlight></codeline>
<codeline lineno="106"><highlight class="normal"><sp/><sp/><sp/><sp/></highlight><highlight class="keywordtype">char</highlight><highlight class="normal"><sp/>linha[100];</highlight></codeline>
<codeline lineno="107"><highlight class="normal"><sp/><sp/><sp/><sp/></highlight><highlight class="keywordtype">int</highlight><highlight class="normal"><sp/>nlinha<sp/>=<sp/>7;</highlight></codeline>
<codeline lineno="108"><highlight class="normal"><sp/><sp/><sp/><sp/></highlight><highlight class="keywordtype">int</highlight><highlight class="normal"><sp/>num_jogadas<sp/>=<sp/>0;</highlight></codeline>
<codeline lineno="109"><highlight class="normal"><sp/><sp/><sp/><sp/></highlight><highlight class="keywordtype">int</highlight><highlight class="normal"><sp/>contador<sp/>=<sp/>0;</highlight></codeline>
<codeline lineno="110"><highlight class="normal"><sp/><sp/><sp/><sp/></highlight><highlight class="comment">//<sp/>Ler<sp/>tabuleiro</highlight><highlight class="normal"></highlight></codeline>
<codeline lineno="111"><highlight class="normal"><sp/><sp/><sp/><sp/></highlight><highlight class="keywordflow">while</highlight><highlight class="normal"><sp/>(nlinha<sp/>&gt;=<sp/>0<sp/>&amp;&amp;<sp/>fscanf<sp/>(fp,<sp/></highlight><highlight class="stringliteral">&quot;%s&quot;</highlight><highlight class="normal">,<sp/>linha)<sp/>==<sp/>1)<sp/>guardaLinha<sp/>(e,<sp/>linha,<sp/>nlinha<sp/>--,<sp/>&amp;contador);</highlight></codeline>
<codeline lineno="112"><highlight class="normal"><sp/><sp/><sp/><sp/>set_num_jogadas<sp/>(e,<sp/>contador<sp/>/<sp/>2);</highlight></codeline>
<codeline lineno="113"><highlight class="normal"><sp/><sp/><sp/><sp/></highlight><highlight class="comment">//<sp/>Ler<sp/>jogadas</highlight><highlight class="normal"></highlight></codeline>
<codeline lineno="114"><highlight class="normal"><sp/><sp/><sp/><sp/></highlight><highlight class="keywordflow">while</highlight><highlight class="normal"><sp/>(num_jogadas<sp/>!=<sp/>get_num_jogadas(e)<sp/>&amp;&amp;<sp/>fscanf<sp/>(fp,<sp/></highlight><highlight class="stringliteral">&quot;%*s<sp/>%s<sp/>%s&quot;</highlight><highlight class="normal">,<sp/>linha,<sp/>&amp;linha[2])<sp/>==<sp/>2)<sp/>guardaJogadas<sp/>(e,<sp/>linha,<sp/>num_jogadas<sp/>++,<sp/>2);</highlight></codeline>
<codeline lineno="115"><highlight class="normal"><sp/><sp/><sp/><sp/></highlight><highlight class="keywordflow">if</highlight><highlight class="normal"><sp/>(fscanf<sp/>(fp,<sp/></highlight><highlight class="stringliteral">&quot;%*s<sp/>%s&quot;</highlight><highlight class="normal">,<sp/>linha)<sp/>==<sp/>1)<sp/>guardaJogadas<sp/>(e,<sp/>linha,<sp/>num_jogadas,<sp/>1);</highlight></codeline>
<codeline lineno="116"><highlight class="normal">}</highlight></codeline>
<codeline lineno="117"><highlight class="normal"></highlight></codeline>
<codeline lineno="118"><highlight class="normal"></highlight><highlight class="keywordtype">void</highlight><highlight class="normal"><sp/>guardaLinha<sp/>(<ref refid="structESTADO" kindref="compound">ESTADO</ref><sp/>*e,<sp/></highlight><highlight class="keywordtype">char</highlight><highlight class="normal"><sp/>linha[],<sp/></highlight><highlight class="keywordtype">int</highlight><highlight class="normal"><sp/>nlinha,<sp/></highlight><highlight class="keywordtype">int</highlight><highlight class="normal"><sp/>*contador)<sp/>{<sp/></highlight><highlight class="comment">//<sp/>Guarda<sp/>as<sp/>linhas<sp/>do<sp/>tabuleiro<sp/>do<sp/>ficheiro<sp/>no<sp/>estado.</highlight><highlight class="normal"></highlight></codeline>
<codeline lineno="119"><highlight class="normal"><sp/><sp/><sp/><sp/></highlight><highlight class="keywordtype">int</highlight><highlight class="normal"><sp/>i<sp/>=<sp/>0;</highlight></codeline>
<codeline lineno="120"><highlight class="normal"><sp/><sp/><sp/><sp/></highlight><highlight class="keywordflow">while</highlight><highlight class="normal"><sp/>(i<sp/>!=<sp/>8)<sp/>{</highlight></codeline>
<codeline lineno="121"><highlight class="normal"><sp/><sp/><sp/><sp/><sp/><sp/><sp/><sp/><ref refid="structCOORDENADA" kindref="compound">COORDENADA</ref><sp/>c<sp/>=<sp/>{i,<sp/>nlinha};</highlight></codeline>
<codeline lineno="122"><highlight class="normal"><sp/><sp/><sp/><sp/><sp/><sp/><sp/><sp/></highlight><highlight class="keywordflow">switch</highlight><highlight class="normal"><sp/>(linha<sp/>[i])<sp/>{</highlight></codeline>
<codeline lineno="123"><highlight class="normal"><sp/><sp/><sp/><sp/><sp/><sp/><sp/><sp/></highlight><highlight class="keywordflow">case</highlight><highlight class="normal"><sp/></highlight><highlight class="charliteral">&apos;#&apos;</highlight><highlight class="normal">:</highlight></codeline>
<codeline lineno="124"><highlight class="normal"><sp/><sp/><sp/><sp/><sp/><sp/><sp/><sp/><sp/><sp/><sp/><sp/>set_casa<sp/>(e,<sp/>c,<sp/>PRETA);</highlight></codeline>
<codeline lineno="125"><highlight class="normal"><sp/><sp/><sp/><sp/><sp/><sp/><sp/><sp/><sp/><sp/><sp/><sp/>(*contador)<sp/>++;</highlight></codeline>
<codeline lineno="126"><highlight class="normal"><sp/><sp/><sp/><sp/><sp/><sp/><sp/><sp/><sp/><sp/><sp/><sp/></highlight><highlight class="keywordflow">break</highlight><highlight class="normal">;</highlight></codeline>
<codeline lineno="127"><highlight class="normal"><sp/><sp/><sp/><sp/><sp/><sp/><sp/><sp/></highlight><highlight class="keywordflow">case</highlight><highlight class="normal"><sp/></highlight><highlight class="charliteral">&apos;*&apos;</highlight><highlight class="normal">:</highlight></codeline>
<codeline lineno="128"><highlight class="normal"><sp/><sp/><sp/><sp/><sp/><sp/><sp/><sp/><sp/><sp/><sp/><sp/>set_casa<sp/>(e,<sp/>c,<sp/>BRANCA);</highlight></codeline>
<codeline lineno="129"><highlight class="normal"><sp/><sp/><sp/><sp/><sp/><sp/><sp/><sp/><sp/><sp/><sp/><sp/></highlight><highlight class="keywordflow">break</highlight><highlight class="normal">;</highlight></codeline>
<codeline lineno="130"><highlight class="normal"><sp/><sp/><sp/><sp/><sp/><sp/><sp/><sp/></highlight><highlight class="keywordflow">case</highlight><highlight class="normal"><sp/></highlight><highlight class="charliteral">&apos;.&apos;</highlight><highlight class="normal">:</highlight></codeline>
<codeline lineno="131"><highlight class="normal"><sp/><sp/><sp/><sp/><sp/><sp/><sp/><sp/><sp/><sp/><sp/><sp/>set_casa<sp/>(e,<sp/>c,<sp/>VAZIO);</highlight></codeline>
<codeline lineno="132"><highlight class="normal"><sp/><sp/><sp/><sp/><sp/><sp/><sp/><sp/><sp/><sp/><sp/><sp/></highlight><highlight class="keywordflow">break</highlight><highlight class="normal">;</highlight></codeline>
<codeline lineno="133"><highlight class="normal"><sp/><sp/><sp/><sp/><sp/><sp/><sp/><sp/></highlight><highlight class="keywordflow">case</highlight><highlight class="normal"><sp/></highlight><highlight class="charliteral">&apos;1&apos;</highlight><highlight class="normal">:</highlight></codeline>
<codeline lineno="134"><highlight class="normal"><sp/><sp/><sp/><sp/><sp/><sp/><sp/><sp/><sp/><sp/><sp/><sp/>set_casa<sp/>(e,<sp/>c,<sp/>UM);</highlight></codeline>
<codeline lineno="135"><highlight class="normal"><sp/><sp/><sp/><sp/><sp/><sp/><sp/><sp/><sp/><sp/><sp/><sp/></highlight><highlight class="keywordflow">break</highlight><highlight class="normal">;</highlight></codeline>
<codeline lineno="136"><highlight class="normal"><sp/><sp/><sp/><sp/><sp/><sp/><sp/><sp/></highlight><highlight class="keywordflow">case</highlight><highlight class="normal"><sp/></highlight><highlight class="charliteral">&apos;2&apos;</highlight><highlight class="normal">:</highlight></codeline>
<codeline lineno="137"><highlight class="normal"><sp/><sp/><sp/><sp/><sp/><sp/><sp/><sp/><sp/><sp/><sp/><sp/>set_casa<sp/>(e,<sp/>c,<sp/>DOIS);</highlight></codeline>
<codeline lineno="138"><highlight class="normal"><sp/><sp/><sp/><sp/><sp/><sp/><sp/><sp/><sp/><sp/><sp/><sp/></highlight><highlight class="keywordflow">break</highlight><highlight class="normal">;</highlight></codeline>
<codeline lineno="139"><highlight class="normal"><sp/><sp/><sp/><sp/><sp/><sp/><sp/><sp/>}<sp/><sp/></highlight></codeline>
<codeline lineno="140"><highlight class="normal"><sp/><sp/><sp/><sp/><sp/><sp/><sp/><sp/>i<sp/>++;</highlight></codeline>
<codeline lineno="141"><highlight class="normal"><sp/><sp/><sp/><sp/>}</highlight></codeline>
<codeline lineno="142"><highlight class="normal">}</highlight></codeline>
<codeline lineno="143"><highlight class="normal"></highlight></codeline>
<codeline lineno="144"><highlight class="normal"></highlight></codeline>
<codeline lineno="145"><highlight class="normal"></highlight><highlight class="keywordtype">void</highlight><highlight class="normal"><sp/>guardaJogadas<sp/>(<ref refid="structESTADO" kindref="compound">ESTADO</ref><sp/>*e,<sp/></highlight><highlight class="keywordtype">char</highlight><highlight class="normal"><sp/>linha[],</highlight><highlight class="keywordtype">int</highlight><highlight class="normal"><sp/>num_jogada<sp/>,</highlight><highlight class="keywordtype">int</highlight><highlight class="normal"><sp/>n)<sp/>{</highlight></codeline>
<codeline lineno="146"><highlight class="normal"><sp/><sp/><sp/><sp/><ref refid="structCOORDENADA" kindref="compound">COORDENADA</ref><sp/>jogada1<sp/>=<sp/>{linha[0]<sp/>-<sp/></highlight><highlight class="charliteral">&apos;a&apos;</highlight><highlight class="normal">,<sp/>atoi<sp/>(&amp;linha[1])<sp/>-<sp/>1};</highlight></codeline>
<codeline lineno="147"><highlight class="normal"><sp/><sp/><sp/><sp/>set_jogadas_coordenada<sp/>(e,<sp/>num_jogada,<sp/>1,<sp/>jogada1);</highlight></codeline>
<codeline lineno="148"><highlight class="normal"><sp/><sp/><sp/><sp/>set_ultima_jogada<sp/>(e,<sp/>jogada1);</highlight></codeline>
<codeline lineno="149"><highlight class="normal"><sp/><sp/><sp/><sp/>set_jogador_atual<sp/>(e,<sp/>2);</highlight></codeline>
<codeline lineno="150"><highlight class="normal"><sp/><sp/><sp/><sp/></highlight><highlight class="keywordflow">if</highlight><highlight class="normal"><sp/>(n<sp/>==<sp/>2)<sp/>{<sp/></highlight><highlight class="comment">//<sp/>Caso<sp/>sejam<sp/>dois<sp/>jogadores.</highlight><highlight class="normal"></highlight></codeline>
<codeline lineno="151"><highlight class="normal"><sp/><sp/><sp/><sp/><sp/><sp/><sp/><sp/><ref refid="structCOORDENADA" kindref="compound">COORDENADA</ref><sp/>jogada2<sp/>=<sp/>{linha[2]<sp/>-<sp/></highlight><highlight class="charliteral">&apos;a&apos;</highlight><highlight class="normal">,<sp/>atoi<sp/>(&amp;linha[3])<sp/>-<sp/>1};</highlight></codeline>
<codeline lineno="152"><highlight class="normal"><sp/><sp/><sp/><sp/><sp/><sp/><sp/><sp/>set_jogadas_coordenada<sp/>(e,<sp/>num_jogada,<sp/>2,<sp/>jogada2);</highlight></codeline>
<codeline lineno="153"><highlight class="normal"><sp/><sp/><sp/><sp/><sp/><sp/><sp/><sp/>set_ultima_jogada<sp/>(e,<sp/>jogada2);</highlight></codeline>
<codeline lineno="154"><highlight class="normal"><sp/><sp/><sp/><sp/><sp/><sp/><sp/><sp/>set_jogador_atual<sp/>(e,<sp/>1);</highlight></codeline>
<codeline lineno="155"><highlight class="normal"><sp/><sp/><sp/><sp/>}</highlight></codeline>
<codeline lineno="156"><highlight class="normal">}</highlight></codeline>
<codeline lineno="157"><highlight class="normal"></highlight></codeline>
<codeline lineno="158"><highlight class="normal"></highlight><highlight class="keywordtype">void</highlight><highlight class="normal"><sp/>jogadaAnterior<sp/>(<ref refid="structESTADO" kindref="compound">ESTADO</ref><sp/>*e,<sp/></highlight><highlight class="keywordtype">int</highlight><highlight class="normal"><sp/>numeroJogada)<sp/>{<sp/></highlight><highlight class="comment">//<sp/>Supõe-se<sp/>que<sp/>se<sp/>recebe<sp/>um<sp/>*numeroJogada*<sp/>válido,<sp/>ou<sp/>seja,<sp/>menor<sp/>que<sp/>o<sp/>num_jogadas<sp/>atual.</highlight><highlight class="normal"></highlight></codeline>
<codeline lineno="159"><highlight class="normal"><sp/><sp/><sp/><sp/></highlight><highlight class="keywordflow">if</highlight><highlight class="normal"><sp/>(numeroJogada<sp/>==<sp/>0)<sp/></highlight></codeline>
<codeline lineno="160"><highlight class="normal"><sp/><sp/><sp/><sp/>{</highlight></codeline>
<codeline lineno="161"><highlight class="normal"><sp/><sp/><sp/><sp/><sp/><sp/><sp/><sp/></highlight><highlight class="keywordtype">int</highlight><highlight class="normal"><sp/>com<sp/>=<sp/>get_num_comandos<sp/>(e);</highlight></codeline>
<codeline lineno="162"><highlight class="normal"><sp/><sp/><sp/><sp/><sp/><sp/><sp/><sp/>free<sp/>(e);</highlight></codeline>
<codeline lineno="163"><highlight class="normal"><sp/><sp/><sp/><sp/><sp/><sp/><sp/><sp/>(e)<sp/>=<sp/>inicializar_estado();</highlight></codeline>
<codeline lineno="164"><highlight class="normal"><sp/><sp/><sp/><sp/><sp/><sp/><sp/><sp/>set_num_comandos<sp/>(e,<sp/>com);</highlight></codeline>
<codeline lineno="165"><highlight class="normal"><sp/><sp/><sp/><sp/><sp/><sp/><sp/><sp/></highlight><highlight class="keywordflow">return</highlight><highlight class="normal">;<sp/></highlight></codeline>
<codeline lineno="166"><highlight class="normal"><sp/><sp/><sp/><sp/>}</highlight></codeline>
<codeline lineno="167"><highlight class="normal"><sp/><sp/><sp/><sp/>numeroJogada--;</highlight></codeline>
<codeline lineno="168"><highlight class="normal"><sp/><sp/><sp/><sp/></highlight><highlight class="keywordtype">int</highlight><highlight class="normal"><sp/>n<sp/>=<sp/>e<sp/>-&gt;<sp/>num_jogadas;</highlight></codeline>
<codeline lineno="169"><highlight class="normal"><sp/><sp/><sp/><sp/>set_num_jogadas<sp/>(e,<sp/>numeroJogada+1);<sp/></highlight><highlight class="comment">//<sp/>Alterar<sp/>o<sp/>*num_jogadas*<sp/>para<sp/>o<sp/>número<sp/>de<sp/>jogadas<sp/>pretendido.</highlight><highlight class="normal"></highlight></codeline>
<codeline lineno="170"><highlight class="normal"><sp/><sp/><sp/><sp/>set_ultima_jogada<sp/>(e,<sp/>(e-&gt;<sp/>jogadas<sp/>[numeroJogada]).jogador2);<sp/></highlight></codeline>
<codeline lineno="171"><highlight class="normal"><sp/><sp/><sp/><sp/>set_casa<sp/>(e,<sp/>e<sp/>-&gt;<sp/>jogadas[numeroJogada].jogador1,<sp/>PRETA);<sp/></highlight><highlight class="comment">//Altera<sp/>casa<sp/>do<sp/>jogador<sp/>1,<sp/>para<sp/>casa<sp/>PRETA</highlight><highlight class="normal"></highlight></codeline>
<codeline lineno="172"><highlight class="normal"><sp/><sp/><sp/><sp/>set_casa<sp/>(e,<sp/>e<sp/>-&gt;<sp/>jogadas[numeroJogada].jogador2,<sp/>BRANCA);</highlight></codeline>
<codeline lineno="173"><highlight class="normal"><sp/><sp/><sp/>numeroJogada<sp/>++;</highlight></codeline>
<codeline lineno="174"><highlight class="normal"><sp/><sp/><sp/><sp/></highlight><highlight class="keywordflow">while</highlight><highlight class="normal"><sp/>(numeroJogada<sp/>&lt;=<sp/>n)<sp/>{<sp/></highlight><highlight class="comment">//<sp/>Transformar<sp/>as<sp/>peças<sp/>das<sp/>eventuais<sp/>jogadas<sp/>posteriores.</highlight><highlight class="normal"></highlight></codeline>
<codeline lineno="175"><highlight class="normal"><sp/><sp/><sp/><sp/><sp/><sp/><sp/><sp/>set_casa<sp/>(e,<sp/>e<sp/>-&gt;<sp/>jogadas[numeroJogada].jogador1,<sp/>VAZIO);</highlight></codeline>
<codeline lineno="176"><highlight class="normal"><sp/><sp/><sp/><sp/><sp/><sp/><sp/><sp/>set_casa<sp/>(e,<sp/>e<sp/>-&gt;<sp/>jogadas[numeroJogada].jogador2,<sp/>VAZIO);</highlight></codeline>
<codeline lineno="177"><highlight class="normal"><sp/><sp/><sp/><sp/><sp/><sp/><sp/><sp/>numeroJogada<sp/>++;</highlight></codeline>
<codeline lineno="178"><highlight class="normal"><sp/><sp/><sp/><sp/>}</highlight></codeline>
<codeline lineno="179"><highlight class="normal"><sp/><sp/><sp/><sp/></highlight><highlight class="keywordflow">if</highlight><highlight class="normal"><sp/>(get_jogador_atual<sp/>(e)<sp/>==<sp/>2)<sp/>set_casa<sp/>(e,<sp/>e<sp/>-&gt;<sp/>jogadas[numeroJogada].jogador1,<sp/>VAZIO);<sp/></highlight><highlight class="comment">//<sp/>Caso<sp/>a<sp/>última<sp/>jogada<sp/>seja<sp/>incompleta.</highlight><highlight class="normal"></highlight></codeline>
<codeline lineno="180"><highlight class="normal"><sp/><sp/><sp/><sp/></highlight></codeline>
<codeline lineno="181"><highlight class="normal"><sp/><sp/><sp/><sp/>set_jogador_atual<sp/>(e,<sp/>1);<sp/></highlight><highlight class="comment">//<sp/>Alterar<sp/>o<sp/>*jogador_atual*<sp/>para<sp/>o<sp/>jogador<sp/>1<sp/>que<sp/>será<sp/>o<sp/>primeiro<sp/>a<sp/>jogar.</highlight><highlight class="normal"></highlight></codeline>
<codeline lineno="182"><highlight class="normal"><sp/><sp/><sp/><sp/><ref refid="structCOORDENADA" kindref="compound">COORDENADA</ref><sp/>c<sp/>=<sp/>{0,0};</highlight></codeline>
<codeline lineno="183"><highlight class="normal"><sp/><sp/><sp/><sp/>set_casa<sp/>(e,<sp/>c,<sp/>UM);</highlight></codeline>
<codeline lineno="184"><highlight class="normal">}</highlight></codeline>
<codeline lineno="185"><highlight class="normal"></highlight></codeline>
<codeline lineno="186"><highlight class="normal"></highlight></codeline>
<codeline lineno="187"><highlight class="normal"></highlight></codeline>
<codeline lineno="188"><highlight class="normal"><ref refid="structCOORDENADA" kindref="compound">COORDENADA</ref><sp/>*comando_jog(<ref refid="structnodo" kindref="compound">LISTA</ref><sp/>vizinhosValidos,<sp/><ref refid="structESTADO" kindref="compound">ESTADO</ref><sp/>*e){<sp/><sp/><sp/></highlight></codeline>
<codeline lineno="189"><highlight class="normal"><sp/><sp/><sp/><sp/></highlight><highlight class="keywordtype">int</highlight><highlight class="normal"><sp/>distancia;</highlight></codeline>
<codeline lineno="190"><highlight class="normal"><sp/><sp/><sp/><sp/><ref refid="structCOORDENADA" kindref="compound">COORDENADA</ref>*<sp/>jogada;<sp/></highlight></codeline>
<codeline lineno="191"><highlight class="normal"><sp/><sp/><sp/><sp/><ref refid="structCOORDENADA" kindref="compound">COORDENADA</ref>*<sp/>jogadaMinima<sp/>=<sp/>NULL;</highlight></codeline>
<codeline lineno="192"><highlight class="normal"><sp/><sp/><sp/><sp/></highlight><highlight class="keywordtype">int</highlight><highlight class="normal"><sp/>jogAtual<sp/>=<sp/>get_jogador_atual(e);</highlight></codeline>
<codeline lineno="193"><highlight class="normal"><sp/><sp/><sp/><sp/></highlight><highlight class="keywordtype">int</highlight><highlight class="normal"><sp/>distanciaMinima<sp/>=<sp/>200;</highlight></codeline>
<codeline lineno="194"><highlight class="normal"><sp/><sp/><sp/><sp/></highlight><highlight class="keywordflow">while</highlight><highlight class="normal">(!<ref refid="lista_8h_1a4c10928f7acaa4e3de3760cea0dfd9c0" kindref="member">lista_esta_vazia</ref>(vizinhosValidos)){</highlight></codeline>
<codeline lineno="195"><highlight class="normal"><sp/><sp/><sp/><sp/><sp/><sp/><sp/><sp/>jogada<sp/>=<sp/><ref refid="lista_8h_1abfcb205f3eb670157be0d1221021714b" kindref="member">devolve_cabeca</ref>(vizinhosValidos);</highlight></codeline>
<codeline lineno="196"><highlight class="normal"><sp/><sp/><sp/><sp/><sp/><sp/><sp/><sp/>distancia<sp/>=<sp/>dist_jog1(*jogada,<sp/>jogAtual);</highlight></codeline>
<codeline lineno="197"><highlight class="normal"><sp/><sp/><sp/><sp/><sp/><sp/><sp/><sp/></highlight><highlight class="keywordflow">if</highlight><highlight class="normal"><sp/>(distancia<sp/>&lt;<sp/>distanciaMinima){</highlight></codeline>
<codeline lineno="198"><highlight class="normal"><sp/><sp/><sp/><sp/><sp/><sp/><sp/><sp/><sp/><sp/><sp/><sp/>jogadaMinima<sp/>=<sp/>jogada;</highlight></codeline>
<codeline lineno="199"><highlight class="normal"><sp/><sp/><sp/><sp/><sp/><sp/><sp/><sp/><sp/><sp/><sp/><sp/>distanciaMinima<sp/>=<sp/>distancia;</highlight></codeline>
<codeline lineno="200"><highlight class="normal"><sp/><sp/><sp/><sp/><sp/><sp/><sp/><sp/>}</highlight></codeline>
<codeline lineno="201"><highlight class="normal"><sp/><sp/><sp/><sp/><sp/><sp/><sp/><sp/>vizinhosValidos<sp/>=<sp/>vizinhosValidos<sp/>-&gt;<sp/>prox;</highlight></codeline>
<codeline lineno="202"><highlight class="normal"><sp/><sp/><sp/><sp/>}</highlight></codeline>
<codeline lineno="203"><highlight class="normal"><sp/><sp/><sp/><sp/></highlight><highlight class="keywordflow">return</highlight><highlight class="normal"><sp/>jogadaMinima;</highlight></codeline>
<codeline lineno="204"><highlight class="normal"></highlight></codeline>
<codeline lineno="205"><highlight class="normal">}</highlight></codeline>
<codeline lineno="206"><highlight class="normal"></highlight></codeline>
<codeline lineno="207"><highlight class="normal"></highlight></codeline>
<codeline lineno="208"><highlight class="normal"><ref refid="structCOORDENADA" kindref="compound">COORDENADA</ref><sp/>*comando_jog2(<ref refid="structnodo" kindref="compound">LISTA</ref><sp/>vizinhosValidos,</highlight><highlight class="keywordtype">int</highlight><highlight class="normal"><sp/>valAleat){<sp/><sp/><sp/></highlight></codeline>
<codeline lineno="209"><highlight class="normal"><sp/><sp/><sp/><sp/></highlight><highlight class="keywordtype">int</highlight><highlight class="normal"><sp/>i;</highlight></codeline>
<codeline lineno="210"><highlight class="normal"><sp/><sp/><sp/><sp/><ref refid="structCOORDENADA" kindref="compound">COORDENADA</ref>*<sp/>jogada;<sp/></highlight></codeline>
<codeline lineno="211"><highlight class="normal"><sp/><sp/><sp/><sp/></highlight><highlight class="keywordflow">if</highlight><highlight class="normal"><sp/>(valAleat<sp/>==<sp/>1)<sp/>jogada<sp/>=<sp/><ref refid="lista_8h_1abfcb205f3eb670157be0d1221021714b" kindref="member">devolve_cabeca</ref>(vizinhosValidos);</highlight></codeline>
<codeline lineno="212"><highlight class="normal"><sp/><sp/><sp/><sp/></highlight><highlight class="keywordflow">else</highlight><highlight class="normal"><sp/>{</highlight></codeline>
<codeline lineno="213"><highlight class="normal"><sp/><sp/><sp/><sp/><sp/><sp/><sp/><sp/></highlight></codeline>
<codeline lineno="214"><highlight class="normal"><sp/><sp/><sp/><sp/><sp/><sp/><sp/><sp/></highlight><highlight class="keywordflow">for</highlight><highlight class="normal">(i<sp/>=<sp/>valAleat;<sp/>i<sp/>&gt;<sp/>1;<sp/>i--){</highlight></codeline>
<codeline lineno="215"><highlight class="normal"><sp/><sp/><sp/><sp/><sp/><sp/><sp/><sp/><sp/><sp/><sp/><sp/>vizinhosValidos<sp/>=<sp/>vizinhosValidos<sp/>-&gt;<sp/>prox;</highlight></codeline>
<codeline lineno="216"><highlight class="normal"><sp/><sp/><sp/><sp/><sp/><sp/><sp/><sp/>}</highlight></codeline>
<codeline lineno="217"><highlight class="normal"><sp/><sp/><sp/><sp/><sp/><sp/><sp/><sp/></highlight></codeline>
<codeline lineno="218"><highlight class="normal"><sp/><sp/><sp/><sp/><sp/><sp/><sp/><sp/>jogada<sp/>=<sp/><ref refid="lista_8h_1abfcb205f3eb670157be0d1221021714b" kindref="member">devolve_cabeca</ref>(vizinhosValidos);</highlight></codeline>
<codeline lineno="219"><highlight class="normal"><sp/><sp/><sp/><sp/><sp/></highlight></codeline>
<codeline lineno="220"><highlight class="normal"><sp/><sp/><sp/><sp/>}</highlight></codeline>
<codeline lineno="221"><highlight class="normal"><sp/><sp/><sp/><sp/></highlight></codeline>
<codeline lineno="222"><highlight class="normal"><sp/><sp/><sp/><sp/></highlight><highlight class="keywordflow">return</highlight><highlight class="normal"><sp/>jogada;</highlight></codeline>
<codeline lineno="223"><highlight class="normal"></highlight></codeline>
<codeline lineno="224"><highlight class="normal">}</highlight></codeline>
<codeline lineno="225"><highlight class="normal"></highlight></codeline>
<codeline lineno="226"><highlight class="normal"></highlight></codeline>
<codeline lineno="227"><highlight class="normal"></highlight><highlight class="keywordtype">int</highlight><highlight class="normal"><sp/>dist_jog1<sp/>(<ref refid="structCOORDENADA" kindref="compound">COORDENADA</ref><sp/>c,<sp/></highlight><highlight class="keywordtype">int</highlight><highlight class="normal"><sp/>jogAtual)</highlight></codeline>
<codeline lineno="228"><highlight class="normal">{</highlight></codeline>
<codeline lineno="229"><highlight class="normal"><sp/><sp/><sp/><sp/></highlight><highlight class="keywordtype">int</highlight><highlight class="normal"><sp/>distancia;</highlight></codeline>
<codeline lineno="230"><highlight class="normal"><sp/><sp/><sp/><sp/></highlight><highlight class="keywordtype">int</highlight><highlight class="normal"><sp/>col<sp/>=<sp/>c.<ref refid="structCOORDENADA_1adfbc8d4856ce807139fdf62e00aed29a" kindref="member">coluna</ref>;</highlight></codeline>
<codeline lineno="231"><highlight class="normal"><sp/><sp/><sp/><sp/></highlight><highlight class="keywordtype">int</highlight><highlight class="normal"><sp/>lin<sp/>=<sp/>c.<ref refid="structCOORDENADA_1aefe14bcc5a066ac3b21500cc3d28c06f" kindref="member">linha</ref>;</highlight></codeline>
<codeline lineno="232"><highlight class="normal"><sp/><sp/><sp/><sp/></highlight><highlight class="keywordflow">if</highlight><highlight class="normal"><sp/>(jogAtual<sp/>==<sp/>1)</highlight></codeline>
<codeline lineno="233"><highlight class="normal"><sp/><sp/><sp/><sp/>{</highlight></codeline>
<codeline lineno="234"><highlight class="normal"></highlight></codeline>
<codeline lineno="235"><highlight class="normal"><sp/><sp/><sp/><sp/><sp/><sp/><sp/><sp/><sp/><sp/><sp/><sp/></highlight><highlight class="keywordflow">if</highlight><highlight class="normal">(col<sp/>==<sp/>0)<sp/>distancia<sp/>=<sp/>-1;</highlight></codeline>
<codeline lineno="236"><highlight class="normal"><sp/><sp/><sp/><sp/><sp/><sp/><sp/><sp/><sp/><sp/><sp/><sp/></highlight><highlight class="keywordflow">if</highlight><highlight class="normal"><sp/>(lin<sp/>==<sp/>0)<sp/>distancia<sp/>=<sp/>-1;</highlight></codeline>
<codeline lineno="237"><highlight class="normal"><sp/><sp/><sp/><sp/><sp/><sp/><sp/><sp/><sp/><sp/><sp/><sp/></highlight><highlight class="keywordflow">else</highlight><highlight class="normal"><sp/>distancia<sp/>=<sp/>(lin*lin)<sp/>+<sp/>(col*col);</highlight></codeline>
<codeline lineno="238"><highlight class="normal"></highlight></codeline>
<codeline lineno="239"><highlight class="normal"><sp/><sp/><sp/><sp/>}<sp/></highlight><highlight class="keywordflow">else</highlight><highlight class="normal"></highlight></codeline>
<codeline lineno="240"><highlight class="normal"><sp/><sp/><sp/><sp/><sp/><sp/><sp/><sp/>{</highlight></codeline>
<codeline lineno="241"><highlight class="normal"><sp/><sp/><sp/><sp/><sp/><sp/><sp/><sp/></highlight></codeline>
<codeline lineno="242"><highlight class="normal"><sp/><sp/><sp/><sp/><sp/><sp/><sp/><sp/><sp/><sp/><sp/><sp/></highlight><highlight class="keywordflow">if</highlight><highlight class="normal">(col<sp/>==<sp/>7)<sp/>distancia<sp/>=<sp/>-1;</highlight></codeline>
<codeline lineno="243"><highlight class="normal"><sp/><sp/><sp/><sp/><sp/><sp/><sp/><sp/><sp/><sp/><sp/><sp/></highlight><highlight class="keywordflow">if</highlight><highlight class="normal"><sp/>(lin<sp/>==<sp/>7)<sp/>distancia<sp/>=<sp/>-1;</highlight></codeline>
<codeline lineno="244"><highlight class="normal"><sp/><sp/><sp/><sp/><sp/><sp/><sp/><sp/><sp/><sp/><sp/><sp/></highlight><highlight class="keywordflow">else</highlight><highlight class="normal">{</highlight></codeline>
<codeline lineno="245"><highlight class="normal"><sp/><sp/><sp/><sp/><sp/><sp/><sp/><sp/><sp/><sp/><sp/><sp/><sp/><sp/><sp/><sp/></highlight></codeline>
<codeline lineno="246"><highlight class="normal"><sp/><sp/><sp/><sp/><sp/><sp/><sp/><sp/><sp/><sp/><sp/><sp/><sp/><sp/><sp/><sp/>lin<sp/>=<sp/>7<sp/>-<sp/>lin;</highlight></codeline>
<codeline lineno="247"><highlight class="normal"><sp/><sp/><sp/><sp/><sp/><sp/><sp/><sp/><sp/><sp/><sp/><sp/><sp/><sp/><sp/><sp/>col<sp/>=<sp/>7<sp/>-<sp/>col;</highlight></codeline>
<codeline lineno="248"><highlight class="normal"><sp/><sp/><sp/><sp/><sp/><sp/><sp/><sp/><sp/><sp/><sp/><sp/><sp/><sp/><sp/><sp/>distancia<sp/>=<sp/>(lin*lin)<sp/>+<sp/>(col*col);</highlight></codeline>
<codeline lineno="249"><highlight class="normal"><sp/><sp/><sp/><sp/><sp/><sp/><sp/><sp/><sp/><sp/><sp/><sp/>}<sp/></highlight></codeline>
<codeline lineno="250"><highlight class="normal"><sp/><sp/><sp/><sp/><sp/><sp/><sp/><sp/>}</highlight></codeline>
<codeline lineno="251"><highlight class="normal"></highlight></codeline>
<codeline lineno="252"><highlight class="normal"><sp/><sp/><sp/><sp/></highlight><highlight class="keywordflow">return</highlight><highlight class="normal"><sp/>distancia;</highlight></codeline>
<codeline lineno="253"><highlight class="normal">}<sp/><sp/></highlight></codeline>
<codeline lineno="254"><highlight class="normal"></highlight></codeline>
<codeline lineno="255"><highlight class="normal"></highlight></codeline>
<codeline lineno="256"><highlight class="normal"></highlight></codeline>
    </programlisting>
    <location file="projeto/logica.c"/>
  </compounddef>
</doxygen>
