<?xml version='1.0' encoding='UTF-8' standalone='no'?>
<doxygen xmlns:xsi="http://www.w3.org/2001/XMLSchema-instance" xsi:noNamespaceSchemaLocation="compound.xsd" version="1.8.13">
  <compounddef id="projeto_2bot_2logica_8h" kind="file" language="C++">
    <compoundname>logica.h</compoundname>
    <includedby refid="projeto_2bot_2bot_8c" local="yes">projeto/bot/bot.c</includedby>
    <includedby refid="projeto_2bot_2interface_8c" local="yes">projeto/bot/interface.c</includedby>
    <includedby refid="projeto_2bot_2logica_8c" local="yes">projeto/bot/logica.c</includedby>
      <sectiondef kind="func">
      <memberdef kind="function" id="projeto_2bot_2logica_8h_1ad9d3bbf1c686135c03a9502b13f41388" prot="public" static="no" const="no" explicit="no" inline="no" virt="non-virtual">
        <type>int</type>
        <definition>int casaVazia</definition>
        <argsstring>(ESTADO *e, COORDENADA *c)</argsstring>
        <name>casaVazia</name>
        <param>
          <type><ref refid="structESTADO" kindref="compound">ESTADO</ref> *</type>
          <declname>e</declname>
          <defname>estado</defname>
        </param>
        <param>
          <type><ref refid="structCOORDENADA" kindref="compound">COORDENADA</ref> *</type>
          <declname>c</declname>
        </param>
        <briefdescription>
<para>Verifica se a casa destino está vazia. </para>        </briefdescription>
        <detaileddescription>
<para><parameterlist kind="param"><parameteritem>
<parameternamelist>
<parametername>estado</parametername>
</parameternamelist>
<parameterdescription>
<para>Apontador para o estado </para></parameterdescription>
</parameteritem>
<parameteritem>
<parameternamelist>
<parametername>c</parametername>
</parameternamelist>
<parameterdescription>
<para>A coordenada </para></parameterdescription>
</parameteritem>
</parameterlist>
<simplesect kind="return"><para>Se a casa está livre ou não </para></simplesect>
</para>        </detaileddescription>
        <inbodydescription>
        </inbodydescription>
        <location file="projeto/bot/logica.h" line="15" column="1" bodyfile="bot/logica.c" bodystart="46" bodyend="52"/>
      </memberdef>
      <memberdef kind="function" id="projeto_2bot_2logica_8h_1ac313d7e553b1e2b5f266acb9bfff8141" prot="public" static="no" const="no" explicit="no" inline="no" virt="non-virtual">
        <type>int</type>
        <definition>int jogar</definition>
        <argsstring>(ESTADO *e, COORDENADA c)</argsstring>
        <name>jogar</name>
        <param>
          <type><ref refid="structESTADO" kindref="compound">ESTADO</ref> *</type>
          <declname>e</declname>
          <defname>estado</defname>
        </param>
        <param>
          <type><ref refid="structCOORDENADA" kindref="compound">COORDENADA</ref></type>
          <declname>c</declname>
        </param>
        <briefdescription>
<para>Verifica se a jogada é possível, e altera o estado. </para>        </briefdescription>
        <detaileddescription>
<para><parameterlist kind="param"><parameteritem>
<parameternamelist>
<parametername>estado</parametername>
</parameternamelist>
<parameterdescription>
<para>Apontador para o estado </para></parameterdescription>
</parameteritem>
<parameteritem>
<parameternamelist>
<parametername>c</parametername>
</parameternamelist>
<parameterdescription>
<para>A coordenada </para></parameterdescription>
</parameteritem>
</parameterlist>
<simplesect kind="return"><para>Se a jogada é válida ou não </para></simplesect>
</para>        </detaileddescription>
        <inbodydescription>
        </inbodydescription>
        <location file="projeto/bot/logica.h" line="22" column="1" bodyfile="bot/logica.c" bodystart="10" bodyend="30"/>
      </memberdef>
      <memberdef kind="function" id="projeto_2bot_2logica_8h_1a6fce62b57158daf992d52efc813da9cb" prot="public" static="no" const="no" explicit="no" inline="no" virt="non-virtual">
        <type>int</type>
        <definition>int Vencedor</definition>
        <argsstring>(ESTADO *e)</argsstring>
        <name>Vencedor</name>
        <param>
          <type><ref refid="structESTADO" kindref="compound">ESTADO</ref> *</type>
          <declname>e</declname>
        </param>
        <briefdescription>
<para>Verifica se há um vencedor. </para>        </briefdescription>
        <detaileddescription>
<para><parameterlist kind="param"><parameteritem>
<parameternamelist>
<parametername>estado</parametername>
</parameternamelist>
<parameterdescription>
<para>Apontador para o estado </para></parameterdescription>
</parameteritem>
</parameterlist>
<simplesect kind="return"><para>Retorna o número do vencedor caso haja </para></simplesect>
</para>        </detaileddescription>
        <inbodydescription>
        </inbodydescription>
        <location file="projeto/bot/logica.h" line="28" column="1" bodyfile="bot/logica.c" bodystart="32" bodyend="44"/>
      </memberdef>
      <memberdef kind="function" id="projeto_2bot_2logica_8h_1aaee3276a7f7f28109913447b12e86c86" prot="public" static="no" const="no" explicit="no" inline="no" virt="non-virtual">
        <type>int</type>
        <definition>int jogadaValida</definition>
        <argsstring>(ESTADO *e, COORDENADA *c)</argsstring>
        <name>jogadaValida</name>
        <param>
          <type><ref refid="structESTADO" kindref="compound">ESTADO</ref> *</type>
          <declname>e</declname>
          <defname>estado</defname>
        </param>
        <param>
          <type><ref refid="structCOORDENADA" kindref="compound">COORDENADA</ref> *</type>
          <declname>c</declname>
        </param>
        <briefdescription>
<para>Verifica se a jogada é Válida. </para>        </briefdescription>
        <detaileddescription>
<para><parameterlist kind="param"><parameteritem>
<parameternamelist>
<parametername>estado</parametername>
</parameternamelist>
<parameterdescription>
<para>Apontador para o estado </para></parameterdescription>
</parameteritem>
<parameteritem>
<parameternamelist>
<parametername>c</parametername>
</parameternamelist>
<parameterdescription>
<para>Coordenada da jogada </para></parameterdescription>
</parameteritem>
</parameterlist>
<simplesect kind="return"><para>Se a jogada é válida ou não </para></simplesect>
</para>        </detaileddescription>
        <inbodydescription>
        </inbodydescription>
        <location file="projeto/bot/logica.h" line="35" column="1" bodyfile="bot/logica.c" bodystart="54" bodyend="68"/>
      </memberdef>
      <memberdef kind="function" id="projeto_2bot_2logica_8h_1a1326e92f82b72cd3bc1a55183720d079" prot="public" static="no" const="no" explicit="no" inline="no" virt="non-virtual">
        <type>int</type>
        <definition>int anyVazio</definition>
        <argsstring>(ESTADO *e, COORDENADA *c)</argsstring>
        <name>anyVazio</name>
        <param>
          <type><ref refid="structESTADO" kindref="compound">ESTADO</ref> *</type>
          <declname>e</declname>
        </param>
        <param>
          <type><ref refid="structCOORDENADA" kindref="compound">COORDENADA</ref> *</type>
          <declname>c</declname>
        </param>
        <briefdescription>
<para>Verifica se alguma das casas possíveis é vazia ou não. </para>        </briefdescription>
        <detaileddescription>
<para><parameterlist kind="param"><parameteritem>
<parameternamelist>
<parametername>estado</parametername>
</parameternamelist>
<parameterdescription>
<para>Apontador para o estado </para></parameterdescription>
</parameteritem>
<parameteritem>
<parameternamelist>
<parametername>c</parametername>
</parameternamelist>
<parameterdescription>
<para>Apontador para a coordenada </para></parameterdescription>
</parameteritem>
</parameterlist>
<simplesect kind="return"><para>Retorna TRUE or FALSE </para></simplesect>
</para>        </detaileddescription>
        <inbodydescription>
        </inbodydescription>
        <location file="projeto/bot/logica.h" line="43" column="1" bodyfile="bot/logica.c" bodystart="79" bodyend="93"/>
      </memberdef>
      <memberdef kind="function" id="projeto_2bot_2logica_8h_1a68872049be642d882802ebe75f80535e" prot="public" static="no" const="no" explicit="no" inline="no" virt="non-virtual">
        <type>int</type>
        <definition>int JogadasPossiveis</definition>
        <argsstring>(ESTADO *e)</argsstring>
        <name>JogadasPossiveis</name>
        <param>
          <type><ref refid="structESTADO" kindref="compound">ESTADO</ref> *</type>
          <declname>e</declname>
          <defname>estado</defname>
        </param>
        <briefdescription>
<para>Verifica se na última jogada do estado existe alguma casa livre. </para>        </briefdescription>
        <detaileddescription>
<para><parameterlist kind="param"><parameteritem>
<parameternamelist>
<parametername>estado</parametername>
</parameternamelist>
<parameterdescription>
<para>Apontador para o estado </para></parameterdescription>
</parameteritem>
</parameterlist>
<simplesect kind="return"><para>Retorna se é possível ou não </para></simplesect>
</para>        </detaileddescription>
        <inbodydescription>
        </inbodydescription>
        <location file="projeto/bot/logica.h" line="49" column="1" bodyfile="bot/logica.c" bodystart="73" bodyend="77"/>
      </memberdef>
      <memberdef kind="function" id="projeto_2bot_2logica_8h_1a3c1b6e5c1c1e38e2095cc3637e26a92d" prot="public" static="no" const="no" explicit="no" inline="no" virt="non-virtual">
        <type>int</type>
        <definition>int CoordenadaValida</definition>
        <argsstring>(COORDENADA *c)</argsstring>
        <name>CoordenadaValida</name>
        <param>
          <type><ref refid="structCOORDENADA" kindref="compound">COORDENADA</ref> *</type>
          <declname>c</declname>
          <defname>a</defname>
        </param>
        <briefdescription>
<para>Verifica se Coordenada é válida. </para>        </briefdescription>
        <detaileddescription>
<para><parameterlist kind="param"><parameteritem>
<parameternamelist>
<parametername>a</parametername>
</parameternamelist>
<parameterdescription>
<para>Coordenada </para></parameterdescription>
</parameteritem>
</parameterlist>
<simplesect kind="return"><para>Retorna se é possível ou não </para></simplesect>
</para>        </detaileddescription>
        <inbodydescription>
        </inbodydescription>
        <location file="projeto/bot/logica.h" line="55" column="1" bodyfile="bot/logica.c" bodystart="96" bodyend="99"/>
      </memberdef>
      <memberdef kind="function" id="projeto_2bot_2logica_8h_1adb63309b72e0749f8e56bb18df39152d" prot="public" static="no" const="no" explicit="no" inline="no" virt="non-virtual">
        <type>void</type>
        <definition>void le_ficheiro</definition>
        <argsstring>(ESTADO *e, FILE *fp)</argsstring>
        <name>le_ficheiro</name>
        <param>
          <type><ref refid="structESTADO" kindref="compound">ESTADO</ref> *</type>
          <declname>e</declname>
        </param>
        <param>
          <type>FILE *</type>
          <declname>fp</declname>
        </param>
        <briefdescription>
<para>Lê um ficheiro com o Tabuleiro e as jogadas. </para>        </briefdescription>
        <detaileddescription>
<para><parameterlist kind="param"><parameteritem>
<parameternamelist>
<parametername>e</parametername>
</parameternamelist>
<parameterdescription>
<para>Apontador para o estado </para></parameterdescription>
</parameteritem>
<parameteritem>
<parameternamelist>
<parametername>fp</parametername>
</parameternamelist>
<parameterdescription>
<para>Apontador para o ficheiro </para></parameterdescription>
</parameteritem>
</parameterlist>
</para>        </detaileddescription>
        <inbodydescription>
        </inbodydescription>
        <location file="projeto/bot/logica.h" line="61" column="1" bodyfile="bot/logica.c" bodystart="102" bodyend="115"/>
      </memberdef>
      <memberdef kind="function" id="projeto_2bot_2logica_8h_1a46fdebf63e4fa6ef714bb7d1b8d5c163" prot="public" static="no" const="no" explicit="no" inline="no" virt="non-virtual">
        <type>void</type>
        <definition>void guardaLinha</definition>
        <argsstring>(ESTADO *e, char linha[], int nlinha, int *contador)</argsstring>
        <name>guardaLinha</name>
        <param>
          <type><ref refid="structESTADO" kindref="compound">ESTADO</ref> *</type>
          <declname>e</declname>
        </param>
        <param>
          <type>char</type>
          <declname>linha</declname>
          <array>[]</array>
        </param>
        <param>
          <type>int</type>
          <declname>nlinha</declname>
        </param>
        <param>
          <type>int *</type>
          <declname>contador</declname>
        </param>
        <briefdescription>
<para>Lê um ficheiro com o Tabuleiro e altera o Estado. </para>        </briefdescription>
        <detaileddescription>
<para><parameterlist kind="param"><parameteritem>
<parameternamelist>
<parametername>e</parametername>
</parameternamelist>
<parameterdescription>
<para>Apontador para o estado </para></parameterdescription>
</parameteritem>
<parameteritem>
<parameternamelist>
<parametername>linha</parametername>
</parameternamelist>
<parameterdescription>
<para>Linha do tabuleiro </para></parameterdescription>
</parameteritem>
<parameteritem>
<parameternamelist>
<parametername>nlinha</parametername>
</parameternamelist>
<parameterdescription>
<para>Linha atual </para></parameterdescription>
</parameteritem>
<parameteritem>
<parameternamelist>
<parametername>contador</parametername>
</parameternamelist>
<parameterdescription>
<para>Apontador para um contador que posteriormente irá calcular o número de jogadas </para></parameterdescription>
</parameteritem>
</parameterlist>
</para>        </detaileddescription>
        <inbodydescription>
        </inbodydescription>
        <location file="projeto/bot/logica.h" line="69" column="1" bodyfile="bot/logica.c" bodystart="117" bodyend="141"/>
      </memberdef>
      <memberdef kind="function" id="projeto_2bot_2logica_8h_1ad5683dcebcf5926c188b34a9c9151a3e" prot="public" static="no" const="no" explicit="no" inline="no" virt="non-virtual">
        <type>void</type>
        <definition>void guardaJogadas</definition>
        <argsstring>(ESTADO *e, char linha[], int num_jogada, int n)</argsstring>
        <name>guardaJogadas</name>
        <param>
          <type><ref refid="structESTADO" kindref="compound">ESTADO</ref> *</type>
          <declname>e</declname>
        </param>
        <param>
          <type>char</type>
          <declname>linha</declname>
          <array>[]</array>
        </param>
        <param>
          <type>int</type>
          <declname>num_jogada</declname>
        </param>
        <param>
          <type>int</type>
          <declname>n</declname>
        </param>
        <briefdescription>
<para>Lê um ficheiro com as Jogadas e altera o Estado. </para>        </briefdescription>
        <detaileddescription>
<para><parameterlist kind="param"><parameteritem>
<parameternamelist>
<parametername>e</parametername>
</parameternamelist>
<parameterdescription>
<para>Apontador para o estado </para></parameterdescription>
</parameteritem>
<parameteritem>
<parameternamelist>
<parametername>linha</parametername>
</parameternamelist>
<parameterdescription>
<para>Linha do tabuleiro </para></parameterdescription>
</parameteritem>
<parameteritem>
<parameternamelist>
<parametername>num_jogada</parametername>
</parameternamelist>
<parameterdescription>
<para>Número da jogada </para></parameterdescription>
</parameteritem>
<parameteritem>
<parameternamelist>
<parametername>n</parametername>
</parameternamelist>
<parameterdescription>
<para>Número de jogadas </para></parameterdescription>
</parameteritem>
</parameterlist>
</para>        </detaileddescription>
        <inbodydescription>
        </inbodydescription>
        <location file="projeto/bot/logica.h" line="77" column="1" bodyfile="bot/logica.c" bodystart="144" bodyend="155"/>
      </memberdef>
      </sectiondef>
    <briefdescription>
    </briefdescription>
    <detaileddescription>
    </detaileddescription>
    <programlisting>
<codeline lineno="1"></codeline>
<codeline lineno="6"><highlight class="preprocessor">#ifndef<sp/>___LOGICA_H___</highlight><highlight class="normal"></highlight></codeline>
<codeline lineno="7"><highlight class="normal"></highlight><highlight class="preprocessor">#define<sp/>___LOGICA_H___</highlight><highlight class="normal"></highlight></codeline>
<codeline lineno="8"><highlight class="normal"></highlight></codeline>
<codeline lineno="15"><highlight class="keywordtype">int</highlight><highlight class="normal"><sp/>casaVazia<sp/>(<ref refid="structESTADO" kindref="compound">ESTADO</ref><sp/>*e,<sp/><ref refid="structCOORDENADA" kindref="compound">COORDENADA</ref><sp/>*c);</highlight></codeline>
<codeline lineno="22"><highlight class="keywordtype">int</highlight><highlight class="normal"><sp/>jogar<sp/>(<ref refid="structESTADO" kindref="compound">ESTADO</ref><sp/>*e,<sp/><ref refid="structCOORDENADA" kindref="compound">COORDENADA</ref><sp/>c);</highlight></codeline>
<codeline lineno="28"><highlight class="keywordtype">int</highlight><highlight class="normal"><sp/>Vencedor<sp/>(<ref refid="structESTADO" kindref="compound">ESTADO</ref><sp/>*e);</highlight></codeline>
<codeline lineno="35"><highlight class="keywordtype">int</highlight><highlight class="normal"><sp/>jogadaValida<sp/>(<ref refid="structESTADO" kindref="compound">ESTADO</ref><sp/>*e,<sp/><ref refid="structCOORDENADA" kindref="compound">COORDENADA</ref><sp/>*c);</highlight></codeline>
<codeline lineno="36"><highlight class="normal"></highlight></codeline>
<codeline lineno="43"><highlight class="keywordtype">int</highlight><highlight class="normal"><sp/>anyVazio<sp/>(<ref refid="structESTADO" kindref="compound">ESTADO</ref><sp/>*e,<sp/><ref refid="structCOORDENADA" kindref="compound">COORDENADA</ref><sp/>*c);</highlight></codeline>
<codeline lineno="49"><highlight class="keywordtype">int</highlight><highlight class="normal"><sp/>JogadasPossiveis<sp/>(<ref refid="structESTADO" kindref="compound">ESTADO</ref><sp/>*e);</highlight></codeline>
<codeline lineno="55"><highlight class="keywordtype">int</highlight><highlight class="normal"><sp/>CoordenadaValida<sp/>(<ref refid="structCOORDENADA" kindref="compound">COORDENADA</ref><sp/>*c);</highlight></codeline>
<codeline lineno="61"><highlight class="keywordtype">void</highlight><highlight class="normal"><sp/>le_ficheiro<sp/>(<ref refid="structESTADO" kindref="compound">ESTADO</ref><sp/>*e,<sp/>FILE<sp/>*fp);</highlight></codeline>
<codeline lineno="69"><highlight class="keywordtype">void</highlight><highlight class="normal"><sp/>guardaLinha<sp/>(<ref refid="structESTADO" kindref="compound">ESTADO</ref><sp/>*e,<sp/></highlight><highlight class="keywordtype">char</highlight><highlight class="normal"><sp/>linha[],<sp/></highlight><highlight class="keywordtype">int</highlight><highlight class="normal"><sp/>nlinha,<sp/></highlight><highlight class="keywordtype">int</highlight><highlight class="normal"><sp/>*contador);</highlight></codeline>
<codeline lineno="77"><highlight class="keywordtype">void</highlight><highlight class="normal"><sp/>guardaJogadas<sp/>(<ref refid="structESTADO" kindref="compound">ESTADO</ref><sp/>*e,<sp/></highlight><highlight class="keywordtype">char</highlight><highlight class="normal"><sp/>linha[],</highlight><highlight class="keywordtype">int</highlight><highlight class="normal"><sp/>num_jogada<sp/>,</highlight><highlight class="keywordtype">int</highlight><highlight class="normal"><sp/>n);</highlight></codeline>
<codeline lineno="78"><highlight class="normal"></highlight></codeline>
<codeline lineno="79"><highlight class="normal"></highlight><highlight class="preprocessor">#endif</highlight></codeline>
    </programlisting>
    <location file="projeto/bot/logica.h"/>
  </compounddef>
</doxygen>
