<?xml version='1.0' encoding='UTF-8' standalone='no'?>
<doxygen xmlns:xsi="http://www.w3.org/2001/XMLSchema-instance" xsi:noNamespaceSchemaLocation="compound.xsd" version="1.8.13">
  <compounddef id="projeto_2bot_2logica_8c" kind="file" language="C++">
    <compoundname>logica.c</compoundname>
    <includes local="no">stdio.h</includes>
    <includes local="no">stdlib.h</includes>
    <includes local="no">math.h</includes>
    <includes local="no">string.h</includes>
    <includes refid="projeto_2bot_2dados_8h" local="yes">dados.h</includes>
    <includes refid="projeto_2bot_2logica_8h" local="yes">logica.h</includes>
    <incdepgraph>
      <node id="88">
        <label>stdlib.h</label>
      </node>
      <node id="86">
        <label>projeto/bot/logica.c</label>
        <link refid="projeto_2bot_2logica_8c"/>
        <childnode refid="87" relation="include">
        </childnode>
        <childnode refid="88" relation="include">
        </childnode>
        <childnode refid="89" relation="include">
        </childnode>
        <childnode refid="90" relation="include">
        </childnode>
        <childnode refid="91" relation="include">
        </childnode>
        <childnode refid="92" relation="include">
        </childnode>
      </node>
      <node id="92">
        <label>logica.h</label>
        <link refid="projeto_2bot_2logica_8h_source"/>
      </node>
      <node id="91">
        <label>dados.h</label>
        <link refid="projeto_2bot_2dados_8h_source"/>
      </node>
      <node id="90">
        <label>string.h</label>
      </node>
      <node id="89">
        <label>math.h</label>
      </node>
      <node id="87">
        <label>stdio.h</label>
      </node>
    </incdepgraph>
      <sectiondef kind="func">
      <memberdef kind="function" id="projeto_2bot_2logica_8c_1ac313d7e553b1e2b5f266acb9bfff8141" prot="public" static="no" const="no" explicit="no" inline="no" virt="non-virtual">
        <type>int</type>
        <definition>int jogar</definition>
        <argsstring>(ESTADO *e, COORDENADA c)</argsstring>
        <name>jogar</name>
        <param>
          <type><ref refid="structESTADO" kindref="compound">ESTADO</ref> *</type>
          <declname>e</declname>
        </param>
        <param>
          <type><ref refid="structCOORDENADA" kindref="compound">COORDENADA</ref></type>
          <declname>c</declname>
        </param>
        <briefdescription>
<para>Verifica se a jogada é possível, e altera o estado. </para>        </briefdescription>
        <detaileddescription>
<para><parameterlist kind="param"><parameteritem>
<parameternamelist>
<parametername>estado</parametername>
</parameternamelist>
<parameterdescription>
<para>Apontador para o estado </para></parameterdescription>
</parameteritem>
<parameteritem>
<parameternamelist>
<parametername>c</parametername>
</parameternamelist>
<parameterdescription>
<para>A coordenada </para></parameterdescription>
</parameteritem>
</parameterlist>
<simplesect kind="return"><para>Se a jogada é válida ou não </para></simplesect>
</para>        </detaileddescription>
        <inbodydescription>
        </inbodydescription>
        <location file="projeto/bot/logica.c" line="10" column="1" bodyfile="projeto/bot/logica.c" bodystart="10" bodyend="30"/>
      </memberdef>
      <memberdef kind="function" id="projeto_2bot_2logica_8c_1a6fce62b57158daf992d52efc813da9cb" prot="public" static="no" const="no" explicit="no" inline="no" virt="non-virtual">
        <type>int</type>
        <definition>int Vencedor</definition>
        <argsstring>(ESTADO *e)</argsstring>
        <name>Vencedor</name>
        <param>
          <type><ref refid="structESTADO" kindref="compound">ESTADO</ref> *</type>
          <declname>e</declname>
        </param>
        <briefdescription>
<para>Verifica se há um vencedor. </para>        </briefdescription>
        <detaileddescription>
<para><parameterlist kind="param"><parameteritem>
<parameternamelist>
<parametername>estado</parametername>
</parameternamelist>
<parameterdescription>
<para>Apontador para o estado </para></parameterdescription>
</parameteritem>
</parameterlist>
<simplesect kind="return"><para>Retorna o número do vencedor caso haja </para></simplesect>
</para>        </detaileddescription>
        <inbodydescription>
        </inbodydescription>
        <location file="projeto/bot/logica.c" line="32" column="1" bodyfile="projeto/bot/logica.c" bodystart="32" bodyend="44"/>
      </memberdef>
      <memberdef kind="function" id="projeto_2bot_2logica_8c_1ad9d3bbf1c686135c03a9502b13f41388" prot="public" static="no" const="no" explicit="no" inline="no" virt="non-virtual">
        <type>int</type>
        <definition>int casaVazia</definition>
        <argsstring>(ESTADO *e, COORDENADA *c)</argsstring>
        <name>casaVazia</name>
        <param>
          <type><ref refid="structESTADO" kindref="compound">ESTADO</ref> *</type>
          <declname>e</declname>
        </param>
        <param>
          <type><ref refid="structCOORDENADA" kindref="compound">COORDENADA</ref> *</type>
          <declname>c</declname>
        </param>
        <briefdescription>
<para>Verifica se a casa destino está vazia. </para>        </briefdescription>
        <detaileddescription>
<para><parameterlist kind="param"><parameteritem>
<parameternamelist>
<parametername>estado</parametername>
</parameternamelist>
<parameterdescription>
<para>Apontador para o estado </para></parameterdescription>
</parameteritem>
<parameteritem>
<parameternamelist>
<parametername>c</parametername>
</parameternamelist>
<parameterdescription>
<para>A coordenada </para></parameterdescription>
</parameteritem>
</parameterlist>
<simplesect kind="return"><para>Se a casa está livre ou não </para></simplesect>
</para>        </detaileddescription>
        <inbodydescription>
        </inbodydescription>
        <location file="projeto/bot/logica.c" line="46" column="1" bodyfile="projeto/bot/logica.c" bodystart="46" bodyend="52"/>
      </memberdef>
      <memberdef kind="function" id="projeto_2bot_2logica_8c_1aaee3276a7f7f28109913447b12e86c86" prot="public" static="no" const="no" explicit="no" inline="no" virt="non-virtual">
        <type>int</type>
        <definition>int jogadaValida</definition>
        <argsstring>(ESTADO *e, COORDENADA *c)</argsstring>
        <name>jogadaValida</name>
        <param>
          <type><ref refid="structESTADO" kindref="compound">ESTADO</ref> *</type>
          <declname>e</declname>
        </param>
        <param>
          <type><ref refid="structCOORDENADA" kindref="compound">COORDENADA</ref> *</type>
          <declname>c</declname>
        </param>
        <briefdescription>
<para>Verifica se a jogada é Válida. </para>        </briefdescription>
        <detaileddescription>
<para><parameterlist kind="param"><parameteritem>
<parameternamelist>
<parametername>estado</parametername>
</parameternamelist>
<parameterdescription>
<para>Apontador para o estado </para></parameterdescription>
</parameteritem>
<parameteritem>
<parameternamelist>
<parametername>c</parametername>
</parameternamelist>
<parameterdescription>
<para>Coordenada da jogada </para></parameterdescription>
</parameteritem>
</parameterlist>
<simplesect kind="return"><para>Se a jogada é válida ou não </para></simplesect>
</para>        </detaileddescription>
        <inbodydescription>
        </inbodydescription>
        <location file="projeto/bot/logica.c" line="54" column="1" bodyfile="projeto/bot/logica.c" bodystart="54" bodyend="68"/>
      </memberdef>
      <memberdef kind="function" id="projeto_2bot_2logica_8c_1a68872049be642d882802ebe75f80535e" prot="public" static="no" const="no" explicit="no" inline="no" virt="non-virtual">
        <type>int</type>
        <definition>int JogadasPossiveis</definition>
        <argsstring>(ESTADO *e)</argsstring>
        <name>JogadasPossiveis</name>
        <param>
          <type><ref refid="structESTADO" kindref="compound">ESTADO</ref> *</type>
          <declname>e</declname>
        </param>
        <briefdescription>
<para>Verifica se na última jogada do estado existe alguma casa livre. </para>        </briefdescription>
        <detaileddescription>
<para><parameterlist kind="param"><parameteritem>
<parameternamelist>
<parametername>estado</parametername>
</parameternamelist>
<parameterdescription>
<para>Apontador para o estado </para></parameterdescription>
</parameteritem>
</parameterlist>
<simplesect kind="return"><para>Retorna se é possível ou não </para></simplesect>
</para>        </detaileddescription>
        <inbodydescription>
        </inbodydescription>
        <location file="projeto/bot/logica.c" line="73" column="1" bodyfile="projeto/bot/logica.c" bodystart="73" bodyend="77"/>
      </memberdef>
      <memberdef kind="function" id="projeto_2bot_2logica_8c_1a1326e92f82b72cd3bc1a55183720d079" prot="public" static="no" const="no" explicit="no" inline="no" virt="non-virtual">
        <type>int</type>
        <definition>int anyVazio</definition>
        <argsstring>(ESTADO *e, COORDENADA *c)</argsstring>
        <name>anyVazio</name>
        <param>
          <type><ref refid="structESTADO" kindref="compound">ESTADO</ref> *</type>
          <declname>e</declname>
        </param>
        <param>
          <type><ref refid="structCOORDENADA" kindref="compound">COORDENADA</ref> *</type>
          <declname>c</declname>
        </param>
        <briefdescription>
<para>Verifica se alguma das casas possíveis é vazia ou não. </para>        </briefdescription>
        <detaileddescription>
<para><parameterlist kind="param"><parameteritem>
<parameternamelist>
<parametername>estado</parametername>
</parameternamelist>
<parameterdescription>
<para>Apontador para o estado </para></parameterdescription>
</parameteritem>
<parameteritem>
<parameternamelist>
<parametername>c</parametername>
</parameternamelist>
<parameterdescription>
<para>Apontador para a coordenada </para></parameterdescription>
</parameteritem>
</parameterlist>
<simplesect kind="return"><para>Retorna TRUE or FALSE </para></simplesect>
</para>        </detaileddescription>
        <inbodydescription>
        </inbodydescription>
        <location file="projeto/bot/logica.c" line="79" column="1" bodyfile="projeto/bot/logica.c" bodystart="79" bodyend="93"/>
      </memberdef>
      <memberdef kind="function" id="projeto_2bot_2logica_8c_1a3c1b6e5c1c1e38e2095cc3637e26a92d" prot="public" static="no" const="no" explicit="no" inline="no" virt="non-virtual">
        <type>int</type>
        <definition>int CoordenadaValida</definition>
        <argsstring>(COORDENADA *c)</argsstring>
        <name>CoordenadaValida</name>
        <param>
          <type><ref refid="structCOORDENADA" kindref="compound">COORDENADA</ref> *</type>
          <declname>c</declname>
        </param>
        <briefdescription>
<para>Verifica se Coordenada é válida. </para>        </briefdescription>
        <detaileddescription>
<para><parameterlist kind="param"><parameteritem>
<parameternamelist>
<parametername>a</parametername>
</parameternamelist>
<parameterdescription>
<para>Coordenada </para></parameterdescription>
</parameteritem>
</parameterlist>
<simplesect kind="return"><para>Retorna se é possível ou não </para></simplesect>
</para>        </detaileddescription>
        <inbodydescription>
        </inbodydescription>
        <location file="projeto/bot/logica.c" line="96" column="1" bodyfile="projeto/bot/logica.c" bodystart="96" bodyend="99"/>
      </memberdef>
      <memberdef kind="function" id="projeto_2bot_2logica_8c_1adb63309b72e0749f8e56bb18df39152d" prot="public" static="no" const="no" explicit="no" inline="no" virt="non-virtual">
        <type>void</type>
        <definition>void le_ficheiro</definition>
        <argsstring>(ESTADO *e, FILE *fp)</argsstring>
        <name>le_ficheiro</name>
        <param>
          <type><ref refid="structESTADO" kindref="compound">ESTADO</ref> *</type>
          <declname>e</declname>
        </param>
        <param>
          <type>FILE *</type>
          <declname>fp</declname>
        </param>
        <briefdescription>
<para>Lê um ficheiro com o Tabuleiro e as jogadas. </para>        </briefdescription>
        <detaileddescription>
<para><parameterlist kind="param"><parameteritem>
<parameternamelist>
<parametername>e</parametername>
</parameternamelist>
<parameterdescription>
<para>Apontador para o estado </para></parameterdescription>
</parameteritem>
<parameteritem>
<parameternamelist>
<parametername>fp</parametername>
</parameternamelist>
<parameterdescription>
<para>Apontador para o ficheiro </para></parameterdescription>
</parameteritem>
</parameterlist>
</para>        </detaileddescription>
        <inbodydescription>
        </inbodydescription>
        <location file="projeto/bot/logica.c" line="102" column="1" bodyfile="projeto/bot/logica.c" bodystart="102" bodyend="115"/>
      </memberdef>
      <memberdef kind="function" id="projeto_2bot_2logica_8c_1a46fdebf63e4fa6ef714bb7d1b8d5c163" prot="public" static="no" const="no" explicit="no" inline="no" virt="non-virtual">
        <type>void</type>
        <definition>void guardaLinha</definition>
        <argsstring>(ESTADO *e, char linha[], int nlinha, int *contador)</argsstring>
        <name>guardaLinha</name>
        <param>
          <type><ref refid="structESTADO" kindref="compound">ESTADO</ref> *</type>
          <declname>e</declname>
        </param>
        <param>
          <type>char</type>
          <declname>linha</declname>
          <array>[]</array>
        </param>
        <param>
          <type>int</type>
          <declname>nlinha</declname>
        </param>
        <param>
          <type>int *</type>
          <declname>contador</declname>
        </param>
        <briefdescription>
<para>Lê um ficheiro com o Tabuleiro e altera o Estado. </para>        </briefdescription>
        <detaileddescription>
<para><parameterlist kind="param"><parameteritem>
<parameternamelist>
<parametername>e</parametername>
</parameternamelist>
<parameterdescription>
<para>Apontador para o estado </para></parameterdescription>
</parameteritem>
<parameteritem>
<parameternamelist>
<parametername>linha</parametername>
</parameternamelist>
<parameterdescription>
<para>Linha do tabuleiro </para></parameterdescription>
</parameteritem>
<parameteritem>
<parameternamelist>
<parametername>nlinha</parametername>
</parameternamelist>
<parameterdescription>
<para>Linha atual </para></parameterdescription>
</parameteritem>
<parameteritem>
<parameternamelist>
<parametername>contador</parametername>
</parameternamelist>
<parameterdescription>
<para>Apontador para um contador que posteriormente irá calcular o número de jogadas </para></parameterdescription>
</parameteritem>
</parameterlist>
</para>        </detaileddescription>
        <inbodydescription>
        </inbodydescription>
        <location file="projeto/bot/logica.c" line="117" column="1" bodyfile="projeto/bot/logica.c" bodystart="117" bodyend="141"/>
      </memberdef>
      <memberdef kind="function" id="projeto_2bot_2logica_8c_1ad5683dcebcf5926c188b34a9c9151a3e" prot="public" static="no" const="no" explicit="no" inline="no" virt="non-virtual">
        <type>void</type>
        <definition>void guardaJogadas</definition>
        <argsstring>(ESTADO *e, char linha[], int num_jogada, int n)</argsstring>
        <name>guardaJogadas</name>
        <param>
          <type><ref refid="structESTADO" kindref="compound">ESTADO</ref> *</type>
          <declname>e</declname>
        </param>
        <param>
          <type>char</type>
          <declname>linha</declname>
          <array>[]</array>
        </param>
        <param>
          <type>int</type>
          <declname>num_jogada</declname>
        </param>
        <param>
          <type>int</type>
          <declname>n</declname>
        </param>
        <briefdescription>
<para>Lê um ficheiro com as Jogadas e altera o Estado. </para>        </briefdescription>
        <detaileddescription>
<para><parameterlist kind="param"><parameteritem>
<parameternamelist>
<parametername>e</parametername>
</parameternamelist>
<parameterdescription>
<para>Apontador para o estado </para></parameterdescription>
</parameteritem>
<parameteritem>
<parameternamelist>
<parametername>linha</parametername>
</parameternamelist>
<parameterdescription>
<para>Linha do tabuleiro </para></parameterdescription>
</parameteritem>
<parameteritem>
<parameternamelist>
<parametername>num_jogada</parametername>
</parameternamelist>
<parameterdescription>
<para>Número da jogada </para></parameterdescription>
</parameteritem>
<parameteritem>
<parameternamelist>
<parametername>n</parametername>
</parameternamelist>
<parameterdescription>
<para>Número de jogadas </para></parameterdescription>
</parameteritem>
</parameterlist>
</para>        </detaileddescription>
        <inbodydescription>
        </inbodydescription>
        <location file="projeto/bot/logica.c" line="144" column="1" bodyfile="projeto/bot/logica.c" bodystart="144" bodyend="155"/>
      </memberdef>
      </sectiondef>
    <briefdescription>
    </briefdescription>
    <detaileddescription>
    </detaileddescription>
    <programlisting>
<codeline lineno="1"><highlight class="preprocessor">#include<sp/>&lt;stdio.h&gt;</highlight><highlight class="normal"></highlight></codeline>
<codeline lineno="2"><highlight class="normal"></highlight><highlight class="preprocessor">#include<sp/>&lt;stdlib.h&gt;</highlight><highlight class="normal"></highlight></codeline>
<codeline lineno="3"><highlight class="normal"></highlight><highlight class="preprocessor">#include<sp/>&lt;math.h&gt;</highlight><highlight class="normal"></highlight></codeline>
<codeline lineno="4"><highlight class="normal"></highlight><highlight class="preprocessor">#include<sp/>&lt;string.h&gt;</highlight><highlight class="normal"></highlight></codeline>
<codeline lineno="5"><highlight class="normal"></highlight><highlight class="preprocessor">#include<sp/>&quot;dados.h&quot;</highlight><highlight class="normal"></highlight></codeline>
<codeline lineno="6"><highlight class="normal"></highlight><highlight class="preprocessor">#include<sp/>&quot;logica.h&quot;</highlight><highlight class="normal"></highlight></codeline>
<codeline lineno="7"><highlight class="normal"></highlight></codeline>
<codeline lineno="8"><highlight class="normal"></highlight></codeline>
<codeline lineno="9"><highlight class="normal"></highlight></codeline>
<codeline lineno="10"><highlight class="normal"></highlight><highlight class="keywordtype">int</highlight><highlight class="normal"><sp/>jogar<sp/>(<ref refid="structESTADO" kindref="compound">ESTADO</ref><sp/>*e,<sp/><ref refid="structCOORDENADA" kindref="compound">COORDENADA</ref><sp/>c)<sp/>{</highlight></codeline>
<codeline lineno="11"><highlight class="normal"><sp/><sp/><sp/><sp/></highlight><highlight class="comment">//<sp/>1<sp/>-<sp/>Devolve<sp/>o<sp/>Estado<sp/>com<sp/>a<sp/>jogada<sp/>efetuada;<sp/>0<sp/>-<sp/>Devolve<sp/>o<sp/>estado<sp/>inicial<sp/>(a<sp/>jogada<sp/>não<sp/>é<sp/>válida)</highlight><highlight class="normal"></highlight></codeline>
<codeline lineno="12"><highlight class="normal"><sp/><sp/><sp/><sp/></highlight><highlight class="comment">//if<sp/>(!<sp/>jogadaValida(estado,<sp/>&amp;c))<sp/>return<sp/>0;<sp/>//<sp/>Caso<sp/>em<sp/>que<sp/>a<sp/>jogada<sp/>pretendida<sp/>não<sp/>é<sp/>válida.</highlight><highlight class="normal"></highlight></codeline>
<codeline lineno="13"><highlight class="normal"><sp/><sp/><sp/><sp/>set_casa<sp/>(e,<sp/>get_ultima_jogada<sp/>(e),<sp/>PRETA);<sp/></highlight><highlight class="comment">//<sp/>Altera<sp/>a<sp/>casa<sp/>BRANCA<sp/>da<sp/>jogada<sp/>anterior<sp/>para<sp/>PRETA<sp/></highlight><highlight class="normal"></highlight></codeline>
<codeline lineno="14"><highlight class="normal"><sp/><sp/><sp/><sp/>set_casa<sp/>(e,<sp/>c,<sp/>BRANCA);<sp/></highlight><highlight class="comment">//<sp/><sp/>Altera<sp/>a<sp/>casa<sp/>VAZIO<sp/>da<sp/>jogada<sp/>atual<sp/>para<sp/>BRANCA<sp/></highlight><highlight class="normal"></highlight></codeline>
<codeline lineno="15"><highlight class="normal"><sp/><sp/><sp/><sp/></highlight><highlight class="comment">//<sp/>Alterar<sp/>no<sp/>array<sp/>de<sp/>jogadas,<sp/>acrescentar<sp/>a<sp/>atual</highlight><highlight class="normal"></highlight></codeline>
<codeline lineno="16"><highlight class="normal"><sp/><sp/><sp/><sp/></highlight><highlight class="comment">//<sp/>Coloca<sp/>a<sp/>última<sp/>jogada<sp/>no<sp/>array<sp/>de<sp/>Jogadas<sp/>#1</highlight><highlight class="normal"></highlight></codeline>
<codeline lineno="17"><highlight class="normal"><sp/><sp/><sp/><sp/></highlight><highlight class="comment">//<sp/>Altera<sp/>a<sp/>última<sp/>jogada<sp/>para<sp/>a<sp/>jogada<sp/>que<sp/>o<sp/>jogador<sp/>pretende<sp/>efetuar<sp/>#2</highlight><highlight class="normal"></highlight></codeline>
<codeline lineno="18"><highlight class="normal"><sp/><sp/><sp/><sp/></highlight><highlight class="comment">//<sp/>Muda<sp/>o<sp/>jogador<sp/>atual<sp/>para<sp/>o<sp/>seguinte<sp/>#3</highlight><highlight class="normal"></highlight></codeline>
<codeline lineno="19"><highlight class="normal"><sp/><sp/><sp/><sp/></highlight><highlight class="keywordflow">if</highlight><highlight class="normal"><sp/>(get_jogador_atual<sp/>(e)<sp/>==<sp/>1)<sp/>{</highlight></codeline>
<codeline lineno="20"><highlight class="normal"><sp/><sp/><sp/><sp/><sp/><sp/><sp/><sp/>set_jogadas_coordenada<sp/>(e,<sp/>get_num_jogadas(e),<sp/>1,<sp/>c);<sp/></highlight><highlight class="comment">//<sp/>#1</highlight><highlight class="normal"></highlight></codeline>
<codeline lineno="21"><highlight class="normal"><sp/><sp/><sp/><sp/><sp/><sp/><sp/><sp/>set_ultima_jogada<sp/>(e,<sp/>c);<sp/></highlight><highlight class="comment">//<sp/>#2</highlight><highlight class="normal"></highlight></codeline>
<codeline lineno="22"><highlight class="normal"><sp/><sp/><sp/><sp/><sp/><sp/><sp/><sp/>set_jogador_atual<sp/>(e,<sp/>2);<sp/></highlight><highlight class="comment">//<sp/>#3</highlight><highlight class="normal"></highlight></codeline>
<codeline lineno="23"><highlight class="normal"><sp/><sp/><sp/><sp/>}<sp/></highlight><highlight class="keywordflow">else</highlight><highlight class="normal"><sp/>{</highlight></codeline>
<codeline lineno="24"><highlight class="normal"><sp/><sp/><sp/><sp/><sp/><sp/><sp/><sp/>set_jogadas_coordenada<sp/>(e,<sp/>get_num_jogadas(e),<sp/>2,<sp/>c);<sp/></highlight><highlight class="comment">//<sp/>#1</highlight><highlight class="normal"></highlight></codeline>
<codeline lineno="25"><highlight class="normal"><sp/><sp/><sp/><sp/><sp/><sp/><sp/><sp/>set_ultima_jogada<sp/>(e,<sp/>c);<sp/></highlight><highlight class="comment">//<sp/>#2</highlight><highlight class="normal"></highlight></codeline>
<codeline lineno="26"><highlight class="normal"><sp/><sp/><sp/><sp/><sp/><sp/><sp/><sp/>set_jogador_atual<sp/>(e,<sp/>1);<sp/></highlight><highlight class="comment">//<sp/>#3</highlight><highlight class="normal"></highlight></codeline>
<codeline lineno="27"><highlight class="normal"><sp/><sp/><sp/><sp/><sp/><sp/><sp/><sp/>set_num_jogadas<sp/>(e,<sp/>get_num_jogadas(e)<sp/>+<sp/>1);</highlight></codeline>
<codeline lineno="28"><highlight class="normal"><sp/><sp/><sp/><sp/>}</highlight></codeline>
<codeline lineno="29"><highlight class="normal"><sp/><sp/><sp/><sp/></highlight><highlight class="keywordflow">return</highlight><highlight class="normal"><sp/>1;</highlight></codeline>
<codeline lineno="30"><highlight class="normal">}</highlight></codeline>
<codeline lineno="31"><highlight class="normal"></highlight></codeline>
<codeline lineno="32"><highlight class="normal"></highlight><highlight class="keywordtype">int</highlight><highlight class="normal"><sp/>Vencedor<sp/>(<ref refid="structESTADO" kindref="compound">ESTADO</ref><sp/>*e)<sp/>{</highlight></codeline>
<codeline lineno="33"><highlight class="normal"><sp/><sp/><sp/><sp/></highlight><highlight class="comment">//<sp/>Casos<sp/>em<sp/>que<sp/>o<sp/>jogo<sp/>se<sp/>dá<sp/>como<sp/>terminado</highlight><highlight class="normal"></highlight></codeline>
<codeline lineno="34"><highlight class="normal"><sp/><sp/><sp/><sp/><ref refid="structCOORDENADA" kindref="compound">COORDENADA</ref><sp/>a1<sp/>=<sp/>{0,<sp/>0};</highlight></codeline>
<codeline lineno="35"><highlight class="normal"><sp/><sp/><sp/><sp/><ref refid="structCOORDENADA" kindref="compound">COORDENADA</ref><sp/>h8<sp/>=<sp/>{7,<sp/>7};</highlight></codeline>
<codeline lineno="36"><highlight class="normal"><sp/><sp/><sp/><sp/><ref refid="structCOORDENADA" kindref="compound">COORDENADA</ref><sp/>c<sp/>=<sp/>get_ultima_jogada(e);</highlight></codeline>
<codeline lineno="37"><highlight class="normal"><sp/><sp/><sp/><sp/></highlight><highlight class="comment">//<sp/>A<sp/>casa<sp/>&apos;a1&apos;<sp/>é<sp/>alcançada</highlight><highlight class="normal"></highlight></codeline>
<codeline lineno="38"><highlight class="normal"><sp/><sp/><sp/><sp/></highlight><highlight class="keywordflow">if</highlight><highlight class="normal"><sp/>(coordenadaIgual<sp/>(a1,<sp/>c))<sp/></highlight><highlight class="keywordflow">return</highlight><highlight class="normal"><sp/>1;</highlight></codeline>
<codeline lineno="39"><highlight class="normal"><sp/><sp/><sp/><sp/></highlight><highlight class="comment">//<sp/>A<sp/>casa<sp/>&apos;h8&apos;<sp/>é<sp/>alcançada</highlight><highlight class="normal"></highlight></codeline>
<codeline lineno="40"><highlight class="normal"><sp/><sp/><sp/><sp/></highlight><highlight class="keywordflow">else</highlight><highlight class="normal"><sp/></highlight><highlight class="keywordflow">if</highlight><highlight class="normal"><sp/>(coordenadaIgual<sp/>(h8,<sp/>c))<sp/></highlight><highlight class="keywordflow">return</highlight><highlight class="normal"><sp/>2;</highlight></codeline>
<codeline lineno="41"><highlight class="normal"><sp/><sp/><sp/><sp/></highlight><highlight class="comment">//<sp/>Não<sp/>há<sp/>jogadas<sp/>possíveis</highlight><highlight class="normal"></highlight></codeline>
<codeline lineno="42"><highlight class="normal"><sp/><sp/><sp/><sp/></highlight><highlight class="keywordflow">else</highlight><highlight class="normal"><sp/></highlight><highlight class="keywordflow">if</highlight><highlight class="normal"><sp/>(!<sp/>JogadasPossiveis<sp/>(e))<sp/></highlight><highlight class="keywordflow">return</highlight><highlight class="normal"><sp/>(3<sp/>-<sp/>get_jogador_atual<sp/>(e));</highlight></codeline>
<codeline lineno="43"><highlight class="normal"><sp/><sp/><sp/><sp/></highlight><highlight class="keywordflow">return</highlight><highlight class="normal"><sp/>0;<sp/></highlight><highlight class="comment">//<sp/>Não<sp/>há<sp/>vencedor</highlight><highlight class="normal"></highlight></codeline>
<codeline lineno="44"><highlight class="normal">}</highlight></codeline>
<codeline lineno="45"><highlight class="normal"></highlight></codeline>
<codeline lineno="46"><highlight class="normal"></highlight><highlight class="keywordtype">int</highlight><highlight class="normal"><sp/>casaVazia(<ref refid="structESTADO" kindref="compound">ESTADO</ref><sp/>*e,<sp/><ref refid="structCOORDENADA" kindref="compound">COORDENADA</ref><sp/>*c)<sp/>{</highlight></codeline>
<codeline lineno="47"><highlight class="normal"><sp/><sp/><sp/><sp/></highlight><highlight class="comment">//<sp/>Primeiro<sp/>ve<sp/>se<sp/>a<sp/>casa<sp/>de<sp/>destino<sp/>está<sp/>vazia</highlight><highlight class="normal"></highlight></codeline>
<codeline lineno="48"><highlight class="normal"><sp/><sp/><sp/><sp/></highlight><highlight class="comment">//<sp/>1<sp/>para<sp/>vazia;<sp/>0<sp/>n<sp/>vazia<sp/><sp/><sp/><sp/></highlight><highlight class="normal"></highlight></codeline>
<codeline lineno="49"><highlight class="normal"><sp/><sp/><sp/><sp/>CASA<sp/>casa<sp/>=<sp/>get_casa<sp/>(e,<sp/>*c);</highlight></codeline>
<codeline lineno="50"><highlight class="normal"><sp/><sp/><sp/><sp/></highlight><highlight class="keywordflow">if</highlight><highlight class="normal"><sp/>(casa<sp/>!=<sp/>PRETA<sp/>&amp;&amp;<sp/>casa<sp/>!=<sp/>BRANCA)<sp/></highlight><highlight class="keywordflow">return</highlight><highlight class="normal"><sp/>TRUE;</highlight></codeline>
<codeline lineno="51"><highlight class="normal"><sp/><sp/><sp/><sp/></highlight><highlight class="keywordflow">else</highlight><highlight class="normal"><sp/></highlight><highlight class="keywordflow">return</highlight><highlight class="normal"><sp/>FALSE;</highlight></codeline>
<codeline lineno="52"><highlight class="normal">}</highlight></codeline>
<codeline lineno="53"><highlight class="normal"></highlight></codeline>
<codeline lineno="54"><highlight class="normal"></highlight><highlight class="keywordtype">int</highlight><highlight class="normal"><sp/>jogadaValida(<ref refid="structESTADO" kindref="compound">ESTADO</ref><sp/>*e,<sp/><ref refid="structCOORDENADA" kindref="compound">COORDENADA</ref><sp/>*c)<sp/>{</highlight></codeline>
<codeline lineno="55"><highlight class="normal"><sp/><sp/><sp/><sp/></highlight><highlight class="comment">//<sp/>Primeiro<sp/>ve<sp/>se<sp/>a<sp/>jogada<sp/>é<sp/>valida</highlight><highlight class="normal"></highlight></codeline>
<codeline lineno="56"><highlight class="normal"><sp/><sp/><sp/><sp/></highlight><highlight class="comment">//<sp/>Depois<sp/>modifica<sp/>o<sp/>estado<sp/>se<sp/>for<sp/>válida</highlight><highlight class="normal"></highlight></codeline>
<codeline lineno="57"><highlight class="normal"><sp/><sp/><sp/><sp/></highlight><highlight class="keywordtype">int</highlight><highlight class="normal"><sp/>colA,<sp/>linA,<sp/>colB,<sp/>linB;</highlight></codeline>
<codeline lineno="58"><highlight class="normal"><sp/><sp/><sp/><sp/>linA<sp/>=<sp/>(e<sp/>-&gt;<sp/>ultima_jogada).linha;<sp/></highlight></codeline>
<codeline lineno="59"><highlight class="normal"><sp/><sp/><sp/><sp/>colA<sp/>=<sp/>(e<sp/>-&gt;<sp/>ultima_jogada).coluna;<sp/></highlight></codeline>
<codeline lineno="60"><highlight class="normal"><sp/><sp/><sp/><sp/>linB<sp/>=<sp/>c<sp/>-&gt;<sp/>linha;<sp/></highlight></codeline>
<codeline lineno="61"><highlight class="normal"><sp/><sp/><sp/><sp/>colB<sp/>=<sp/>c<sp/>-&gt;<sp/>coluna;<sp/></highlight></codeline>
<codeline lineno="62"><highlight class="normal"><sp/><sp/><sp/><sp/></highlight><highlight class="keywordflow">if</highlight><highlight class="normal"></highlight></codeline>
<codeline lineno="63"><highlight class="normal"><sp/><sp/><sp/><sp/>((<sp/>((colA<sp/>==<sp/>colB)<sp/>&amp;&amp;<sp/>((linA<sp/>==<sp/>linB-1)<sp/>||<sp/>(linA<sp/>==<sp/>linB+1)))</highlight></codeline>
<codeline lineno="64"><highlight class="normal"><sp/><sp/><sp/><sp/>||<sp/>((colA<sp/>==<sp/>colB<sp/>+1)<sp/>&amp;&amp;<sp/>((linA<sp/>==<sp/>linB-1)<sp/>||<sp/>(linA<sp/>==<sp/>linB)||<sp/>(linA<sp/>==<sp/>linB+1)))<sp/></highlight></codeline>
<codeline lineno="65"><highlight class="normal"><sp/><sp/><sp/><sp/>||<sp/>((colA<sp/>==<sp/>colB<sp/>-1)<sp/>&amp;&amp;<sp/>((linA<sp/>==<sp/>linB-1)<sp/>||<sp/>(linA<sp/>==<sp/>linB)||<sp/>(linA<sp/>==<sp/>linB+1))))</highlight></codeline>
<codeline lineno="66"><highlight class="normal"><sp/><sp/><sp/><sp/>&amp;&amp;<sp/>casaVazia(e,<sp/>c))<sp/></highlight><highlight class="keywordflow">return</highlight><highlight class="normal"><sp/>TRUE;</highlight></codeline>
<codeline lineno="67"><highlight class="normal"><sp/><sp/><sp/><sp/></highlight><highlight class="keywordflow">else</highlight><highlight class="normal"><sp/></highlight><highlight class="keywordflow">return</highlight><highlight class="normal"><sp/>FALSE;</highlight></codeline>
<codeline lineno="68"><highlight class="normal">}</highlight></codeline>
<codeline lineno="69"><highlight class="normal"></highlight></codeline>
<codeline lineno="70"><highlight class="normal"></highlight></codeline>
<codeline lineno="71"><highlight class="normal"></highlight><highlight class="comment">//Something<sp/>is<sp/>wrong<sp/>in<sp/>Jogadas_Possiveis</highlight><highlight class="normal"></highlight></codeline>
<codeline lineno="72"><highlight class="normal"></highlight></codeline>
<codeline lineno="73"><highlight class="normal"></highlight><highlight class="keywordtype">int</highlight><highlight class="normal"><sp/>JogadasPossiveis<sp/>(<ref refid="structESTADO" kindref="compound">ESTADO</ref><sp/>*e)<sp/>{</highlight></codeline>
<codeline lineno="74"><highlight class="normal"><sp/><sp/><sp/><sp/><ref refid="structCOORDENADA" kindref="compound">COORDENADA</ref><sp/>c<sp/>=<sp/>e<sp/>-&gt;<sp/>ultima_jogada;</highlight></codeline>
<codeline lineno="75"><highlight class="normal"><sp/><sp/><sp/><sp/></highlight><highlight class="keywordflow">if</highlight><highlight class="normal"><sp/>(anyVazio<sp/>(e,<sp/>&amp;c))<sp/></highlight><highlight class="keywordflow">return</highlight><highlight class="normal"><sp/>TRUE;</highlight></codeline>
<codeline lineno="76"><highlight class="normal"><sp/><sp/><sp/><sp/></highlight><highlight class="keywordflow">return</highlight><highlight class="normal"><sp/>FALSE;</highlight></codeline>
<codeline lineno="77"><highlight class="normal">}</highlight></codeline>
<codeline lineno="78"><highlight class="normal"></highlight></codeline>
<codeline lineno="79"><highlight class="normal"></highlight><highlight class="keywordtype">int</highlight><highlight class="normal"><sp/>anyVazio<sp/>(<ref refid="structESTADO" kindref="compound">ESTADO</ref><sp/>*e,<sp/><ref refid="structCOORDENADA" kindref="compound">COORDENADA</ref><sp/>*c)<sp/>{</highlight></codeline>
<codeline lineno="80"><highlight class="normal"><sp/><sp/><sp/><sp/></highlight><highlight class="keywordtype">int</highlight><highlight class="normal"><sp/>ilinha<sp/>=<sp/>1;</highlight></codeline>
<codeline lineno="81"><highlight class="normal"><sp/><sp/><sp/><sp/></highlight><highlight class="keywordflow">while</highlight><highlight class="normal"><sp/>(ilinha<sp/>&gt;=<sp/>-1)<sp/>{</highlight></codeline>
<codeline lineno="82"><highlight class="normal"><sp/><sp/><sp/><sp/><sp/><sp/><sp/><sp/></highlight><highlight class="keywordtype">int</highlight><highlight class="normal"><sp/>icoluna<sp/>=<sp/>1;</highlight></codeline>
<codeline lineno="83"><highlight class="normal"><sp/><sp/><sp/><sp/><sp/><sp/><sp/><sp/></highlight><highlight class="keywordflow">while</highlight><highlight class="normal"><sp/>(icoluna<sp/>&gt;=<sp/>-1)<sp/>{</highlight></codeline>
<codeline lineno="84"><highlight class="normal"><sp/><sp/><sp/><sp/><sp/><sp/><sp/><sp/><sp/><sp/><sp/><sp/></highlight><highlight class="keywordflow">if</highlight><highlight class="normal"><sp/>(icoluna<sp/>==<sp/>0<sp/>&amp;&amp;<sp/>ilinha<sp/>==<sp/>0)<sp/>icoluna<sp/>=<sp/>-1;</highlight></codeline>
<codeline lineno="85"><highlight class="normal"><sp/><sp/><sp/><sp/><sp/><sp/><sp/><sp/><sp/><sp/><sp/><sp/><ref refid="structCOORDENADA" kindref="compound">COORDENADA</ref><sp/>a<sp/>=<sp/>{c<sp/>-&gt;<sp/>coluna<sp/>+<sp/>icoluna,<sp/>c<sp/>-&gt;<sp/>linha<sp/>+<sp/>ilinha};</highlight></codeline>
<codeline lineno="86"><highlight class="normal"><sp/><sp/><sp/><sp/><sp/><sp/><sp/><sp/><sp/><sp/><sp/><sp/>CASA<sp/>casa<sp/>=<sp/>get_casa<sp/>(e,<sp/>a);</highlight></codeline>
<codeline lineno="87"><highlight class="normal"><sp/><sp/><sp/><sp/><sp/><sp/><sp/><sp/><sp/><sp/><sp/><sp/></highlight><highlight class="keywordflow">if</highlight><highlight class="normal"><sp/>(CoordenadaValida<sp/>(&amp;a)<sp/>&amp;&amp;<sp/>(casa<sp/>==<sp/>VAZIO<sp/>||<sp/>casa<sp/>==<sp/>UM<sp/>||<sp/>casa<sp/>==<sp/>DOIS))<sp/></highlight><highlight class="keywordflow">return</highlight><highlight class="normal"><sp/>TRUE;</highlight></codeline>
<codeline lineno="88"><highlight class="normal"><sp/><sp/><sp/><sp/><sp/><sp/><sp/><sp/><sp/><sp/><sp/><sp/>icoluna<sp/>--;</highlight></codeline>
<codeline lineno="89"><highlight class="normal"><sp/><sp/><sp/><sp/><sp/><sp/><sp/><sp/>}</highlight></codeline>
<codeline lineno="90"><highlight class="normal"><sp/><sp/><sp/><sp/><sp/><sp/><sp/><sp/>ilinha<sp/>--;</highlight></codeline>
<codeline lineno="91"><highlight class="normal"><sp/><sp/><sp/><sp/>}</highlight></codeline>
<codeline lineno="92"><highlight class="normal"><sp/><sp/><sp/><sp/></highlight><highlight class="keywordflow">return</highlight><highlight class="normal"><sp/>FALSE;</highlight></codeline>
<codeline lineno="93"><highlight class="normal">}</highlight></codeline>
<codeline lineno="94"><highlight class="normal"></highlight></codeline>
<codeline lineno="95"><highlight class="normal"></highlight></codeline>
<codeline lineno="96"><highlight class="normal"></highlight><highlight class="keywordtype">int</highlight><highlight class="normal"><sp/>CoordenadaValida<sp/>(<ref refid="structCOORDENADA" kindref="compound">COORDENADA</ref><sp/>*c)<sp/>{<sp/><sp/></highlight></codeline>
<codeline lineno="97"><highlight class="normal"><sp/><sp/><sp/><sp/></highlight><highlight class="keywordflow">if</highlight><highlight class="normal"><sp/>(c<sp/>-&gt;<sp/>linha<sp/>&lt;=<sp/>7<sp/>&amp;&amp;<sp/>c<sp/>-&gt;<sp/>linha<sp/>&gt;=<sp/>0<sp/>&amp;&amp;<sp/>c<sp/>-&gt;<sp/>coluna<sp/>&gt;=<sp/>0<sp/>&amp;&amp;<sp/>c<sp/>-&gt;<sp/>coluna<sp/>&lt;=<sp/>7)<sp/></highlight><highlight class="keywordflow">return</highlight><highlight class="normal"><sp/>TRUE;<sp/><sp/><sp/><sp/></highlight></codeline>
<codeline lineno="98"><highlight class="normal"><sp/><sp/><sp/><sp/></highlight><highlight class="keywordflow">return</highlight><highlight class="normal"><sp/>FALSE;<sp/><sp/><sp/></highlight></codeline>
<codeline lineno="99"><highlight class="normal">}</highlight></codeline>
<codeline lineno="100"><highlight class="normal"></highlight></codeline>
<codeline lineno="101"><highlight class="normal"></highlight></codeline>
<codeline lineno="102"><highlight class="normal"></highlight><highlight class="keywordtype">void</highlight><highlight class="normal"><sp/>le_ficheiro<sp/>(<ref refid="structESTADO" kindref="compound">ESTADO</ref><sp/>*e,<sp/>FILE<sp/>*fp)<sp/>{</highlight></codeline>
<codeline lineno="103"><highlight class="normal"><sp/><sp/><sp/><sp/></highlight><highlight class="keywordtype">char</highlight><highlight class="normal"><sp/>linha[100];</highlight></codeline>
<codeline lineno="104"><highlight class="normal"><sp/><sp/><sp/><sp/></highlight><highlight class="keywordtype">int</highlight><highlight class="normal"><sp/>nlinha<sp/>=<sp/>7;</highlight></codeline>
<codeline lineno="105"><highlight class="normal"><sp/><sp/><sp/><sp/></highlight><highlight class="keywordtype">int</highlight><highlight class="normal"><sp/>num_jogadas<sp/>=<sp/>0;</highlight></codeline>
<codeline lineno="106"><highlight class="normal"><sp/><sp/><sp/><sp/></highlight><highlight class="keywordtype">int</highlight><highlight class="normal"><sp/>contador<sp/>=<sp/>0;</highlight></codeline>
<codeline lineno="107"><highlight class="normal"><sp/><sp/><sp/><sp/></highlight><highlight class="comment">//<sp/>Ler<sp/>tabuleiro</highlight><highlight class="normal"></highlight></codeline>
<codeline lineno="108"><highlight class="normal"><sp/><sp/><sp/><sp/></highlight><highlight class="keywordflow">while</highlight><highlight class="normal"><sp/>(nlinha<sp/>&gt;=<sp/>0<sp/>&amp;&amp;<sp/>fscanf<sp/>(fp,<sp/></highlight><highlight class="stringliteral">&quot;%s&quot;</highlight><highlight class="normal">,<sp/>linha)<sp/>==<sp/>1)<sp/>guardaLinha<sp/>(e,<sp/>linha,<sp/>nlinha<sp/>--,<sp/>&amp;contador);</highlight></codeline>
<codeline lineno="109"><highlight class="normal"><sp/><sp/><sp/><sp/>set_num_jogadas<sp/>(e,<sp/>contador<sp/>/<sp/>2);</highlight></codeline>
<codeline lineno="110"><highlight class="normal"><sp/><sp/><sp/><sp/></highlight><highlight class="comment">//<sp/>Ler<sp/>jogadas</highlight><highlight class="normal"></highlight></codeline>
<codeline lineno="111"><highlight class="normal"><sp/><sp/><sp/><sp/><ref refid="structCOORDENADA" kindref="compound">COORDENADA</ref><sp/>c<sp/>=<sp/>{4,<sp/>4};</highlight></codeline>
<codeline lineno="112"><highlight class="normal"><sp/><sp/><sp/><sp/>set_ultima_jogada<sp/>(e,<sp/>c);</highlight></codeline>
<codeline lineno="113"><highlight class="normal"><sp/><sp/><sp/><sp/></highlight><highlight class="keywordflow">while</highlight><highlight class="normal"><sp/>(num_jogadas<sp/>!=<sp/>get_num_jogadas(e)<sp/>&amp;&amp;<sp/>fscanf<sp/>(fp,<sp/></highlight><highlight class="stringliteral">&quot;%*s<sp/>%s<sp/>%s&quot;</highlight><highlight class="normal">,<sp/>linha,<sp/>&amp;linha[2])<sp/>==<sp/>2)<sp/>guardaJogadas<sp/>(e,<sp/>linha,<sp/>num_jogadas<sp/>++,<sp/>2);</highlight></codeline>
<codeline lineno="114"><highlight class="normal"><sp/><sp/><sp/><sp/></highlight><highlight class="keywordflow">if</highlight><highlight class="normal"><sp/>(fscanf<sp/>(fp,<sp/></highlight><highlight class="stringliteral">&quot;%*s<sp/>%s&quot;</highlight><highlight class="normal">,<sp/>linha)<sp/>==<sp/>1)<sp/>guardaJogadas<sp/>(e,<sp/>linha,<sp/>num_jogadas,<sp/>1);</highlight></codeline>
<codeline lineno="115"><highlight class="normal">}</highlight></codeline>
<codeline lineno="116"><highlight class="normal"></highlight></codeline>
<codeline lineno="117"><highlight class="normal"></highlight><highlight class="keywordtype">void</highlight><highlight class="normal"><sp/>guardaLinha<sp/>(<ref refid="structESTADO" kindref="compound">ESTADO</ref><sp/>*e,<sp/></highlight><highlight class="keywordtype">char</highlight><highlight class="normal"><sp/>linha[],<sp/></highlight><highlight class="keywordtype">int</highlight><highlight class="normal"><sp/>nlinha,<sp/></highlight><highlight class="keywordtype">int</highlight><highlight class="normal"><sp/>*contador)<sp/>{<sp/></highlight><highlight class="comment">//<sp/>Guarda<sp/>as<sp/>linhas<sp/>do<sp/>tabuleiro<sp/>do<sp/>ficheiro<sp/>no<sp/>estado.</highlight><highlight class="normal"></highlight></codeline>
<codeline lineno="118"><highlight class="normal"><sp/><sp/><sp/><sp/></highlight><highlight class="keywordtype">int</highlight><highlight class="normal"><sp/>i<sp/>=<sp/>0;</highlight></codeline>
<codeline lineno="119"><highlight class="normal"><sp/><sp/><sp/><sp/></highlight><highlight class="keywordflow">while</highlight><highlight class="normal"><sp/>(i<sp/>!=<sp/>8)<sp/>{</highlight></codeline>
<codeline lineno="120"><highlight class="normal"><sp/><sp/><sp/><sp/><sp/><sp/><sp/><sp/><ref refid="structCOORDENADA" kindref="compound">COORDENADA</ref><sp/>c<sp/>=<sp/>{i,<sp/>nlinha};</highlight></codeline>
<codeline lineno="121"><highlight class="normal"><sp/><sp/><sp/><sp/><sp/><sp/><sp/><sp/></highlight><highlight class="keywordflow">switch</highlight><highlight class="normal"><sp/>(linha<sp/>[i])<sp/>{</highlight></codeline>
<codeline lineno="122"><highlight class="normal"><sp/><sp/><sp/><sp/><sp/><sp/><sp/><sp/></highlight><highlight class="keywordflow">case</highlight><highlight class="normal"><sp/></highlight><highlight class="charliteral">&apos;#&apos;</highlight><highlight class="normal">:</highlight></codeline>
<codeline lineno="123"><highlight class="normal"><sp/><sp/><sp/><sp/><sp/><sp/><sp/><sp/><sp/><sp/><sp/><sp/>set_casa<sp/>(e,<sp/>c,<sp/>PRETA);</highlight></codeline>
<codeline lineno="124"><highlight class="normal"><sp/><sp/><sp/><sp/><sp/><sp/><sp/><sp/><sp/><sp/><sp/><sp/>(*contador)<sp/>++;</highlight></codeline>
<codeline lineno="125"><highlight class="normal"><sp/><sp/><sp/><sp/><sp/><sp/><sp/><sp/><sp/><sp/><sp/><sp/></highlight><highlight class="keywordflow">break</highlight><highlight class="normal">;</highlight></codeline>
<codeline lineno="126"><highlight class="normal"><sp/><sp/><sp/><sp/><sp/><sp/><sp/><sp/></highlight><highlight class="keywordflow">case</highlight><highlight class="normal"><sp/></highlight><highlight class="charliteral">&apos;*&apos;</highlight><highlight class="normal">:</highlight></codeline>
<codeline lineno="127"><highlight class="normal"><sp/><sp/><sp/><sp/><sp/><sp/><sp/><sp/><sp/><sp/><sp/><sp/>set_casa<sp/>(e,<sp/>c,<sp/>BRANCA);</highlight></codeline>
<codeline lineno="128"><highlight class="normal"><sp/><sp/><sp/><sp/><sp/><sp/><sp/><sp/><sp/><sp/><sp/><sp/></highlight><highlight class="keywordflow">break</highlight><highlight class="normal">;</highlight></codeline>
<codeline lineno="129"><highlight class="normal"><sp/><sp/><sp/><sp/><sp/><sp/><sp/><sp/></highlight><highlight class="keywordflow">case</highlight><highlight class="normal"><sp/></highlight><highlight class="charliteral">&apos;.&apos;</highlight><highlight class="normal">:</highlight></codeline>
<codeline lineno="130"><highlight class="normal"><sp/><sp/><sp/><sp/><sp/><sp/><sp/><sp/><sp/><sp/><sp/><sp/>set_casa<sp/>(e,<sp/>c,<sp/>VAZIO);</highlight></codeline>
<codeline lineno="131"><highlight class="normal"><sp/><sp/><sp/><sp/><sp/><sp/><sp/><sp/><sp/><sp/><sp/><sp/></highlight><highlight class="keywordflow">break</highlight><highlight class="normal">;</highlight></codeline>
<codeline lineno="132"><highlight class="normal"><sp/><sp/><sp/><sp/><sp/><sp/><sp/><sp/></highlight><highlight class="keywordflow">case</highlight><highlight class="normal"><sp/></highlight><highlight class="charliteral">&apos;1&apos;</highlight><highlight class="normal">:</highlight></codeline>
<codeline lineno="133"><highlight class="normal"><sp/><sp/><sp/><sp/><sp/><sp/><sp/><sp/><sp/><sp/><sp/><sp/>set_casa<sp/>(e,<sp/>c,<sp/>UM);</highlight></codeline>
<codeline lineno="134"><highlight class="normal"><sp/><sp/><sp/><sp/><sp/><sp/><sp/><sp/><sp/><sp/><sp/><sp/></highlight><highlight class="keywordflow">break</highlight><highlight class="normal">;</highlight></codeline>
<codeline lineno="135"><highlight class="normal"><sp/><sp/><sp/><sp/><sp/><sp/><sp/><sp/></highlight><highlight class="keywordflow">case</highlight><highlight class="normal"><sp/></highlight><highlight class="charliteral">&apos;2&apos;</highlight><highlight class="normal">:</highlight></codeline>
<codeline lineno="136"><highlight class="normal"><sp/><sp/><sp/><sp/><sp/><sp/><sp/><sp/><sp/><sp/><sp/><sp/>set_casa<sp/>(e,<sp/>c,<sp/>DOIS);</highlight></codeline>
<codeline lineno="137"><highlight class="normal"><sp/><sp/><sp/><sp/><sp/><sp/><sp/><sp/><sp/><sp/><sp/><sp/></highlight><highlight class="keywordflow">break</highlight><highlight class="normal">;</highlight></codeline>
<codeline lineno="138"><highlight class="normal"><sp/><sp/><sp/><sp/><sp/><sp/><sp/><sp/>}<sp/><sp/></highlight></codeline>
<codeline lineno="139"><highlight class="normal"><sp/><sp/><sp/><sp/><sp/><sp/><sp/><sp/>i<sp/>++;</highlight></codeline>
<codeline lineno="140"><highlight class="normal"><sp/><sp/><sp/><sp/>}</highlight></codeline>
<codeline lineno="141"><highlight class="normal">}</highlight></codeline>
<codeline lineno="142"><highlight class="normal"></highlight></codeline>
<codeline lineno="143"><highlight class="normal"></highlight></codeline>
<codeline lineno="144"><highlight class="normal"></highlight><highlight class="keywordtype">void</highlight><highlight class="normal"><sp/>guardaJogadas<sp/>(<ref refid="structESTADO" kindref="compound">ESTADO</ref><sp/>*e,<sp/></highlight><highlight class="keywordtype">char</highlight><highlight class="normal"><sp/>linha[],</highlight><highlight class="keywordtype">int</highlight><highlight class="normal"><sp/>num_jogada<sp/>,</highlight><highlight class="keywordtype">int</highlight><highlight class="normal"><sp/>n)<sp/>{</highlight></codeline>
<codeline lineno="145"><highlight class="normal"><sp/><sp/><sp/><sp/><ref refid="structCOORDENADA" kindref="compound">COORDENADA</ref><sp/>jogada1<sp/>=<sp/>{linha[0]<sp/>-<sp/></highlight><highlight class="charliteral">&apos;a&apos;</highlight><highlight class="normal">,<sp/>atoi<sp/>(&amp;linha[1])<sp/>-<sp/>1};</highlight></codeline>
<codeline lineno="146"><highlight class="normal"><sp/><sp/><sp/><sp/>set_jogadas_coordenada<sp/>(e,<sp/>num_jogada,<sp/>1,<sp/>jogada1);</highlight></codeline>
<codeline lineno="147"><highlight class="normal"><sp/><sp/><sp/><sp/>set_ultima_jogada<sp/>(e,<sp/>jogada1);</highlight></codeline>
<codeline lineno="148"><highlight class="normal"><sp/><sp/><sp/><sp/>set_jogador_atual<sp/>(e,<sp/>2);</highlight></codeline>
<codeline lineno="149"><highlight class="normal"><sp/><sp/><sp/><sp/></highlight><highlight class="keywordflow">if</highlight><highlight class="normal"><sp/>(n<sp/>==<sp/>2)<sp/>{<sp/></highlight><highlight class="comment">//<sp/>Caso<sp/>sejam<sp/>dois<sp/>jogadores.</highlight><highlight class="normal"></highlight></codeline>
<codeline lineno="150"><highlight class="normal"><sp/><sp/><sp/><sp/><sp/><sp/><sp/><sp/><ref refid="structCOORDENADA" kindref="compound">COORDENADA</ref><sp/>jogada2<sp/>=<sp/>{linha[2]<sp/>-<sp/></highlight><highlight class="charliteral">&apos;a&apos;</highlight><highlight class="normal">,<sp/>atoi<sp/>(&amp;linha[3])<sp/>-<sp/>1};</highlight></codeline>
<codeline lineno="151"><highlight class="normal"><sp/><sp/><sp/><sp/><sp/><sp/><sp/><sp/>set_jogadas_coordenada<sp/>(e,<sp/>num_jogada,<sp/>2,<sp/>jogada2);</highlight></codeline>
<codeline lineno="152"><highlight class="normal"><sp/><sp/><sp/><sp/><sp/><sp/><sp/><sp/>set_ultima_jogada<sp/>(e,<sp/>jogada2);</highlight></codeline>
<codeline lineno="153"><highlight class="normal"><sp/><sp/><sp/><sp/><sp/><sp/><sp/><sp/>set_jogador_atual<sp/>(e,<sp/>1);</highlight></codeline>
<codeline lineno="154"><highlight class="normal"><sp/><sp/><sp/><sp/>}</highlight></codeline>
<codeline lineno="155"><highlight class="normal">}</highlight></codeline>
<codeline lineno="156"><highlight class="normal"></highlight></codeline>
<codeline lineno="157"><highlight class="normal"></highlight></codeline>
<codeline lineno="158"><highlight class="normal"></highlight></codeline>
<codeline lineno="159"><highlight class="normal"></highlight></codeline>
<codeline lineno="160"><highlight class="normal"></highlight></codeline>
<codeline lineno="161"><highlight class="normal"></highlight></codeline>
<codeline lineno="162"><highlight class="normal"></highlight></codeline>
<codeline lineno="163"><highlight class="normal"></highlight></codeline>
<codeline lineno="164"><highlight class="normal"></highlight></codeline>
    </programlisting>
    <location file="projeto/bot/logica.c"/>
  </compounddef>
</doxygen>
