<?xml version='1.0' encoding='UTF-8' standalone='no'?>
<doxygen xmlns:xsi="http://www.w3.org/2001/XMLSchema-instance" xsi:noNamespaceSchemaLocation="compound.xsd" version="1.8.13">
  <compounddef id="projeto_2bot_2dados_8c" kind="file" language="C++">
    <compoundname>dados.c</compoundname>
    <includes local="no">stdio.h</includes>
    <includes local="no">stdlib.h</includes>
    <includes refid="projeto_2bot_2dados_8h" local="yes">dados.h</includes>
    <incdepgraph>
      <node id="29">
        <label>stdlib.h</label>
      </node>
      <node id="27">
        <label>projeto/bot/dados.c</label>
        <link refid="projeto_2bot_2dados_8c"/>
        <childnode refid="28" relation="include">
        </childnode>
        <childnode refid="29" relation="include">
        </childnode>
        <childnode refid="30" relation="include">
        </childnode>
      </node>
      <node id="30">
        <label>dados.h</label>
        <link refid="projeto_2bot_2dados_8h_source"/>
      </node>
      <node id="28">
        <label>stdio.h</label>
      </node>
    </incdepgraph>
      <sectiondef kind="func">
      <memberdef kind="function" id="projeto_2bot_2dados_8c_1a7e0c7e26fb685d9ab501e19b05e6954f" prot="public" static="no" const="no" explicit="no" inline="no" virt="non-virtual">
        <type><ref refid="structESTADO" kindref="compound">ESTADO</ref> *</type>
        <definition>ESTADO* inicializar_estado</definition>
        <argsstring>()</argsstring>
        <name>inicializar_estado</name>
        <briefdescription>
<para>Inicializa o valor do estado Esta função inicializa o valor do estado. Isso implica o tabuleiro ser colocado na posição inicial e todos os campos do estado estarem com o valor por omissão. </para>        </briefdescription>
        <detaileddescription>
<para><simplesect kind="return"><para>O novo estado </para></simplesect>
</para>        </detaileddescription>
        <inbodydescription>
        </inbodydescription>
        <location file="projeto/bot/dados.c" line="5" column="1" bodyfile="projeto/bot/dados.c" bodystart="5" bodyend="22"/>
      </memberdef>
      <memberdef kind="function" id="projeto_2bot_2dados_8c_1a4ff507f9c0fe1035cf233f4964b1a302" prot="public" static="no" const="no" explicit="no" inline="no" virt="non-virtual">
        <type>void</type>
        <definition>void set_casa</definition>
        <argsstring>(ESTADO *e, COORDENADA c, CASA V)</argsstring>
        <name>set_casa</name>
        <param>
          <type><ref refid="structESTADO" kindref="compound">ESTADO</ref> *</type>
          <declname>e</declname>
        </param>
        <param>
          <type><ref refid="structCOORDENADA" kindref="compound">COORDENADA</ref></type>
          <declname>c</declname>
        </param>
        <param>
          <type>CASA</type>
          <declname>V</declname>
        </param>
        <briefdescription>
<para>Altera a CASA numa dada coordenada. </para>        </briefdescription>
        <detaileddescription>
<para><parameterlist kind="param"><parameteritem>
<parameternamelist>
<parametername>e</parametername>
</parameternamelist>
<parameterdescription>
<para>Apontador para o Estado </para></parameterdescription>
</parameteritem>
<parameteritem>
<parameternamelist>
<parametername>s</parametername>
</parameternamelist>
<parameterdescription>
<para>Apontador para o Coordenada </para></parameterdescription>
</parameteritem>
<parameteritem>
<parameternamelist>
<parametername>V</parametername>
</parameternamelist>
<parameterdescription>
<para>Apontador para o tipo de CASA Novo </para></parameterdescription>
</parameteritem>
</parameterlist>
</para>        </detaileddescription>
        <inbodydescription>
        </inbodydescription>
        <location file="projeto/bot/dados.c" line="24" column="1" bodyfile="projeto/bot/dados.c" bodystart="24" bodyend="26"/>
      </memberdef>
      <memberdef kind="function" id="projeto_2bot_2dados_8c_1a20acddc30eae79368814d559cce579a9" prot="public" static="no" const="no" explicit="no" inline="no" virt="non-virtual">
        <type>CASA</type>
        <definition>CASA get_casa</definition>
        <argsstring>(ESTADO *e, COORDENADA c)</argsstring>
        <name>get_casa</name>
        <param>
          <type><ref refid="structESTADO" kindref="compound">ESTADO</ref> *</type>
          <declname>e</declname>
        </param>
        <param>
          <type><ref refid="structCOORDENADA" kindref="compound">COORDENADA</ref></type>
          <declname>c</declname>
        </param>
        <briefdescription>
<para>Lê o tipo de casa de uma dada coordenada. </para>        </briefdescription>
        <detaileddescription>
<para><parameterlist kind="param"><parameteritem>
<parameternamelist>
<parametername>e</parametername>
</parameternamelist>
<parameterdescription>
<para>Apontador para o Estado </para></parameterdescription>
</parameteritem>
<parameteritem>
<parameternamelist>
<parametername>c</parametername>
</parameternamelist>
<parameterdescription>
<para>Coordenada para procurar no Estado </para></parameterdescription>
</parameteritem>
</parameterlist>
<simplesect kind="return"><para>CASA da coordenada </para></simplesect>
</para>        </detaileddescription>
        <inbodydescription>
        </inbodydescription>
        <location file="projeto/bot/dados.c" line="28" column="1" bodyfile="projeto/bot/dados.c" bodystart="28" bodyend="30"/>
      </memberdef>
      <memberdef kind="function" id="projeto_2bot_2dados_8c_1aeaf028852b003f79a705a7968a8ad7e6" prot="public" static="no" const="no" explicit="no" inline="no" virt="non-virtual">
        <type>void</type>
        <definition>void set_ultima_jogada</definition>
        <argsstring>(ESTADO *e, COORDENADA c)</argsstring>
        <name>set_ultima_jogada</name>
        <param>
          <type><ref refid="structESTADO" kindref="compound">ESTADO</ref> *</type>
          <declname>e</declname>
        </param>
        <param>
          <type><ref refid="structCOORDENADA" kindref="compound">COORDENADA</ref></type>
          <declname>c</declname>
        </param>
        <briefdescription>
<para>Lê a última jogada a partir do Estado. </para>        </briefdescription>
        <detaileddescription>
<para><parameterlist kind="param"><parameteritem>
<parameternamelist>
<parametername>e</parametername>
</parameternamelist>
<parameterdescription>
<para>Apontador para o Estado </para></parameterdescription>
</parameteritem>
<parameteritem>
<parameternamelist>
<parametername>c</parametername>
</parameternamelist>
<parameterdescription>
<para>Coordenada para procurar no Estado </para></parameterdescription>
</parameteritem>
</parameterlist>
</para>        </detaileddescription>
        <inbodydescription>
        </inbodydescription>
        <location file="projeto/bot/dados.c" line="32" column="1" bodyfile="projeto/bot/dados.c" bodystart="32" bodyend="34"/>
      </memberdef>
      <memberdef kind="function" id="projeto_2bot_2dados_8c_1ae89c72e4fa31dcc1eb9ba0fb8ea707e1" prot="public" static="no" const="no" explicit="no" inline="no" virt="non-virtual">
        <type><ref refid="structCOORDENADA" kindref="compound">COORDENADA</ref></type>
        <definition>COORDENADA get_ultima_jogada</definition>
        <argsstring>(ESTADO *e)</argsstring>
        <name>get_ultima_jogada</name>
        <param>
          <type><ref refid="structESTADO" kindref="compound">ESTADO</ref> *</type>
          <declname>e</declname>
        </param>
        <briefdescription>
<para>Lê a Coordenada da última jogada. </para>        </briefdescription>
        <detaileddescription>
<para><parameterlist kind="param"><parameteritem>
<parameternamelist>
<parametername>e</parametername>
</parameternamelist>
<parameterdescription>
<para>Apontador para o Estado </para></parameterdescription>
</parameteritem>
</parameterlist>
<simplesect kind="return"><para><ref refid="structCOORDENADA" kindref="compound">COORDENADA</ref> da última jogada </para></simplesect>
</para>        </detaileddescription>
        <inbodydescription>
        </inbodydescription>
        <location file="projeto/bot/dados.c" line="36" column="1" bodyfile="projeto/bot/dados.c" bodystart="36" bodyend="38"/>
      </memberdef>
      <memberdef kind="function" id="projeto_2bot_2dados_8c_1ab7e988ba4468e2e908f35d98caa81f19" prot="public" static="no" const="no" explicit="no" inline="no" virt="non-virtual">
        <type>void</type>
        <definition>void set_num_jogadas</definition>
        <argsstring>(ESTADO *e, int n)</argsstring>
        <name>set_num_jogadas</name>
        <param>
          <type><ref refid="structESTADO" kindref="compound">ESTADO</ref> *</type>
          <declname>e</declname>
        </param>
        <param>
          <type>int</type>
          <declname>n</declname>
        </param>
        <briefdescription>
<para>Altera o número de jogadas. </para>        </briefdescription>
        <detaileddescription>
<para><parameterlist kind="param"><parameteritem>
<parameternamelist>
<parametername>e</parametername>
</parameternamelist>
<parameterdescription>
<para>Apontador para o Estado </para></parameterdescription>
</parameteritem>
<parameteritem>
<parameternamelist>
<parametername>n</parametername>
</parameternamelist>
<parameterdescription>
<para>Número para alterar </para></parameterdescription>
</parameteritem>
</parameterlist>
</para>        </detaileddescription>
        <inbodydescription>
        </inbodydescription>
        <location file="projeto/bot/dados.c" line="40" column="1" bodyfile="projeto/bot/dados.c" bodystart="40" bodyend="42"/>
      </memberdef>
      <memberdef kind="function" id="projeto_2bot_2dados_8c_1adea30d54df73cf866227a6b6bd790827" prot="public" static="no" const="no" explicit="no" inline="no" virt="non-virtual">
        <type>int</type>
        <definition>int get_num_jogadas</definition>
        <argsstring>(ESTADO *e)</argsstring>
        <name>get_num_jogadas</name>
        <param>
          <type><ref refid="structESTADO" kindref="compound">ESTADO</ref> *</type>
          <declname>e</declname>
        </param>
        <briefdescription>
<para>Descobre o número de jogadas. </para>        </briefdescription>
        <detaileddescription>
<para><parameterlist kind="param"><parameteritem>
<parameternamelist>
<parametername>e</parametername>
</parameternamelist>
<parameterdescription>
<para>Apontador para o Estado </para></parameterdescription>
</parameteritem>
</parameterlist>
<simplesect kind="return"><para>Número de jogadas </para></simplesect>
</para>        </detaileddescription>
        <inbodydescription>
        </inbodydescription>
        <location file="projeto/bot/dados.c" line="44" column="1" bodyfile="projeto/bot/dados.c" bodystart="44" bodyend="46"/>
      </memberdef>
      <memberdef kind="function" id="projeto_2bot_2dados_8c_1af88be1780cf433494c052a1664f6ed49" prot="public" static="no" const="no" explicit="no" inline="no" virt="non-virtual">
        <type>void</type>
        <definition>void set_jogador_atual</definition>
        <argsstring>(ESTADO *e, int n)</argsstring>
        <name>set_jogador_atual</name>
        <param>
          <type><ref refid="structESTADO" kindref="compound">ESTADO</ref> *</type>
          <declname>e</declname>
        </param>
        <param>
          <type>int</type>
          <declname>n</declname>
        </param>
        <briefdescription>
<para>Altera o jogador atual. </para>        </briefdescription>
        <detaileddescription>
<para><parameterlist kind="param"><parameteritem>
<parameternamelist>
<parametername>e</parametername>
</parameternamelist>
<parameterdescription>
<para>Apontador para o Estado </para></parameterdescription>
</parameteritem>
<parameteritem>
<parameternamelist>
<parametername>n</parametername>
</parameternamelist>
<parameterdescription>
<para>Número do novo jogador atual </para></parameterdescription>
</parameteritem>
</parameterlist>
</para>        </detaileddescription>
        <inbodydescription>
        </inbodydescription>
        <location file="projeto/bot/dados.c" line="48" column="1" bodyfile="projeto/bot/dados.c" bodystart="48" bodyend="50"/>
      </memberdef>
      <memberdef kind="function" id="projeto_2bot_2dados_8c_1ab9c95b014d2e217eae7d081088501963" prot="public" static="no" const="no" explicit="no" inline="no" virt="non-virtual">
        <type>int</type>
        <definition>int get_jogador_atual</definition>
        <argsstring>(ESTADO *e)</argsstring>
        <name>get_jogador_atual</name>
        <param>
          <type><ref refid="structESTADO" kindref="compound">ESTADO</ref> *</type>
          <declname>e</declname>
        </param>
        <briefdescription>
<para>Altera o jogador atual. </para>        </briefdescription>
        <detaileddescription>
<para><parameterlist kind="param"><parameteritem>
<parameternamelist>
<parametername>e</parametername>
</parameternamelist>
<parameterdescription>
<para>Apontador para o Estado </para></parameterdescription>
</parameteritem>
</parameterlist>
<simplesect kind="return"><para>Número do jogador atual </para></simplesect>
</para>        </detaileddescription>
        <inbodydescription>
        </inbodydescription>
        <location file="projeto/bot/dados.c" line="52" column="1" bodyfile="projeto/bot/dados.c" bodystart="52" bodyend="54"/>
      </memberdef>
      <memberdef kind="function" id="projeto_2bot_2dados_8c_1ab57295e8132be2b2f199d4c99e20de32" prot="public" static="no" const="no" explicit="no" inline="no" virt="non-virtual">
        <type>void</type>
        <definition>void set_jogadas_coordenada</definition>
        <argsstring>(ESTADO *e, int num_jogada, int jogador, COORDENADA c)</argsstring>
        <name>set_jogadas_coordenada</name>
        <param>
          <type><ref refid="structESTADO" kindref="compound">ESTADO</ref> *</type>
          <declname>e</declname>
        </param>
        <param>
          <type>int</type>
          <declname>num_jogada</declname>
        </param>
        <param>
          <type>int</type>
          <declname>jogador</declname>
        </param>
        <param>
          <type><ref refid="structCOORDENADA" kindref="compound">COORDENADA</ref></type>
          <declname>c</declname>
        </param>
        <briefdescription>
<para>Altera a lista de jogadas, numa posição e de um jogador. </para>        </briefdescription>
        <detaileddescription>
<para><parameterlist kind="param"><parameteritem>
<parameternamelist>
<parametername>e</parametername>
</parameternamelist>
<parameterdescription>
<para>Apontador para o Estado </para></parameterdescription>
</parameteritem>
<parameteritem>
<parameternamelist>
<parametername>num_jogada</parametername>
</parameternamelist>
<parameterdescription>
<para>Número da posição que será alterada, no array JOGADAS </para></parameterdescription>
</parameteritem>
<parameteritem>
<parameternamelist>
<parametername>jogador</parametername>
</parameternamelist>
<parameterdescription>
<para>Jogador que será alterado </para></parameterdescription>
</parameteritem>
<parameteritem>
<parameternamelist>
<parametername>c</parametername>
</parameternamelist>
<parameterdescription>
<para>Coordenada para acrescentar na lista </para></parameterdescription>
</parameteritem>
</parameterlist>
</para>        </detaileddescription>
        <inbodydescription>
        </inbodydescription>
        <location file="projeto/bot/dados.c" line="56" column="1" bodyfile="projeto/bot/dados.c" bodystart="56" bodyend="59"/>
      </memberdef>
      <memberdef kind="function" id="projeto_2bot_2dados_8c_1a966cedd5de36bd82a7cc6bb7ca9cb31e" prot="public" static="no" const="no" explicit="no" inline="no" virt="non-virtual">
        <type>int</type>
        <definition>int coordenadaIgual</definition>
        <argsstring>(COORDENADA a, COORDENADA b)</argsstring>
        <name>coordenadaIgual</name>
        <param>
          <type><ref refid="structCOORDENADA" kindref="compound">COORDENADA</ref></type>
          <declname>a</declname>
        </param>
        <param>
          <type><ref refid="structCOORDENADA" kindref="compound">COORDENADA</ref></type>
          <declname>b</declname>
        </param>
        <briefdescription>
<para>Compara duas coordenadas. </para>        </briefdescription>
        <detaileddescription>
<para><parameterlist kind="param"><parameteritem>
<parameternamelist>
<parametername>a</parametername>
</parameternamelist>
<parameterdescription>
<para>Coordenada </para></parameterdescription>
</parameteritem>
<parameteritem>
<parameternamelist>
<parametername>b</parametername>
</parameternamelist>
<parameterdescription>
<para>Coordenada </para></parameterdescription>
</parameteritem>
</parameterlist>
<simplesect kind="return"><para>TRUE (1) ou FALSE (0), se as coordenadas são iguais ou não </para></simplesect>
</para>        </detaileddescription>
        <inbodydescription>
        </inbodydescription>
        <location file="projeto/bot/dados.c" line="61" column="1" bodyfile="projeto/bot/dados.c" bodystart="61" bodyend="64"/>
      </memberdef>
      <memberdef kind="function" id="projeto_2bot_2dados_8c_1a42518d7b174b40d7e89cba990accf496" prot="public" static="no" const="no" explicit="no" inline="no" virt="non-virtual">
        <type>void</type>
        <definition>void set_num_comandos</definition>
        <argsstring>(ESTADO *e, int n)</argsstring>
        <name>set_num_comandos</name>
        <param>
          <type><ref refid="structESTADO" kindref="compound">ESTADO</ref> *</type>
          <declname>e</declname>
        </param>
        <param>
          <type>int</type>
          <declname>n</declname>
        </param>
        <briefdescription>
<para>Define o nº.de comandos. </para>        </briefdescription>
        <detaileddescription>
<para><parameterlist kind="param"><parameteritem>
<parameternamelist>
<parametername>e</parametername>
</parameternamelist>
<parameterdescription>
<para>Apontador para o Estado </para></parameterdescription>
</parameteritem>
<parameteritem>
<parameternamelist>
<parametername>n</parametername>
</parameternamelist>
<parameterdescription>
<para>Número de comandos </para></parameterdescription>
</parameteritem>
</parameterlist>
</para>        </detaileddescription>
        <inbodydescription>
        </inbodydescription>
        <location file="projeto/bot/dados.c" line="66" column="1" bodyfile="projeto/bot/dados.c" bodystart="66" bodyend="68"/>
      </memberdef>
      <memberdef kind="function" id="projeto_2bot_2dados_8c_1a64a0594c35b60d060e44640b60e55bea" prot="public" static="no" const="no" explicit="no" inline="no" virt="non-virtual">
        <type>int</type>
        <definition>int get_num_comandos</definition>
        <argsstring>(ESTADO *e)</argsstring>
        <name>get_num_comandos</name>
        <param>
          <type><ref refid="structESTADO" kindref="compound">ESTADO</ref> *</type>
          <declname>e</declname>
        </param>
        <briefdescription>
<para>Devolve o nº.de comandos. </para>        </briefdescription>
        <detaileddescription>
<para><parameterlist kind="param"><parameteritem>
<parameternamelist>
<parametername>e</parametername>
</parameternamelist>
<parameterdescription>
<para>Apontador para o Estado </para></parameterdescription>
</parameteritem>
</parameterlist>
</para>        </detaileddescription>
        <inbodydescription>
        </inbodydescription>
        <location file="projeto/bot/dados.c" line="70" column="1" bodyfile="projeto/bot/dados.c" bodystart="70" bodyend="72"/>
      </memberdef>
      </sectiondef>
    <briefdescription>
    </briefdescription>
    <detaileddescription>
    </detaileddescription>
    <programlisting>
<codeline lineno="1"><highlight class="preprocessor">#include<sp/>&lt;stdio.h&gt;</highlight><highlight class="normal"></highlight></codeline>
<codeline lineno="2"><highlight class="normal"></highlight><highlight class="preprocessor">#include<sp/>&lt;stdlib.h&gt;</highlight><highlight class="normal"></highlight></codeline>
<codeline lineno="3"><highlight class="normal"></highlight><highlight class="preprocessor">#include<sp/>&quot;dados.h&quot;</highlight><highlight class="normal"></highlight></codeline>
<codeline lineno="4"><highlight class="normal"></highlight></codeline>
<codeline lineno="5"><highlight class="normal"><ref refid="structESTADO" kindref="compound">ESTADO</ref><sp/>*inicializar_estado()<sp/>{</highlight></codeline>
<codeline lineno="6"><highlight class="normal"><sp/><sp/><sp/><sp/><ref refid="structESTADO" kindref="compound">ESTADO</ref><sp/>*teste1<sp/>=<sp/>(<ref refid="structESTADO" kindref="compound">ESTADO</ref><sp/>*)<sp/>malloc(</highlight><highlight class="keyword">sizeof</highlight><highlight class="normal">(<ref refid="structESTADO" kindref="compound">ESTADO</ref>));</highlight></codeline>
<codeline lineno="7"><highlight class="normal"><sp/><sp/><sp/><sp/>set_jogador_atual<sp/>(teste1,<sp/>1);</highlight></codeline>
<codeline lineno="8"><highlight class="normal"><sp/><sp/><sp/><sp/>set_num_jogadas<sp/>(teste1,<sp/>0);</highlight></codeline>
<codeline lineno="9"><highlight class="normal"><sp/><sp/><sp/><sp/>set_num_comandos<sp/>(teste1,<sp/>0);</highlight></codeline>
<codeline lineno="10"><highlight class="normal"><sp/><sp/><sp/><sp/><ref refid="structCOORDENADA" kindref="compound">COORDENADA</ref><sp/>c<sp/>=<sp/>{4,<sp/>4};</highlight></codeline>
<codeline lineno="11"><highlight class="normal"><sp/><sp/><sp/><sp/>set_ultima_jogada(teste1,<sp/>c);</highlight></codeline>
<codeline lineno="12"><highlight class="normal"><sp/><sp/><sp/><sp/></highlight><highlight class="keywordflow">for</highlight><highlight class="normal"><sp/>(</highlight><highlight class="keywordtype">int</highlight><highlight class="normal"><sp/>i<sp/>=<sp/>7;<sp/>i<sp/>&gt;<sp/>(-1);<sp/>i--)<sp/>{</highlight></codeline>
<codeline lineno="13"><highlight class="normal"><sp/><sp/><sp/><sp/><sp/><sp/><sp/><sp/></highlight><highlight class="keywordflow">for</highlight><highlight class="normal"><sp/>(</highlight><highlight class="keywordtype">int</highlight><highlight class="normal"><sp/>ii<sp/>=<sp/>0;<sp/>ii<sp/>&lt;<sp/>8;<sp/>ii<sp/>++)<sp/>{</highlight></codeline>
<codeline lineno="14"><highlight class="normal"><sp/><sp/><sp/><sp/><sp/><sp/><sp/><sp/><sp/><sp/><sp/><sp/><ref refid="structCOORDENADA" kindref="compound">COORDENADA</ref><sp/>a<sp/>=<sp/>{ii,<sp/>i};</highlight></codeline>
<codeline lineno="15"><highlight class="normal"><sp/><sp/><sp/><sp/><sp/><sp/><sp/><sp/><sp/><sp/><sp/><sp/></highlight><highlight class="keywordflow">if</highlight><highlight class="normal"><sp/>(i<sp/>==<sp/>4<sp/>&amp;&amp;<sp/>ii<sp/>==<sp/>4)<sp/>set_casa<sp/>(teste1,<sp/>a,<sp/>BRANCA);</highlight></codeline>
<codeline lineno="16"><highlight class="normal"><sp/><sp/><sp/><sp/><sp/><sp/><sp/><sp/><sp/><sp/><sp/><sp/></highlight><highlight class="keywordflow">else</highlight><highlight class="normal"><sp/></highlight><highlight class="keywordflow">if</highlight><highlight class="normal"><sp/>(i<sp/>==<sp/>7<sp/>&amp;&amp;<sp/>ii<sp/>==<sp/>7)<sp/>set_casa<sp/>(teste1,<sp/>a,<sp/>DOIS);</highlight></codeline>
<codeline lineno="17"><highlight class="normal"><sp/><sp/><sp/><sp/><sp/><sp/><sp/><sp/><sp/><sp/><sp/><sp/></highlight><highlight class="keywordflow">else</highlight><highlight class="normal"><sp/></highlight><highlight class="keywordflow">if</highlight><highlight class="normal"><sp/>(i<sp/>==<sp/>0<sp/>&amp;&amp;<sp/>ii<sp/>==<sp/>0)<sp/>set_casa<sp/>(teste1,<sp/>a,<sp/>UM);</highlight></codeline>
<codeline lineno="18"><highlight class="normal"><sp/><sp/><sp/><sp/><sp/><sp/><sp/><sp/><sp/><sp/><sp/><sp/></highlight><highlight class="keywordflow">else</highlight><highlight class="normal"><sp/>set_casa<sp/>(teste1,<sp/>a,<sp/>VAZIO);<sp/><sp/><sp/><sp/><sp/><sp/><sp/><sp/><sp/><sp/><sp/><sp/><sp/><sp/><sp/><sp/><sp/><sp/><sp/><sp/><sp/><sp/><sp/><sp/><sp/><sp/><sp/><sp/><sp/><sp/><sp/><sp/><sp/><sp/><sp/><sp/><sp/><sp/><sp/><sp/><sp/></highlight></codeline>
<codeline lineno="19"><highlight class="normal"><sp/><sp/><sp/><sp/><sp/><sp/><sp/><sp/>}</highlight></codeline>
<codeline lineno="20"><highlight class="normal"><sp/><sp/><sp/><sp/>}</highlight></codeline>
<codeline lineno="21"><highlight class="normal"><sp/><sp/><sp/><sp/></highlight><highlight class="keywordflow">return</highlight><highlight class="normal"><sp/>teste1;</highlight></codeline>
<codeline lineno="22"><highlight class="normal">}</highlight></codeline>
<codeline lineno="23"><highlight class="normal"></highlight></codeline>
<codeline lineno="24"><highlight class="normal"></highlight><highlight class="keywordtype">void</highlight><highlight class="normal"><sp/>set_casa<sp/>(<ref refid="structESTADO" kindref="compound">ESTADO</ref><sp/>*e,<sp/><ref refid="structCOORDENADA" kindref="compound">COORDENADA</ref><sp/>c,<sp/>CASA<sp/>V)<sp/>{</highlight></codeline>
<codeline lineno="25"><highlight class="normal"><sp/><sp/><sp/><sp/>(e<sp/>-&gt;<sp/>tab<sp/>[c.<ref refid="structCOORDENADA_1aefe14bcc5a066ac3b21500cc3d28c06f" kindref="member">linha</ref>][c.<ref refid="structCOORDENADA_1adfbc8d4856ce807139fdf62e00aed29a" kindref="member">coluna</ref>])<sp/>=<sp/>V;</highlight></codeline>
<codeline lineno="26"><highlight class="normal">}</highlight></codeline>
<codeline lineno="27"><highlight class="normal"></highlight></codeline>
<codeline lineno="28"><highlight class="normal">CASA<sp/>get_casa<sp/>(<ref refid="structESTADO" kindref="compound">ESTADO</ref><sp/>*e,<sp/><ref refid="structCOORDENADA" kindref="compound">COORDENADA</ref><sp/>c)<sp/>{</highlight></codeline>
<codeline lineno="29"><highlight class="normal"><sp/><sp/><sp/><sp/></highlight><highlight class="keywordflow">return</highlight><highlight class="normal"><sp/>e<sp/>-&gt;<sp/>tab<sp/>[c.<ref refid="structCOORDENADA_1aefe14bcc5a066ac3b21500cc3d28c06f" kindref="member">linha</ref>][c.<ref refid="structCOORDENADA_1adfbc8d4856ce807139fdf62e00aed29a" kindref="member">coluna</ref>];</highlight></codeline>
<codeline lineno="30"><highlight class="normal">}</highlight></codeline>
<codeline lineno="31"><highlight class="normal"></highlight></codeline>
<codeline lineno="32"><highlight class="normal"></highlight><highlight class="keywordtype">void</highlight><highlight class="normal"><sp/>set_ultima_jogada<sp/>(<ref refid="structESTADO" kindref="compound">ESTADO</ref><sp/>*e,<sp/><ref refid="structCOORDENADA" kindref="compound">COORDENADA</ref><sp/>c)<sp/>{</highlight></codeline>
<codeline lineno="33"><highlight class="normal"><sp/><sp/><sp/><sp/>e<sp/>-&gt;<sp/>ultima_jogada<sp/>=<sp/>c;</highlight></codeline>
<codeline lineno="34"><highlight class="normal">}</highlight></codeline>
<codeline lineno="35"><highlight class="normal"></highlight></codeline>
<codeline lineno="36"><highlight class="normal"><ref refid="structCOORDENADA" kindref="compound">COORDENADA</ref><sp/>get_ultima_jogada<sp/>(<ref refid="structESTADO" kindref="compound">ESTADO</ref><sp/>*e)<sp/>{</highlight></codeline>
<codeline lineno="37"><highlight class="normal"><sp/><sp/><sp/><sp/></highlight><highlight class="keywordflow">return</highlight><highlight class="normal"><sp/>e<sp/>-&gt;<sp/>ultima_jogada;</highlight></codeline>
<codeline lineno="38"><highlight class="normal">}</highlight></codeline>
<codeline lineno="39"><highlight class="normal"></highlight></codeline>
<codeline lineno="40"><highlight class="normal"></highlight><highlight class="keywordtype">void</highlight><highlight class="normal"><sp/>set_num_jogadas<sp/>(<ref refid="structESTADO" kindref="compound">ESTADO</ref><sp/>*e,<sp/></highlight><highlight class="keywordtype">int</highlight><highlight class="normal"><sp/>n)<sp/>{</highlight></codeline>
<codeline lineno="41"><highlight class="normal"><sp/><sp/><sp/><sp/>e<sp/>-&gt;<sp/>num_jogadas<sp/>=<sp/>n;</highlight></codeline>
<codeline lineno="42"><highlight class="normal">}</highlight></codeline>
<codeline lineno="43"><highlight class="normal"></highlight></codeline>
<codeline lineno="44"><highlight class="normal"></highlight><highlight class="keywordtype">int</highlight><highlight class="normal"><sp/>get_num_jogadas<sp/>(<ref refid="structESTADO" kindref="compound">ESTADO</ref><sp/>*e)<sp/>{</highlight></codeline>
<codeline lineno="45"><highlight class="normal"><sp/><sp/><sp/><sp/></highlight><highlight class="keywordflow">return</highlight><highlight class="normal"><sp/>e<sp/>-&gt;<sp/>num_jogadas;</highlight></codeline>
<codeline lineno="46"><highlight class="normal">}</highlight></codeline>
<codeline lineno="47"><highlight class="normal"></highlight></codeline>
<codeline lineno="48"><highlight class="normal"></highlight><highlight class="keywordtype">void</highlight><highlight class="normal"><sp/>set_jogador_atual<sp/>(<ref refid="structESTADO" kindref="compound">ESTADO</ref><sp/>*e,<sp/></highlight><highlight class="keywordtype">int</highlight><highlight class="normal"><sp/>n)<sp/>{</highlight></codeline>
<codeline lineno="49"><highlight class="normal"><sp/><sp/><sp/><sp/>e<sp/>-&gt;<sp/>jogador_atual<sp/>=<sp/>n;</highlight></codeline>
<codeline lineno="50"><highlight class="normal">}</highlight></codeline>
<codeline lineno="51"><highlight class="normal"></highlight></codeline>
<codeline lineno="52"><highlight class="normal"></highlight><highlight class="keywordtype">int</highlight><highlight class="normal"><sp/>get_jogador_atual<sp/>(<ref refid="structESTADO" kindref="compound">ESTADO</ref><sp/>*e)<sp/>{</highlight></codeline>
<codeline lineno="53"><highlight class="normal"><sp/><sp/><sp/><sp/></highlight><highlight class="keywordflow">return</highlight><highlight class="normal"><sp/>e<sp/>-&gt;<sp/>jogador_atual;</highlight></codeline>
<codeline lineno="54"><highlight class="normal">}</highlight></codeline>
<codeline lineno="55"><highlight class="normal"></highlight></codeline>
<codeline lineno="56"><highlight class="normal"></highlight><highlight class="keywordtype">void</highlight><highlight class="normal"><sp/>set_jogadas_coordenada<sp/>(<ref refid="structESTADO" kindref="compound">ESTADO</ref><sp/>*e,<sp/></highlight><highlight class="keywordtype">int</highlight><highlight class="normal"><sp/>num_jogada,<sp/></highlight><highlight class="keywordtype">int</highlight><highlight class="normal"><sp/>jogador,<sp/><ref refid="structCOORDENADA" kindref="compound">COORDENADA</ref><sp/>c)<sp/>{</highlight></codeline>
<codeline lineno="57"><highlight class="normal"><sp/><sp/><sp/><sp/></highlight><highlight class="keywordflow">if</highlight><highlight class="normal"><sp/>(jogador<sp/>==<sp/>1)<sp/>e<sp/>-&gt;<sp/>jogadas[num_jogada].jogador1<sp/>=<sp/>c;</highlight></codeline>
<codeline lineno="58"><highlight class="normal"><sp/><sp/><sp/><sp/></highlight><highlight class="keywordflow">else</highlight><highlight class="normal"><sp/>e<sp/>-&gt;<sp/>jogadas[num_jogada].jogador2<sp/>=<sp/>c;</highlight></codeline>
<codeline lineno="59"><highlight class="normal">}</highlight></codeline>
<codeline lineno="60"><highlight class="normal"></highlight></codeline>
<codeline lineno="61"><highlight class="normal"></highlight><highlight class="keywordtype">int</highlight><highlight class="normal"><sp/>coordenadaIgual<sp/>(<ref refid="structCOORDENADA" kindref="compound">COORDENADA</ref><sp/>a,<sp/><ref refid="structCOORDENADA" kindref="compound">COORDENADA</ref><sp/>b)<sp/>{</highlight></codeline>
<codeline lineno="62"><highlight class="normal"><sp/><sp/><sp/><sp/></highlight><highlight class="keywordflow">if</highlight><highlight class="normal"><sp/>(a.<ref refid="structCOORDENADA_1adfbc8d4856ce807139fdf62e00aed29a" kindref="member">coluna</ref><sp/>==<sp/>b.<ref refid="structCOORDENADA_1adfbc8d4856ce807139fdf62e00aed29a" kindref="member">coluna</ref><sp/>&amp;&amp;<sp/>a.<ref refid="structCOORDENADA_1aefe14bcc5a066ac3b21500cc3d28c06f" kindref="member">linha</ref><sp/>==<sp/>b.<ref refid="structCOORDENADA_1aefe14bcc5a066ac3b21500cc3d28c06f" kindref="member">linha</ref>)<sp/></highlight><highlight class="keywordflow">return</highlight><highlight class="normal"><sp/>TRUE;</highlight></codeline>
<codeline lineno="63"><highlight class="normal"><sp/><sp/><sp/><sp/></highlight><highlight class="keywordflow">return</highlight><highlight class="normal"><sp/>FALSE;</highlight></codeline>
<codeline lineno="64"><highlight class="normal">}</highlight></codeline>
<codeline lineno="65"><highlight class="normal"></highlight></codeline>
<codeline lineno="66"><highlight class="normal"></highlight><highlight class="keywordtype">void</highlight><highlight class="normal"><sp/>set_num_comandos<sp/>(<ref refid="structESTADO" kindref="compound">ESTADO</ref><sp/>*e,<sp/></highlight><highlight class="keywordtype">int</highlight><highlight class="normal"><sp/>n)<sp/>{</highlight></codeline>
<codeline lineno="67"><highlight class="normal"><sp/><sp/><sp/><sp/>e<sp/>-&gt;<sp/>num_comando<sp/>=<sp/>n;</highlight></codeline>
<codeline lineno="68"><highlight class="normal">}</highlight></codeline>
<codeline lineno="69"><highlight class="normal"></highlight></codeline>
<codeline lineno="70"><highlight class="normal"></highlight><highlight class="keywordtype">int</highlight><highlight class="normal"><sp/>get_num_comandos<sp/>(<ref refid="structESTADO" kindref="compound">ESTADO</ref><sp/>*e){</highlight></codeline>
<codeline lineno="71"><highlight class="normal"><sp/><sp/><sp/><sp/></highlight><highlight class="keywordflow">return</highlight><highlight class="normal"><sp/>e<sp/>-&gt;<sp/>num_comando;</highlight></codeline>
<codeline lineno="72"><highlight class="normal">}</highlight></codeline>
<codeline lineno="73"><highlight class="normal"></highlight></codeline>
<codeline lineno="74"><highlight class="normal"></highlight></codeline>
    </programlisting>
    <location file="projeto/bot/dados.c"/>
  </compounddef>
</doxygen>
