<?xml version='1.0' encoding='UTF-8' standalone='no'?>
<doxygen xmlns:xsi="http://www.w3.org/2001/XMLSchema-instance" xsi:noNamespaceSchemaLocation="compound.xsd" version="1.8.13">
  <compounddef id="projeto_2logica_8h" kind="file" language="C++">
    <compoundname>logica.h</compoundname>
    <includedby refid="projeto_2interface_8c" local="yes">projeto/interface.c</includedby>
    <includedby refid="lista_8c" local="yes">projeto/lista.c</includedby>
    <includedby refid="projeto_2logica_8c" local="yes">projeto/logica.c</includedby>
    <includedby refid="main_8c" local="yes">projeto/main.c</includedby>
      <sectiondef kind="func">
      <memberdef kind="function" id="projeto_2logica_8h_1a88463afa79fe411e2f9ce48df4c8a5c5" prot="public" static="no" const="no" explicit="no" inline="no" virt="non-virtual">
        <type>int</type>
        <definition>int casaVazia</definition>
        <argsstring>(ESTADO *estado, COORDENADA *c)</argsstring>
        <name>casaVazia</name>
        <param>
          <type><ref refid="structESTADO" kindref="compound">ESTADO</ref> *</type>
          <declname>estado</declname>
        </param>
        <param>
          <type><ref refid="structCOORDENADA" kindref="compound">COORDENADA</ref> *</type>
          <declname>c</declname>
        </param>
        <briefdescription>
<para>Verifica se a casa destino está vazia. </para>        </briefdescription>
        <detaileddescription>
<para><parameterlist kind="param"><parameteritem>
<parameternamelist>
<parametername>estado</parametername>
</parameternamelist>
<parameterdescription>
<para>Apontador para o estado </para></parameterdescription>
</parameteritem>
<parameteritem>
<parameternamelist>
<parametername>c</parametername>
</parameternamelist>
<parameterdescription>
<para>A coordenada </para></parameterdescription>
</parameteritem>
</parameterlist>
<simplesect kind="return"><para>Se a casa está livre ou não </para></simplesect>
</para>        </detaileddescription>
        <inbodydescription>
        </inbodydescription>
        <location file="projeto/logica.h" line="15" column="1" bodyfile="bot/logica.c" bodystart="46" bodyend="52"/>
      </memberdef>
      <memberdef kind="function" id="projeto_2logica_8h_1a53472e75f056ceb02b5387193021838a" prot="public" static="no" const="no" explicit="no" inline="no" virt="non-virtual">
        <type>int</type>
        <definition>int jogar</definition>
        <argsstring>(ESTADO *estado, COORDENADA c)</argsstring>
        <name>jogar</name>
        <param>
          <type><ref refid="structESTADO" kindref="compound">ESTADO</ref> *</type>
          <declname>estado</declname>
        </param>
        <param>
          <type><ref refid="structCOORDENADA" kindref="compound">COORDENADA</ref></type>
          <declname>c</declname>
        </param>
        <briefdescription>
<para>Verifica se a jogada é possível, e altera o estado. </para>        </briefdescription>
        <detaileddescription>
<para><parameterlist kind="param"><parameteritem>
<parameternamelist>
<parametername>estado</parametername>
</parameternamelist>
<parameterdescription>
<para>Apontador para o estado </para></parameterdescription>
</parameteritem>
<parameteritem>
<parameternamelist>
<parametername>c</parametername>
</parameternamelist>
<parameterdescription>
<para>A coordenada </para></parameterdescription>
</parameteritem>
</parameterlist>
<simplesect kind="return"><para>Se a jogada é válida ou não </para></simplesect>
</para>        </detaileddescription>
        <inbodydescription>
        </inbodydescription>
        <location file="projeto/logica.h" line="22" column="1" bodyfile="bot/logica.c" bodystart="10" bodyend="30"/>
      </memberdef>
      <memberdef kind="function" id="projeto_2logica_8h_1a6fce62b57158daf992d52efc813da9cb" prot="public" static="no" const="no" explicit="no" inline="no" virt="non-virtual">
        <type>int</type>
        <definition>int Vencedor</definition>
        <argsstring>(ESTADO *e)</argsstring>
        <name>Vencedor</name>
        <param>
          <type><ref refid="structESTADO" kindref="compound">ESTADO</ref> *</type>
          <declname>e</declname>
        </param>
        <briefdescription>
<para>Verifica se há um vencedor. </para>        </briefdescription>
        <detaileddescription>
<para><parameterlist kind="param"><parameteritem>
<parameternamelist>
<parametername>estado</parametername>
</parameternamelist>
<parameterdescription>
<para>Apontador para o estado </para></parameterdescription>
</parameteritem>
</parameterlist>
<simplesect kind="return"><para>Retorna o número do vencedor caso haja </para></simplesect>
</para>        </detaileddescription>
        <inbodydescription>
        </inbodydescription>
        <location file="projeto/logica.h" line="28" column="1" bodyfile="bot/logica.c" bodystart="32" bodyend="44"/>
      </memberdef>
      <memberdef kind="function" id="projeto_2logica_8h_1a082ab9e10e65f18d8c80efe8f0ee7a90" prot="public" static="no" const="no" explicit="no" inline="no" virt="non-virtual">
        <type>int</type>
        <definition>int jogadaValida</definition>
        <argsstring>(ESTADO *estado, COORDENADA *c)</argsstring>
        <name>jogadaValida</name>
        <param>
          <type><ref refid="structESTADO" kindref="compound">ESTADO</ref> *</type>
          <declname>estado</declname>
        </param>
        <param>
          <type><ref refid="structCOORDENADA" kindref="compound">COORDENADA</ref> *</type>
          <declname>c</declname>
        </param>
        <briefdescription>
<para>Verifica se a jogada é Válida. </para>        </briefdescription>
        <detaileddescription>
<para><parameterlist kind="param"><parameteritem>
<parameternamelist>
<parametername>estado</parametername>
</parameternamelist>
<parameterdescription>
<para>Apontador para o estado </para></parameterdescription>
</parameteritem>
<parameteritem>
<parameternamelist>
<parametername>c</parametername>
</parameternamelist>
<parameterdescription>
<para>Coordenada da jogada </para></parameterdescription>
</parameteritem>
</parameterlist>
<simplesect kind="return"><para>Se a jogada é válida ou não </para></simplesect>
</para>        </detaileddescription>
        <inbodydescription>
        </inbodydescription>
        <location file="projeto/logica.h" line="35" column="1" bodyfile="bot/logica.c" bodystart="54" bodyend="68"/>
      </memberdef>
      <memberdef kind="function" id="projeto_2logica_8h_1a1326e92f82b72cd3bc1a55183720d079" prot="public" static="no" const="no" explicit="no" inline="no" virt="non-virtual">
        <type>int</type>
        <definition>int anyVazio</definition>
        <argsstring>(ESTADO *e, COORDENADA *c)</argsstring>
        <name>anyVazio</name>
        <param>
          <type><ref refid="structESTADO" kindref="compound">ESTADO</ref> *</type>
          <declname>e</declname>
        </param>
        <param>
          <type><ref refid="structCOORDENADA" kindref="compound">COORDENADA</ref> *</type>
          <declname>c</declname>
        </param>
        <briefdescription>
<para>Verifica se alguma das casas possíveis é vazia ou não. </para>        </briefdescription>
        <detaileddescription>
<para><parameterlist kind="param"><parameteritem>
<parameternamelist>
<parametername>estado</parametername>
</parameternamelist>
<parameterdescription>
<para>Apontador para o estado </para></parameterdescription>
</parameteritem>
<parameteritem>
<parameternamelist>
<parametername>c</parametername>
</parameternamelist>
<parameterdescription>
<para>Apontador para a coordenada </para></parameterdescription>
</parameteritem>
</parameterlist>
<simplesect kind="return"><para>Retorna TRUE or FALSE </para></simplesect>
</para>        </detaileddescription>
        <inbodydescription>
        </inbodydescription>
        <location file="projeto/logica.h" line="42" column="1" bodyfile="bot/logica.c" bodystart="79" bodyend="93"/>
      </memberdef>
      <memberdef kind="function" id="projeto_2logica_8h_1ac19a705a422f277470e437cf7aa7a554" prot="public" static="no" const="no" explicit="no" inline="no" virt="non-virtual">
        <type>int</type>
        <definition>int JogadasPossiveis</definition>
        <argsstring>(ESTADO *estado)</argsstring>
        <name>JogadasPossiveis</name>
        <param>
          <type><ref refid="structESTADO" kindref="compound">ESTADO</ref> *</type>
          <declname>estado</declname>
        </param>
        <briefdescription>
<para>Verifica se na última jogada do estado existe alguma casa livre. </para>        </briefdescription>
        <detaileddescription>
<para><parameterlist kind="param"><parameteritem>
<parameternamelist>
<parametername>estado</parametername>
</parameternamelist>
<parameterdescription>
<para>Apontador para o estado </para></parameterdescription>
</parameteritem>
</parameterlist>
<simplesect kind="return"><para>Retorna se é possível ou não </para></simplesect>
</para>        </detaileddescription>
        <inbodydescription>
        </inbodydescription>
        <location file="projeto/logica.h" line="48" column="1" bodyfile="bot/logica.c" bodystart="73" bodyend="77"/>
      </memberdef>
      <memberdef kind="function" id="projeto_2logica_8h_1a7f805617a6f4676ef215c29a0d1f45c4" prot="public" static="no" const="no" explicit="no" inline="no" virt="non-virtual">
        <type>int</type>
        <definition>int CoordenadaValida</definition>
        <argsstring>(COORDENADA *a)</argsstring>
        <name>CoordenadaValida</name>
        <param>
          <type><ref refid="structCOORDENADA" kindref="compound">COORDENADA</ref> *</type>
          <declname>a</declname>
        </param>
        <briefdescription>
<para>Verifica se Coordenada é válida. </para>        </briefdescription>
        <detaileddescription>
<para><parameterlist kind="param"><parameteritem>
<parameternamelist>
<parametername>a</parametername>
</parameternamelist>
<parameterdescription>
<para>Coordenada </para></parameterdescription>
</parameteritem>
</parameterlist>
<simplesect kind="return"><para>Retorna se é possível ou não </para></simplesect>
</para>        </detaileddescription>
        <inbodydescription>
        </inbodydescription>
        <location file="projeto/logica.h" line="54" column="1" bodyfile="bot/logica.c" bodystart="96" bodyend="99"/>
      </memberdef>
      <memberdef kind="function" id="projeto_2logica_8h_1adbe7c2c3528c083997d14ec6c0a0d8a7" prot="public" static="no" const="no" explicit="no" inline="no" virt="non-virtual">
        <type>void</type>
        <definition>void guarda_ficheiro</definition>
        <argsstring>(ESTADO *e, FILE *fp)</argsstring>
        <name>guarda_ficheiro</name>
        <param>
          <type><ref refid="structESTADO" kindref="compound">ESTADO</ref> *</type>
          <declname>e</declname>
        </param>
        <param>
          <type>FILE *</type>
          <declname>fp</declname>
        </param>
        <briefdescription>
<para>Guarda um ficheiro com o Tabuleiro e as jogadas. </para>        </briefdescription>
        <detaileddescription>
<para><parameterlist kind="param"><parameteritem>
<parameternamelist>
<parametername>e</parametername>
</parameternamelist>
<parameterdescription>
<para>Apontador para o estado </para></parameterdescription>
</parameteritem>
<parameteritem>
<parameternamelist>
<parametername>fp</parametername>
</parameternamelist>
<parameterdescription>
<para>Apontador para o ficheiro</para></parameterdescription>
</parameteritem>
</parameterlist>
Guarda um ficheiro com o Tabuleiro e as jogadas.</para><para>Interpreta as jogadas feitas pelo jogador.</para><para><parameterlist kind="param"><parameteritem>
<parameternamelist>
<parametername>e</parametername>
</parameternamelist>
<parameterdescription>
<para>Apontador para o Estado </para></parameterdescription>
</parameteritem>
<parameteritem>
<parameternamelist>
<parametername>fp</parametername>
</parameternamelist>
<parameterdescription>
<para>Apontador para o ficheiro onde se guarda o Estado do Jogo </para></parameterdescription>
</parameteritem>
</parameterlist>
</para>        </detaileddescription>
        <inbodydescription>
        </inbodydescription>
        <location file="projeto/logica.h" line="60" column="1" bodyfile="bot/interface.c" bodystart="42" bodyend="46"/>
      </memberdef>
      <memberdef kind="function" id="projeto_2logica_8h_1adb63309b72e0749f8e56bb18df39152d" prot="public" static="no" const="no" explicit="no" inline="no" virt="non-virtual">
        <type>void</type>
        <definition>void le_ficheiro</definition>
        <argsstring>(ESTADO *e, FILE *fp)</argsstring>
        <name>le_ficheiro</name>
        <param>
          <type><ref refid="structESTADO" kindref="compound">ESTADO</ref> *</type>
          <declname>e</declname>
        </param>
        <param>
          <type>FILE *</type>
          <declname>fp</declname>
        </param>
        <briefdescription>
<para>Lê um ficheiro com o Tabuleiro e as jogadas. </para>        </briefdescription>
        <detaileddescription>
<para><parameterlist kind="param"><parameteritem>
<parameternamelist>
<parametername>e</parametername>
</parameternamelist>
<parameterdescription>
<para>Apontador para o estado </para></parameterdescription>
</parameteritem>
<parameteritem>
<parameternamelist>
<parametername>fp</parametername>
</parameternamelist>
<parameterdescription>
<para>Apontador para o ficheiro </para></parameterdescription>
</parameteritem>
</parameterlist>
</para>        </detaileddescription>
        <inbodydescription>
        </inbodydescription>
        <location file="projeto/logica.h" line="66" column="1" bodyfile="bot/logica.c" bodystart="102" bodyend="115"/>
      </memberdef>
      <memberdef kind="function" id="projeto_2logica_8h_1a46fdebf63e4fa6ef714bb7d1b8d5c163" prot="public" static="no" const="no" explicit="no" inline="no" virt="non-virtual">
        <type>void</type>
        <definition>void guardaLinha</definition>
        <argsstring>(ESTADO *e, char linha[], int nlinha, int *contador)</argsstring>
        <name>guardaLinha</name>
        <param>
          <type><ref refid="structESTADO" kindref="compound">ESTADO</ref> *</type>
          <declname>e</declname>
        </param>
        <param>
          <type>char</type>
          <declname>linha</declname>
          <array>[]</array>
        </param>
        <param>
          <type>int</type>
          <declname>nlinha</declname>
        </param>
        <param>
          <type>int *</type>
          <declname>contador</declname>
        </param>
        <briefdescription>
<para>Lê um ficheiro com o Tabuleiro e altera o Estado. </para>        </briefdescription>
        <detaileddescription>
<para><parameterlist kind="param"><parameteritem>
<parameternamelist>
<parametername>e</parametername>
</parameternamelist>
<parameterdescription>
<para>Apontador para o estado </para></parameterdescription>
</parameteritem>
<parameteritem>
<parameternamelist>
<parametername>linha</parametername>
</parameternamelist>
<parameterdescription>
<para>Linha do tabuleiro </para></parameterdescription>
</parameteritem>
<parameteritem>
<parameternamelist>
<parametername>nlinha</parametername>
</parameternamelist>
<parameterdescription>
<para>Linha atual </para></parameterdescription>
</parameteritem>
<parameteritem>
<parameternamelist>
<parametername>contador</parametername>
</parameternamelist>
<parameterdescription>
<para>Apontador para um contador que posteriormente irá calcular o número de jogadas </para></parameterdescription>
</parameteritem>
</parameterlist>
</para>        </detaileddescription>
        <inbodydescription>
        </inbodydescription>
        <location file="projeto/logica.h" line="74" column="1" bodyfile="bot/logica.c" bodystart="117" bodyend="141"/>
      </memberdef>
      <memberdef kind="function" id="projeto_2logica_8h_1ad5683dcebcf5926c188b34a9c9151a3e" prot="public" static="no" const="no" explicit="no" inline="no" virt="non-virtual">
        <type>void</type>
        <definition>void guardaJogadas</definition>
        <argsstring>(ESTADO *e, char linha[], int num_jogada, int n)</argsstring>
        <name>guardaJogadas</name>
        <param>
          <type><ref refid="structESTADO" kindref="compound">ESTADO</ref> *</type>
          <declname>e</declname>
        </param>
        <param>
          <type>char</type>
          <declname>linha</declname>
          <array>[]</array>
        </param>
        <param>
          <type>int</type>
          <declname>num_jogada</declname>
        </param>
        <param>
          <type>int</type>
          <declname>n</declname>
        </param>
        <briefdescription>
<para>Lê um ficheiro com as Jogadas e altera o Estado. </para>        </briefdescription>
        <detaileddescription>
<para><parameterlist kind="param"><parameteritem>
<parameternamelist>
<parametername>e</parametername>
</parameternamelist>
<parameterdescription>
<para>Apontador para o estado </para></parameterdescription>
</parameteritem>
<parameteritem>
<parameternamelist>
<parametername>linha</parametername>
</parameternamelist>
<parameterdescription>
<para>Linha do tabuleiro </para></parameterdescription>
</parameteritem>
<parameteritem>
<parameternamelist>
<parametername>num_jogada</parametername>
</parameternamelist>
<parameterdescription>
<para>Número da jogada </para></parameterdescription>
</parameteritem>
<parameteritem>
<parameternamelist>
<parametername>n</parametername>
</parameternamelist>
<parameterdescription>
<para>Número de jogadas </para></parameterdescription>
</parameteritem>
</parameterlist>
</para>        </detaileddescription>
        <inbodydescription>
        </inbodydescription>
        <location file="projeto/logica.h" line="82" column="1" bodyfile="bot/logica.c" bodystart="144" bodyend="155"/>
      </memberdef>
      <memberdef kind="function" id="projeto_2logica_8h_1a84a4a8d419fa5732e96e2180a5991d17" prot="public" static="no" const="no" explicit="no" inline="no" virt="non-virtual">
        <type>void</type>
        <definition>void jogadaAnterior</definition>
        <argsstring>(ESTADO *e, int numeroJogada)</argsstring>
        <name>jogadaAnterior</name>
        <param>
          <type><ref refid="structESTADO" kindref="compound">ESTADO</ref> *</type>
          <declname>e</declname>
        </param>
        <param>
          <type>int</type>
          <declname>numeroJogada</declname>
        </param>
        <briefdescription>
<para>Permite ao jogador voltar para uma determinada jogada. </para>        </briefdescription>
        <detaileddescription>
<para><parameterlist kind="param"><parameteritem>
<parameternamelist>
<parametername>e</parametername>
</parameternamelist>
<parameterdescription>
<para>Apontador para o estado </para></parameterdescription>
</parameteritem>
<parameteritem>
<parameternamelist>
<parametername>numeroJogada</parametername>
</parameternamelist>
<parameterdescription>
<para>número da jogada para qual o jogador pretende ir (supõe-se que está é válida) </para></parameterdescription>
</parameteritem>
</parameterlist>
</para>        </detaileddescription>
        <inbodydescription>
        </inbodydescription>
        <location file="projeto/logica.h" line="88" column="1" bodyfile="projeto/logica.c" bodystart="158" bodyend="184"/>
      </memberdef>
      <memberdef kind="function" id="projeto_2logica_8h_1a6a102408a7dbcb4dd7a850945f181af3" prot="public" static="no" const="no" explicit="no" inline="no" virt="non-virtual">
        <type><ref refid="structCOORDENADA" kindref="compound">COORDENADA</ref> *</type>
        <definition>COORDENADA* comando_jog</definition>
        <argsstring>(LISTA vizinhosValidos, ESTADO *e)</argsstring>
        <name>comando_jog</name>
        <param>
          <type><ref refid="structnodo" kindref="compound">LISTA</ref></type>
          <declname>vizinhosValidos</declname>
        </param>
        <param>
          <type><ref refid="structESTADO" kindref="compound">ESTADO</ref> *</type>
          <declname>e</declname>
        </param>
        <briefdescription>
<para>Permite determinar as posições vizinhas válidas da posição atual da peça no Estado. </para>        </briefdescription>
        <detaileddescription>
<para><parameterlist kind="param"><parameteritem>
<parameternamelist>
<parametername>vV</parametername>
</parameternamelist>
<parameterdescription>
<para>Lista dos vizinhos válidos </para></parameterdescription>
</parameteritem>
<parameteritem>
<parameternamelist>
<parametername>e</parametername>
</parameternamelist>
<parameterdescription>
<para>Apontador para o estado </para></parameterdescription>
</parameteritem>
</parameterlist>
</para>        </detaileddescription>
        <inbodydescription>
        </inbodydescription>
        <location file="projeto/logica.h" line="94" column="1" bodyfile="projeto/logica.c" bodystart="188" bodyend="205"/>
      </memberdef>
      <memberdef kind="function" id="projeto_2logica_8h_1a69dc5f0b6d1d904f8795e2adab20286d" prot="public" static="no" const="no" explicit="no" inline="no" virt="non-virtual">
        <type><ref refid="structCOORDENADA" kindref="compound">COORDENADA</ref> *</type>
        <definition>COORDENADA* comando_jog2</definition>
        <argsstring>(LISTA vizinhosValidos, int valAleat)</argsstring>
        <name>comando_jog2</name>
        <param>
          <type><ref refid="structnodo" kindref="compound">LISTA</ref></type>
          <declname>vizinhosValidos</declname>
        </param>
        <param>
          <type>int</type>
          <declname>valAleat</declname>
        </param>
        <briefdescription>
<para>Permite determinar as posições vizinhas válidas da posição atual da peça no Estado. </para>        </briefdescription>
        <detaileddescription>
<para><parameterlist kind="param"><parameteritem>
<parameternamelist>
<parametername>vV</parametername>
</parameternamelist>
<parameterdescription>
<para>Lista dos vizinhos válidos </para></parameterdescription>
</parameteritem>
<parameteritem>
<parameternamelist>
<parametername>x</parametername>
</parameternamelist>
<parameterdescription>
<para>Valor aleatório gerado previamente </para></parameterdescription>
</parameteritem>
</parameterlist>
</para>        </detaileddescription>
        <inbodydescription>
        </inbodydescription>
        <location file="projeto/logica.h" line="100" column="1" bodyfile="projeto/logica.c" bodystart="208" bodyend="224"/>
      </memberdef>
      <memberdef kind="function" id="projeto_2logica_8h_1aeb945b3a623de54e0805ffcb44880f87" prot="public" static="no" const="no" explicit="no" inline="no" virt="non-virtual">
        <type>int</type>
        <definition>int dist_jog1</definition>
        <argsstring>(COORDENADA c, int jogAtual)</argsstring>
        <name>dist_jog1</name>
        <param>
          <type><ref refid="structCOORDENADA" kindref="compound">COORDENADA</ref></type>
          <declname>c</declname>
        </param>
        <param>
          <type>int</type>
          <declname>jogAtual</declname>
        </param>
        <briefdescription>
<para>Calcula rapidamente a distância da coordenada à peça de vitória do jogador Atual. </para>        </briefdescription>
        <detaileddescription>
<para><parameterlist kind="param"><parameteritem>
<parameternamelist>
<parametername>c</parametername>
</parameternamelist>
<parameterdescription>
<para>Coordenada onde se encontra a peça branca </para></parameterdescription>
</parameteritem>
<parameteritem>
<parameternamelist>
<parametername>JOgador</parametername>
</parameternamelist>
<parameterdescription>
<para>Atual (1 ou 2) </para></parameterdescription>
</parameteritem>
</parameterlist>
</para>        </detaileddescription>
        <inbodydescription>
        </inbodydescription>
        <location file="projeto/logica.h" line="106" column="1" bodyfile="projeto/logica.c" bodystart="227" bodyend="253"/>
      </memberdef>
      </sectiondef>
    <briefdescription>
    </briefdescription>
    <detaileddescription>
    </detaileddescription>
    <programlisting>
<codeline lineno="1"></codeline>
<codeline lineno="6"><highlight class="preprocessor">#ifndef<sp/>___LOGICA_H___</highlight><highlight class="normal"></highlight></codeline>
<codeline lineno="7"><highlight class="normal"></highlight><highlight class="preprocessor">#define<sp/>___LOGICA_H___</highlight><highlight class="normal"></highlight></codeline>
<codeline lineno="8"><highlight class="normal"></highlight></codeline>
<codeline lineno="15"><highlight class="keywordtype">int</highlight><highlight class="normal"><sp/>casaVazia<sp/>(<ref refid="structESTADO" kindref="compound">ESTADO</ref><sp/>*estado,<sp/><ref refid="structCOORDENADA" kindref="compound">COORDENADA</ref><sp/>*c);</highlight></codeline>
<codeline lineno="22"><highlight class="keywordtype">int</highlight><highlight class="normal"><sp/>jogar<sp/>(<ref refid="structESTADO" kindref="compound">ESTADO</ref><sp/>*estado,<sp/><ref refid="structCOORDENADA" kindref="compound">COORDENADA</ref><sp/>c);</highlight></codeline>
<codeline lineno="28"><highlight class="keywordtype">int</highlight><highlight class="normal"><sp/>Vencedor<sp/>(<ref refid="structESTADO" kindref="compound">ESTADO</ref><sp/>*e);</highlight></codeline>
<codeline lineno="35"><highlight class="keywordtype">int</highlight><highlight class="normal"><sp/>jogadaValida<sp/>(<ref refid="structESTADO" kindref="compound">ESTADO</ref><sp/>*estado,<sp/><ref refid="structCOORDENADA" kindref="compound">COORDENADA</ref><sp/>*c);</highlight></codeline>
<codeline lineno="42"><highlight class="keywordtype">int</highlight><highlight class="normal"><sp/>anyVazio<sp/>(<ref refid="structESTADO" kindref="compound">ESTADO</ref><sp/>*e,<sp/><ref refid="structCOORDENADA" kindref="compound">COORDENADA</ref><sp/>*c);</highlight></codeline>
<codeline lineno="48"><highlight class="keywordtype">int</highlight><highlight class="normal"><sp/>JogadasPossiveis<sp/>(<ref refid="structESTADO" kindref="compound">ESTADO</ref><sp/>*estado);</highlight></codeline>
<codeline lineno="54"><highlight class="keywordtype">int</highlight><highlight class="normal"><sp/>CoordenadaValida<sp/>(<ref refid="structCOORDENADA" kindref="compound">COORDENADA</ref><sp/>*a);</highlight></codeline>
<codeline lineno="60"><highlight class="keywordtype">void</highlight><highlight class="normal"><sp/>guarda_ficheiro<sp/>(<ref refid="structESTADO" kindref="compound">ESTADO</ref><sp/>*e,<sp/>FILE<sp/>*fp);</highlight></codeline>
<codeline lineno="66"><highlight class="keywordtype">void</highlight><highlight class="normal"><sp/>le_ficheiro<sp/>(<ref refid="structESTADO" kindref="compound">ESTADO</ref><sp/>*e,<sp/>FILE<sp/>*fp);</highlight></codeline>
<codeline lineno="74"><highlight class="keywordtype">void</highlight><highlight class="normal"><sp/>guardaLinha<sp/>(<ref refid="structESTADO" kindref="compound">ESTADO</ref><sp/>*e,<sp/></highlight><highlight class="keywordtype">char</highlight><highlight class="normal"><sp/>linha[],<sp/></highlight><highlight class="keywordtype">int</highlight><highlight class="normal"><sp/>nlinha,<sp/></highlight><highlight class="keywordtype">int</highlight><highlight class="normal"><sp/>*contador);</highlight></codeline>
<codeline lineno="82"><highlight class="keywordtype">void</highlight><highlight class="normal"><sp/>guardaJogadas<sp/>(<ref refid="structESTADO" kindref="compound">ESTADO</ref><sp/>*e,<sp/></highlight><highlight class="keywordtype">char</highlight><highlight class="normal"><sp/>linha[],</highlight><highlight class="keywordtype">int</highlight><highlight class="normal"><sp/>num_jogada<sp/>,</highlight><highlight class="keywordtype">int</highlight><highlight class="normal"><sp/>n);</highlight></codeline>
<codeline lineno="88"><highlight class="keywordtype">void</highlight><highlight class="normal"><sp/>jogadaAnterior<sp/>(<ref refid="structESTADO" kindref="compound">ESTADO</ref><sp/>*e,<sp/></highlight><highlight class="keywordtype">int</highlight><highlight class="normal"><sp/>numeroJogada);</highlight></codeline>
<codeline lineno="94"><highlight class="normal"><ref refid="structCOORDENADA" kindref="compound">COORDENADA</ref>*<sp/>comando_jog(<ref refid="structnodo" kindref="compound">LISTA</ref><sp/>vizinhosValidos,<sp/><ref refid="structESTADO" kindref="compound">ESTADO</ref><sp/>*e);</highlight></codeline>
<codeline lineno="100"><highlight class="normal"><ref refid="structCOORDENADA" kindref="compound">COORDENADA</ref>*<sp/>comando_jog2(<ref refid="structnodo" kindref="compound">LISTA</ref><sp/>vizinhosValidos,<sp/></highlight><highlight class="keywordtype">int</highlight><highlight class="normal"><sp/>valAleat);</highlight></codeline>
<codeline lineno="106"><highlight class="keywordtype">int</highlight><highlight class="normal"><sp/>dist_jog1<sp/>(<ref refid="structCOORDENADA" kindref="compound">COORDENADA</ref><sp/>c,<sp/></highlight><highlight class="keywordtype">int</highlight><highlight class="normal"><sp/>jogAtual);</highlight></codeline>
<codeline lineno="107"><highlight class="normal"></highlight></codeline>
<codeline lineno="108"><highlight class="normal"></highlight><highlight class="preprocessor">#endif</highlight></codeline>
    </programlisting>
    <location file="projeto/logica.h"/>
  </compounddef>
</doxygen>
