<?xml version='1.0' encoding='UTF-8' standalone='no'?>
<doxygen xmlns:xsi="http://www.w3.org/2001/XMLSchema-instance" xsi:noNamespaceSchemaLocation="compound.xsd" version="1.8.13">
  <compounddef id="README_8md" kind="file" language="Markdown">
    <compoundname>README.md</compoundname>
    <briefdescription>
    </briefdescription>
    <detaileddescription>
    </detaileddescription>
    <programlisting>
<codeline><highlight class="normal">#<sp/>RASTROS-LI2-</highlight></codeline>
<codeline></codeline>
<codeline><highlight class="normal">-<sp/>UC<sp/>:<sp/>LI2;</highlight></codeline>
<codeline></codeline>
<codeline><highlight class="normal">-<sp/>TURNO<sp/>PRÁTICO:<sp/>PL5;</highlight></codeline>
<codeline></codeline>
<codeline><highlight class="normal">-<sp/>GRUPO<sp/>:<sp/>1;</highlight></codeline>
<codeline></codeline>
<codeline><highlight class="normal">-<sp/>ALUNOS:</highlight></codeline>
<codeline><highlight class="normal"><sp/><sp/><sp/><sp/>-<sp/>Diogo<sp/>Manuel<sp/>Brito<sp/>Pires<sp/>@a93239;<sp/></highlight></codeline>
<codeline><highlight class="normal"><sp/><sp/><sp/><sp/>-<sp/>Gonçalo<sp/>André<sp/>Rodrigues<sp/>Soares<sp/>@a93286;</highlight></codeline>
<codeline><highlight class="normal"><sp/><sp/><sp/><sp/>-<sp/>Miguel<sp/>Ângelo<sp/>Machado<sp/>Martins<sp/>@a93280;</highlight></codeline>
    </programlisting>
    <location file="README.md"/>
  </compounddef>
</doxygen>
