<?xml version='1.0' encoding='UTF-8' standalone='no'?>
<doxygen xmlns:xsi="http://www.w3.org/2001/XMLSchema-instance" xsi:noNamespaceSchemaLocation="compound.xsd" version="1.8.13">
  <compounddef id="structESTADO" kind="struct" language="C++" prot="public">
    <compoundname>ESTADO</compoundname>
    <includes refid="bot_2dados_8h" local="no">dados.h</includes>
      <sectiondef kind="user-defined">
      <memberdef kind="variable" id="structESTADO_1ae03c399b73d7a92d7f7ced83e91e5b6f" prot="public" static="no" mutable="no">
        <type>CASA</type>
        <definition>CASA ESTADO::tab</definition>
        <argsstring>[8][8]</argsstring>
        <name>tab</name>
        <briefdescription>
        </briefdescription>
        <detaileddescription>
<para>O tabuleiro </para>        </detaileddescription>
        <inbodydescription>
        </inbodydescription>
        <location file="bot/dados.h" line="73" column="1" bodyfile="bot/dados.h" bodystart="73" bodyend="-1"/>
      </memberdef>
      <memberdef kind="variable" id="structESTADO_1afae43b87a488fad0f2b56a18bad31d18" prot="public" static="no" mutable="no">
        <type>JOGADAS</type>
        <definition>JOGADAS ESTADO::jogadas</definition>
        <argsstring></argsstring>
        <name>jogadas</name>
        <briefdescription>
        </briefdescription>
        <detaileddescription>
<para>As jogadas </para>        </detaileddescription>
        <inbodydescription>
        </inbodydescription>
        <location file="bot/dados.h" line="74" column="1" bodyfile="bot/dados.h" bodystart="74" bodyend="-1"/>
      </memberdef>
      <memberdef kind="variable" id="structESTADO_1a261495728744647e618b4e623f5a4b7a" prot="public" static="no" mutable="no">
        <type>int</type>
        <definition>int ESTADO::num_jogadas</definition>
        <argsstring></argsstring>
        <name>num_jogadas</name>
        <briefdescription>
        </briefdescription>
        <detaileddescription>
<para>O número das jogadas, usado no prompt </para>        </detaileddescription>
        <inbodydescription>
        </inbodydescription>
        <location file="bot/dados.h" line="75" column="1" bodyfile="bot/dados.h" bodystart="75" bodyend="-1"/>
      </memberdef>
      <memberdef kind="variable" id="structESTADO_1a5dd28e2e68b7aef2b6b7ea88e02eff58" prot="public" static="no" mutable="no">
        <type>int</type>
        <definition>int ESTADO::jogador_atual</definition>
        <argsstring></argsstring>
        <name>jogador_atual</name>
        <briefdescription>
        </briefdescription>
        <detaileddescription>
<para>O jogador atual </para>        </detaileddescription>
        <inbodydescription>
        </inbodydescription>
        <location file="bot/dados.h" line="76" column="1" bodyfile="bot/dados.h" bodystart="76" bodyend="-1"/>
      </memberdef>
      <memberdef kind="variable" id="structESTADO_1adf1064dfc09145b6995a7897249f1674" prot="public" static="no" mutable="no">
        <type>int</type>
        <definition>int ESTADO::num_comando</definition>
        <argsstring></argsstring>
        <name>num_comando</name>
        <briefdescription>
        </briefdescription>
        <detaileddescription>
<para>O nº de comando, usado no prompt </para>        </detaileddescription>
        <inbodydescription>
        </inbodydescription>
        <location file="bot/dados.h" line="77" column="1" bodyfile="bot/dados.h" bodystart="77" bodyend="-1"/>
      </memberdef>
      <memberdef kind="variable" id="structESTADO_1a4896a5c5c1f40b43fb795623327e3f47" prot="public" static="no" mutable="no">
        <type><ref refid="structCOORDENADA" kindref="compound">COORDENADA</ref></type>
        <definition>COORDENADA ESTADO::ultima_jogada</definition>
        <argsstring></argsstring>
        <name>ultima_jogada</name>
        <briefdescription>
        </briefdescription>
        <detaileddescription>
<para>A coordenada da última jogada </para>        </detaileddescription>
        <inbodydescription>
        </inbodydescription>
        <location file="bot/dados.h" line="78" column="1" bodyfile="bot/dados.h" bodystart="78" bodyend="-1"/>
      </memberdef>
      </sectiondef>
    <briefdescription>
<para>Tipo de dados para o estado. </para>    </briefdescription>
    <detaileddescription>
<para>brief Tipo de dados para o estado </para>    </detaileddescription>
    <collaborationgraph>
      <node id="5">
        <label>JOGADA</label>
        <link refid="structJOGADA"/>
        <childnode refid="4" relation="usage">
          <edgelabel>jogador1</edgelabel>
          <edgelabel>jogador2</edgelabel>
        </childnode>
      </node>
      <node id="4">
        <label>COORDENADA</label>
        <link refid="structCOORDENADA"/>
      </node>
      <node id="3">
        <label>ESTADO</label>
        <link refid="structESTADO"/>
        <childnode refid="4" relation="usage">
          <edgelabel>ultima_jogada</edgelabel>
        </childnode>
        <childnode refid="5" relation="usage">
          <edgelabel>jogadas</edgelabel>
        </childnode>
      </node>
    </collaborationgraph>
    <location file="bot/dados.h" line="71" column="1" bodyfile="bot/dados.h" bodystart="71" bodyend="80"/>
    <listofallmembers>
      <member refid="structESTADO_1afae43b87a488fad0f2b56a18bad31d18" prot="public" virt="non-virtual"><scope>ESTADO</scope><name>jogadas</name></member>
      <member refid="structESTADO_1a5dd28e2e68b7aef2b6b7ea88e02eff58" prot="public" virt="non-virtual"><scope>ESTADO</scope><name>jogador_atual</name></member>
      <member refid="structESTADO_1adf1064dfc09145b6995a7897249f1674" prot="public" virt="non-virtual"><scope>ESTADO</scope><name>num_comando</name></member>
      <member refid="structESTADO_1a261495728744647e618b4e623f5a4b7a" prot="public" virt="non-virtual"><scope>ESTADO</scope><name>num_jogadas</name></member>
      <member refid="structESTADO_1ae03c399b73d7a92d7f7ced83e91e5b6f" prot="public" virt="non-virtual"><scope>ESTADO</scope><name>tab</name></member>
      <member refid="structESTADO_1a4896a5c5c1f40b43fb795623327e3f47" prot="public" virt="non-virtual"><scope>ESTADO</scope><name>ultima_jogada</name></member>
    </listofallmembers>
  </compounddef>
</doxygen>
