<?xml version='1.0' encoding='UTF-8' standalone='no'?>
<doxygen xmlns:xsi="http://www.w3.org/2001/XMLSchema-instance" xsi:noNamespaceSchemaLocation="compound.xsd" version="1.8.13">
  <compounddef id="structCOORDENADA" kind="struct" language="C++" prot="public">
    <compoundname>COORDENADA</compoundname>
    <includes refid="bot_2dados_8h" local="no">dados.h</includes>
      <sectiondef kind="user-defined">
      <memberdef kind="variable" id="structCOORDENADA_1adfbc8d4856ce807139fdf62e00aed29a" prot="public" static="no" mutable="no">
        <type>int</type>
        <definition>int COORDENADA::coluna</definition>
        <argsstring></argsstring>
        <name>coluna</name>
        <briefdescription>
        </briefdescription>
        <detaileddescription>
<para>Coluna da coordenada </para>        </detaileddescription>
        <inbodydescription>
        </inbodydescription>
        <location file="bot/dados.h" line="45" column="1" bodyfile="bot/dados.h" bodystart="45" bodyend="-1"/>
      </memberdef>
      <memberdef kind="variable" id="structCOORDENADA_1aefe14bcc5a066ac3b21500cc3d28c06f" prot="public" static="no" mutable="no">
        <type>int</type>
        <definition>int COORDENADA::linha</definition>
        <argsstring></argsstring>
        <name>linha</name>
        <briefdescription>
        </briefdescription>
        <detaileddescription>
<para>Linha da coordenada </para>        </detaileddescription>
        <inbodydescription>
        </inbodydescription>
        <location file="bot/dados.h" line="46" column="1" bodyfile="bot/dados.h" bodystart="46" bodyend="-1"/>
      </memberdef>
      </sectiondef>
    <briefdescription>
<para>Tipo de dados para as coordenadas. </para>    </briefdescription>
    <detaileddescription>
<para>brief Tipo de dados para as coordenadas </para>    </detaileddescription>
    <location file="bot/dados.h" line="43" column="1" bodyfile="bot/dados.h" bodystart="43" bodyend="48"/>
    <listofallmembers>
      <member refid="structCOORDENADA_1adfbc8d4856ce807139fdf62e00aed29a" prot="public" virt="non-virtual"><scope>COORDENADA</scope><name>coluna</name></member>
      <member refid="structCOORDENADA_1aefe14bcc5a066ac3b21500cc3d28c06f" prot="public" virt="non-virtual"><scope>COORDENADA</scope><name>linha</name></member>
    </listofallmembers>
  </compounddef>
</doxygen>
