<?xml version='1.0' encoding='UTF-8' standalone='no'?>
<doxygen xmlns:xsi="http://www.w3.org/2001/XMLSchema-instance" xsi:noNamespaceSchemaLocation="compound.xsd" version="1.8.13">
  <compounddef id="dir_7e5d7e004b344f685f59d01929914aa0" kind="dir">
    <compoundname>projeto</compoundname>
    <innerfile refid="projeto_2dados_8c">dados.c</innerfile>
    <innerfile refid="projeto_2dados_8h">dados.h</innerfile>
    <innerfile refid="projeto_2interface_8c">interface.c</innerfile>
    <innerfile refid="projeto_2interface_8h">interface.h</innerfile>
    <innerfile refid="lista_8c">lista.c</innerfile>
    <innerfile refid="lista_8h">lista.h</innerfile>
    <innerfile refid="projeto_2logica_8c">logica.c</innerfile>
    <innerfile refid="projeto_2logica_8h">logica.h</innerfile>
    <innerfile refid="main_8c">main.c</innerfile>
    <briefdescription>
    </briefdescription>
    <detaileddescription>
    </detaileddescription>
    <location file="projeto/"/>
  </compounddef>
</doxygen>
